StartDate,EndDate,Status,IPAddress,Progress,Duration (in seconds),Finished,RecordedDate,ResponseId,RecipientLastName,RecipientFirstName,RecipientEmail,ExternalReference,LocationLatitude,LocationLongitude,DistributionChannel,UserLanguage,Last Seen Flow Element ID,Last Seen Question IDs,Q145,consent,v_921,t_v_921_First Click,t_v_921_Last Click,t_v_921_Page Submit,t_v_921_Click Count,gA_921_ab,gB_921_ab,l_921_ab,a_921_ab,t_r_921_First Click,t_r_921_Last Click,t_r_921_Page Submit,t_r_921_Click Count,v_3731,t_v_3731_First Click,t_v_3731_Last Click,t_v_3731_Page Submit,t_v_3731_Click Count,gA_3731_ba,gB_3731_ba,l_3731_ba,a_3731_ba,t_r_3731_First Click,t_r_3731_Last Click,t_r_3731_Page Submit,t_r_3731_Click Count,v_1084,t_v_1084_First Click,t_v_1084_Last Click,t_v_1084_Page Submit,t_v_1084_Click Count,gA_1084_ab,gB_1084_ab,l_1084_ab,a_1084_ab,t_r_1084_First Click,t_r_1084_Last Click,t_r_1084_Page Submit,t_r_1084_Click Count,v_939,t_v_939_First Click,t_v_939_Last Click,t_v_939_Page Submit,t_v_939_Click Count,gA_939_ba,gB_939_ba,l_939_ba,a_939_ba,t_r_939_First Click,t_r_939_Last Click,t_r_939_Page Submit,t_r_939_Click Count,v_607,t_v_607_First Click,t_v_607_Last Click,t_v_607_Page Submit,t_v_607_Click Count,gA_607_ab,gB_607_ab,l_607_ab,a_607_ab,t_r_607_First Click,t_r_607_Last Click,t_r_607_Page Submit,t_r_607_Click Count,v_3488,t_v_3488_First Click,t_v_3488_Last Click,t_v_3488_Page Submit,t_v_3488_Click Count,gA_3488_ba,gB_3488_ba,l_3488_ba,a_3488_ba,t_r_3488_First Click,t_r_3488_Last Click,t_r_3488_Page Submit,t_r_3488_Click Count,v_687,t_v_687_First Click,t_v_687_Last Click,t_v_687_Page Submit,t_v_687_Click Count,gA_687_ab,gB_687_ab,l_687_ab,a_687_ab,t_r_687_First Click,t_r_687_Last Click,t_r_687_Page Submit,t_r_687_Click Count,v_2276,t_v_2276_First Click,t_v_2276_Last Click,t_v_2276_Page Submit,t_v_2276_Click Count,gA_2276_ba,gB_2276_ba,l_2276_ba,a_2276_ba,t_r_2276_First Click,t_r_2276_Last Click,t_r_2276_Page Submit,t_r_2276_Click Count,v_1073,t_v_1073_First Click,t_v_1073_Last Click,t_v_1073_Page Submit,t_v_1073_Click Count,gA_1073_ab,gB_1073_ab,l_1073_ab,a_1073_ab,t_r_1073_First Click,t_r_1073_Last Click,t_r_1073_Page Submit,t_r_1073_Click Count,v_3804,t_v_3804_First Click,t_v_3804_Last Click,t_v_3804_Page Submit,t_v_3804_Click Count,gA_3804_ba,gB_3804_ba,l_3804_ba,a_3804_ba,t_r_3804_First Click,t_r_3804_Last Click,t_r_3804_Page Submit,t_r_3804_Click Count,v_2710,t_v_2710_First Click,t_v_2710_Last Click,t_v_2710_Page Submit,t_v_2710_Click Count,gA_2710_ab,gB_2710_ab,l_2710_ab,a_2710_ab,t_r_2710_First Click,t_r_2710_Last Click,t_r_2710_Page Submit,t_r_2710_Click Count,v_1672,t_v_1672_First Click,t_v_1672_Last Click,t_v_1672_Page Submit,t_v_1672_Click Count,gA_1672_ba,gB_1672_ba,l_1672_ba,a_1672_ba,t_r_1672_First Click,t_r_1672_Last Click,t_r_1672_Page Submit,t_r_1672_Click Count,v_2937,t_v_2937_First Click,t_v_2937_Last Click,t_v_2937_Page Submit,t_v_2937_Click Count,gA_2937_ab,gB_2937_ab,l_2937_ab,a_2937_ab,t_r_2937_First Click,t_r_2937_Last Click,t_r_2937_Page Submit,t_r_2937_Click Count,v_787,t_v_787_First Click,t_v_787_Last Click,t_v_787_Page Submit,t_v_787_Click Count,gA_787_ba,gB_787_ba,l_787_ba,a_787_ba,t_r_787_First Click,t_r_787_Last Click,t_r_787_Page Submit,t_r_787_Click Count,v_3920,t_v_3920_First Click,t_v_3920_Last Click,t_v_3920_Page Submit,t_v_3920_Click Count,gA_3920_ab,gB_3920_ab,l_3920_ab,a_3920_ab,t_r_3920_First Click,t_r_3920_Last Click,t_r_3920_Page Submit,t_r_3920_Click Count,v_2291,t_v_2291_First Click,t_v_2291_Last Click,t_v_2291_Page Submit,t_v_2291_Click Count,gA_2291_ba,gB_2291_ba,l_2291_ba,a_2291_ba,t_r_2291_First Click,t_r_2291_Last Click,t_r_2291_Page Submit,t_r_2291_Click Count,v_1030,t_v_1030_First Click,t_v_1030_Last Click,t_v_1030_Page Submit,t_v_1030_Click Count,gA_1030_ab,gB_1030_ab,l_1030_ab,a_1030_ab,t_r_1030_First Click,t_r_1030_Last Click,t_r_1030_Page Submit,t_r_1030_Click Count,v_246,t_v_246_First Click,t_v_246_Last Click,t_v_246_Page Submit,t_v_246_Click Count,gA_246_ba,gB_246_ba,l_246_ba,a_246_ba,t_r_246_First Click,t_r_246_Last Click,t_r_246_Page Submit,t_r_246_Click Count,v_1317,t_v_1317_First Click,t_v_1317_Last Click,t_v_1317_Page Submit,t_v_1317_Click Count,gA_1317_ab,gB_1317_ab,l_1317_ab,a_1317_ab,t_r_1317_First Click,t_r_1317_Last Click,t_r_1317_Page Submit,t_r_1317_Click Count,v_24,t_v_24_First Click,t_v_24_Last Click,t_v_24_Page Submit,t_v_24_Click Count,gA_24_ba,gB_24_ba,l_24_ba,a_24_ba,t_r_24_First Click,t_r_24_Last Click,t_r_24_Page Submit,t_r_24_Click Count,outro_paraphrase,PROLIFIC_PID,Create New Field or Choose From Dropdown...
Start Date,End Date,Response Type,IP Address,Progress,Duration (in seconds),Finished,Recorded Date,Response ID,Recipient Last Name,Recipient First Name,Recipient Email,External Data Reference,Location Latitude,Location Longitude,Distribution Channel,User Language,Last Seen Flow Element ID,Last Seen Question IDs,What is your Prolific ID?,"[IRB protocol redacted]. Principal Investigator: [PI redacted]. Version date: 2026.08.13.

Consent to Participate in Research
Study: Evaluating Advice Responses to Interpersonal Disagreements

PI: [PI redacted] ([Institution redacted])


You are invited to take part in a research study on how people evaluate advice about interpersonal disagreements. Participation is voluntary. You may skip questions or stop at any time without penalty.


What you will do. This online survey takes about 8–12 minutes. You will read 5 short situations (lightly edited posts from a public advice forum), say whether you think the writer was in the wrong, read two unlabeled advice responses, and rate those responses. 


Risks & benefits. Risks are minimal (possible mild discomfort reading about conflict or critical advice; small confidentiality risk, minimized by secure storage and de-identified analysis). There are no guaranteed direct benefits; your responses may help research on advice and constructive communication.


Payment. You will be paid $2.50 for completing the survey in full (about 8–12 minutes). If you do not consent, fail required attention checks, or return the Prolific submission without completing, you may not receive full payment (per platform rules).


Privacy. Data are analyzed in de-identified form. Prolific IDs may be used only for payment and data-quality review and will not be shared in public deposits. De-identified data may be shared for research transparency (e.g., OSF). Data will not be used to train AI models. The survey platform may record interaction timing for research and data quality.


Questions or concerns. Contact [PI redacted] at [PI email redacted] or [phone redacted]. For questions about your rights as a research participant, contact the [IRB redacted] at [phone redacted] or [IRB email redacted].


Statement of consent. Being in this study is completely voluntary. Please indicate whether you consent to participate and to having your de-identified data included in analyses for research purposes. Please save or print a copy of this page for your records.","SituationAm I wrong for telling our 6 year old her dog ""de-aged"" rather than died? Our daughter has little concept of death. She knows what it is but has never experienced it. That is until our family dog passed at 12 years old, a little Cairn runt. She wasn't sick, or in pain or injured, it was just her time I suppose. She passed in her sleep, laying in front of our fridge.

We decided to get another puppy right away, my husband organized it in under 24 hours. He came home with a little Cairn puppy, only 10 weeks old. Same color and everything. We surprised our daughter but made it out as if we were also surprised. We explained her dog de-aged back to a puppy. We even decided to name the dog the same name. Our daughter bought it and after two weeks hasn't questioned anything.

My parents think we're setting her up for a very difficult conversation when she gets older and a skewed sense of death. On the other hand, we don't know how to approach this topic because she truly loved the dog to no end. We don't see what we've done as negative, but we'll refer to this sub for judgment.Do you think the writer was in the wrong?",Timing - First Click,Timing - Last Click,Timing - Page Submit,Timing - Click Count,"SituationAm I wrong for telling our 6 year old her dog ""de-aged"" rather than died? Our daughter has little concept of death. She knows what it is but has never experienced it. That is until our family dog passed at 12 years old, a little Cairn runt. She wasn't sick, or in pain or injured, it was just her time I suppose. She passed in her sleep, laying in front of our fridge.

We decided to get another puppy right away, my husband organized it in under 24 hours. He came home with a little Cairn puppy, only 10 weeks old. Same color and everything. We surprised our daughter but made it out as if we were also surprised. We explained her dog de-aged back to a puppy. We even decided to name the dog the same name. Our daughter bought it and after two weeks hasn't questioned anything.

My parents think we're setting her up for a very difficult conversation when she gets older and a skewed sense of death. On the other hand, we don't know how to approach this topic because she truly loved the dog to no end. We don't see what we've done as negative, but we'll refer to this sub for judgment.You can re-read the situation above while evaluating the responses.Here are two responses to the writer.Response AYou're in the wrong. Not only are you setting your daughter up for all sorts of problems, you're disrespecting the 12 years you had with the original dog. Was the dog not a valued member of your family that you can just replace her and pretend it's the same dog? And all of this because you don't know how to talk to your daughter about a tough subject? What's going to happen when you need to discuss sex or drugs? Or when a grandparent dies and she wonders why they didn't just ""de-age"" like the dog? And when she inevitably does find out the truth she won't trust you or believe what you say anymore. Grow up and be a d*** parent.Response BYou're in the wrong. It sounds like you were trying to spare your daughter the pain of losing a dog she loved. But replacing the dog and telling her it ""de-aged"" is likely to create more confusion and hurt later. It also overlooks the 12 years you had with the original dog, who was a valued family member in her own right.

Children need age-appropriate, honest explanations of death, even when those conversations are difficult. Otherwise, when a grandparent dies or another hard subject comes up, she may reasonably wonder why they cannot ""de-age"" too. When she learns what happened, her trust in what you tell her may be damaged. Talk to her honestly now, apologize for the story, and help her grieve the dog she lost.Overall, how good is each response?Rate each response:Response A",Response B,Which response do you think the writer would be more likely to listen to?,"If you had a personal problem of your own, which of these two commenters would you rather get advice from?",Timing - First Click,Timing - Last Click,Timing - Page Submit,Timing - Click Count,"SituationWould I be wrong for not ending overseas vacation with my family early to go home to partner who's family member died? My wife's father is very sick and I have vacation planned with siblings and own parents. We don't ever really go on holidays and my own parents are ageing and it is just the family no partners.
My sister mentioned it would be unfortunate if I had to fly back if her father died.
I was confused as to why I would have to do that and my sister seemed pretty shocked I wouldn't be there for my partner.

The way I see it is I couldn't do anything here or there if he passed. If my partner asked me to of course I would, but if they didn't ask I wouldn't.

I don't really want to ask my wife for fear or the appalled reaction I got from my sister. If I ask her about it she will know I'd just come back because she asked not because I believe it's the right thing to do.

Would I be wrong if I didn't return from weeks long holiday to be with grieving partner?Do you think the writer was in the wrong?",Timing - First Click,Timing - Last Click,Timing - Page Submit,Timing - Click Count,"SituationWould I be wrong for not ending overseas vacation with my family early to go home to partner who's family member died? My wife's father is very sick and I have vacation planned with siblings and own parents. We don't ever really go on holidays and my own parents are ageing and it is just the family no partners.
My sister mentioned it would be unfortunate if I had to fly back if her father died.
I was confused as to why I would have to do that and my sister seemed pretty shocked I wouldn't be there for my partner.

The way I see it is I couldn't do anything here or there if he passed. If my partner asked me to of course I would, but if they didn't ask I wouldn't.

I don't really want to ask my wife for fear or the appalled reaction I got from my sister. If I ask her about it she will know I'd just come back because she asked not because I believe it's the right thing to do.

Would I be wrong if I didn't return from weeks long holiday to be with grieving partner?You can re-read the situation above while evaluating the responses.Here are two responses to the writer.Response AYou're in the wrong. I understand where you are coming from: you feel there may be nothing practical you can do if your wife's father dies. But being physically present is emotional support, especially while she is grieving a parent. You should return home to be with her.Response BYou're in the wrong. It's weird to me that you went on a vacation with your family and excluded your SO to begin with. But if her father passes, yes, you need to go home and be with her! What do you mean by ""there's nothing you could do there?"" You would be there for emotional support I would hope. Do you care about her at all? This reads like you don't even love her. Certainly lacks empathy.Overall, how good is each response?Rate each response:Response A",Response B,Which response do you think the writer would be more likely to listen to?,"If you had a personal problem of your own, which of these two commenters would you rather get advice from?",Timing - First Click,Timing - Last Click,Timing - Page Submit,Timing - Click Count,"SituationAm I wrong for yelling out to a guy for taking photos of a house? I was waiting at the bus stop this morning at 7:30am with about half a dozen commuters when a guy in a hooded jacket and slacks, who could have been waiting as well, walks over to a nearby house and starts staring at it for ~30sec. Then he pulls out his phone and starts taking pictures of their front yard and fence.

I know for a fact this guy does not live there, because I watched the family move in last year. The photos strike me as super creepy behaviour and around about his third snap, I loudly call out to him:

""Hey mate, don't take pictures of peoples' houses! It's creepy!""

I fully intended to publically shame him into stopping, drawning attention to him from the others at the bus stop. He says something about gardens and wanders back over to the bus stop. My bus arrives not a minute later and I leave.

Did I overreact? Am I contributing to a culture of overzealous suspicion? Was I in the wrong?Do you think the writer was in the wrong?",Timing - First Click,Timing - Last Click,Timing - Page Submit,Timing - Click Count,"SituationAm I wrong for yelling out to a guy for taking photos of a house? I was waiting at the bus stop this morning at 7:30am with about half a dozen commuters when a guy in a hooded jacket and slacks, who could have been waiting as well, walks over to a nearby house and starts staring at it for ~30sec. Then he pulls out his phone and starts taking pictures of their front yard and fence.

I know for a fact this guy does not live there, because I watched the family move in last year. The photos strike me as super creepy behaviour and around about his third snap, I loudly call out to him:

""Hey mate, don't take pictures of peoples' houses! It's creepy!""

I fully intended to publically shame him into stopping, drawning attention to him from the others at the bus stop. He says something about gardens and wanders back over to the bus stop. My bus arrives not a minute later and I leave.

Did I overreact? Am I contributing to a culture of overzealous suspicion? Was I in the wrong?You can re-read the situation above while evaluating the responses.Here are two responses to the writer.Response AYou're in the wrong. Jesus. You don't know why he took the pictures. Maybe he grew up there as a kid. Maybe he's an artist. Maybe he liked the flowers. Does it even matter? People walk past that house and look at it every f****** day. The house is on Google Street view. Or still on some real estate website. There's nothing private about the outside of a f****** house.
And 'creepy'? Jesus. You think this guy's going to jerk off at home to some pictures of a house? You're the creep here.Response BYou're in the wrong. I get that seeing a stranger photograph a nearby house made you concerned for the family, but you did not know why he was taking the pictures. He may have grown up there, been interested in the garden, or been taking reference photos as an artist. The exterior of a house is visible to everyone walking by, and it may already appear on Street View or real-estate listings. Publicly shaming him based on an assumption was an overreaction.Overall, how good is each response?Rate each response:Response A",Response B,Which response do you think the writer would be more likely to listen to?,"If you had a personal problem of your own, which of these two commenters would you rather get advice from?",Timing - First Click,Timing - Last Click,Timing - Page Submit,Timing - Click Count,"SituationAm I wrong for telling our 4 year old son that Santa doesn't actually exist? So I'm 27 my wife is 26 and our son is 4. Now let me just preface this by saying I was told by my parents at a very young age and I've always felt that I'd do the same for my kids. Our son loves Christmas and always goes crazy with excitement. So up until now I've gone along with my wife on it. Out Well a couple nights ago it was just our son and I home at night, my wife was out with her friends. We were on the couch together and he saw a santa commercial and he was like ohh Santa, Santa soon and I saw it as an opportunity to tell him the truth about the holiday. He then started getting upset about it and I tried calming him down telling him that he will still get everything that he wants. I didn't see the problem with it because I was being honest with him and I don't wanna deceive him. A couple hours later my wife comes home and of course he runs over to her and tells her about it. She was furious with me about it, but I told her that I felt it's justified because I'm being honest with our son. Am I wrong?Do you think the writer was in the wrong?",Timing - First Click,Timing - Last Click,Timing - Page Submit,Timing - Click Count,"SituationAm I wrong for telling our 4 year old son that Santa doesn't actually exist? So I'm 27 my wife is 26 and our son is 4. Now let me just preface this by saying I was told by my parents at a very young age and I've always felt that I'd do the same for my kids. Our son loves Christmas and always goes crazy with excitement. So up until now I've gone along with my wife on it. Out Well a couple nights ago it was just our son and I home at night, my wife was out with her friends. We were on the couch together and he saw a santa commercial and he was like ohh Santa, Santa soon and I saw it as an opportunity to tell him the truth about the holiday. He then started getting upset about it and I tried calming him down telling him that he will still get everything that he wants. I didn't see the problem with it because I was being honest with him and I don't wanna deceive him. A couple hours later my wife comes home and of course he runs over to her and tells her about it. She was furious with me about it, but I told her that I felt it's justified because I'm being honest with our son. Am I wrong?You can re-read the situation above while evaluating the responses.Here are two responses to the writer.Response AYou're in the wrong. It sounds like you wanted to be honest with your son and avoid deceiving him. But telling him Santa is not real was a parenting decision you and your wife needed to make together, especially when she had been participating in the tradition with him. At four, he was clearly enjoying the excitement of Christmas, and telling him alone shortly before the holiday took that experience away from him without your wife's input.Response BHuuuuuge You're in the wrong. If you and your wife had talked about telling your son of Santa's non-existence beforehand, that would be one thing. But you were a d*** and decided to go behind your wife's back and essentially ruin your child's innocence like a week before Christmas. What a horribly s***** thing to do.Overall, how good is each response?Rate each response:Response A",Response B,Which response do you think the writer would be more likely to listen to?,"If you had a personal problem of your own, which of these two commenters would you rather get advice from?",Timing - First Click,Timing - Last Click,Timing - Page Submit,Timing - Click Count,"SituationAm I wrong for openly disapproving of sisters boyfriend? My sister is 19 and dating a broke very immature 27 yo guy still in college. I feel sick thinking about it, as do the rest of my family, although I think it bothers me the most. I've openly told her he's a perverted loser and she should find someone better, and said to the guy he disgusts me and my family no end. This understandably has upset my sister, although of course she thinks I'm saying it out of meanness instead of wanting better for her. Am I wrong for here for trying to get her out of a pointless relationship?

I'm going to fully admit it as well, although his age was off putting if he was into a proper career I could just about look past it. Also I'm 22 and 18yos (although not date obviously) I have absolutely nothing in common with, which I know is hypocritical but I don't care about them like my sister.Do you think the writer was in the wrong?",Timing - First Click,Timing - Last Click,Timing - Page Submit,Timing - Click Count,"SituationAm I wrong for openly disapproving of sisters boyfriend? My sister is 19 and dating a broke very immature 27 yo guy still in college. I feel sick thinking about it, as do the rest of my family, although I think it bothers me the most. I've openly told her he's a perverted loser and she should find someone better, and said to the guy he disgusts me and my family no end. This understandably has upset my sister, although of course she thinks I'm saying it out of meanness instead of wanting better for her. Am I wrong for here for trying to get her out of a pointless relationship?

I'm going to fully admit it as well, although his age was off putting if he was into a proper career I could just about look past it. Also I'm 22 and 18yos (although not date obviously) I have absolutely nothing in common with, which I know is hypocritical but I don't care about them like my sister.You can re-read the situation above while evaluating the responses.Here are two responses to the writer.Response AHas he done anything wrong besides be in college at 27? You don't know what circumstances may have lead to him still being there. He could have not had the money to do it at a younger age.

Why is he a ""perverted loser""? Has he even done anything perverted to deserve that?

You're in the wrong. Because you sound judgmental as f***. Tell us more about how successful you are, you amazing 22 year old.Response BYou're in the wrong. I understand that you want better for your sister and are worried about the age gap, but you have not described anything he has done wrong beyond being 27 and still in college. There may be circumstances that led him to attend school later, including not having the money earlier.

You also have not said what makes him a ""perverted loser"" or whether he has actually done anything perverted. Calling him names and treating him as beneath your sister comes across as judgmental, not protective.Overall, how good is each response?Rate each response:Response A",Response B,Which response do you think the writer would be more likely to listen to?,"If you had a personal problem of your own, which of these two commenters would you rather get advice from?",Timing - First Click,Timing - Last Click,Timing - Page Submit,Timing - Click Count,"SituationAm I wrong for ignoring reserved parking signs at super markets? So this one is pretty stupid I apologize. I work in food and bev distribution which means I visit several grocery stores daily. I began to get annoyed when I noticed they all seem to have reserved parking for just about everybody. Shop from home customers only, veterans only, expectant mothers only, mothers with small children, etc. Now with the exception of handicap parking, I decided these were all nonsense and cheap pr stunts, and thus started parking where ever I found a spot. These spots are nearly always open and noone seems to miss them.

A woman finally called me out for parking in the pregnant woman spot to which I said ""ok"" and basically ignored her. Now I know I'm in the wrong here I guess, but am I correct in it not being a big deal and a nonsense pr thing, or am I really just A total jerk?Do you think the writer was in the wrong?",Timing - First Click,Timing - Last Click,Timing - Page Submit,Timing - Click Count,"SituationAm I wrong for ignoring reserved parking signs at super markets? So this one is pretty stupid I apologize. I work in food and bev distribution which means I visit several grocery stores daily. I began to get annoyed when I noticed they all seem to have reserved parking for just about everybody. Shop from home customers only, veterans only, expectant mothers only, mothers with small children, etc. Now with the exception of handicap parking, I decided these were all nonsense and cheap pr stunts, and thus started parking where ever I found a spot. These spots are nearly always open and noone seems to miss them.

A woman finally called me out for parking in the pregnant woman spot to which I said ""ok"" and basically ignored her. Now I know I'm in the wrong here I guess, but am I correct in it not being a big deal and a nonsense pr thing, or am I really just A total jerk?You can re-read the situation above while evaluating the responses.Here are two responses to the writer.Response AYou're in the wrong. I see why reserved spots that often sit empty can feel like a cheap PR stunt. But they serve practical purposes: shop-from-home spaces support quick curbside pickup, and spaces for parents with young children can make it safer to manage groceries and children in a parking lot. Pregnancy can also make walking longer distances difficult. Using those spaces when you do not need them makes pickup and shopping harder for the people they are intended to help.Response BYou're in the wrong.

Shop from home: they're just picking it up, quick in out. Reserved spot is like for curb side pick up.

With young children: It's a safety concern to have young kids running around a parking lot as their parents have lots of groceries and can't always hold onto them.

Pregnant woman: really dude? This is self-explanatory. You carry a fetus and see how much you like walking around.

Stop trying to be an edgy d***.Overall, how good is each response?Rate each response:Response A",Response B,Which response do you think the writer would be more likely to listen to?,"If you had a personal problem of your own, which of these two commenters would you rather get advice from?",Timing - First Click,Timing - Last Click,Timing - Page Submit,Timing - Click Count,"SituationAm I wrong for telling my cousin she can't play a Sister of Battle in Deathwatch? Throwaway because she knows my main.

I run a Deathwatch campaign every Saturday night for me and four of my friends, all dudes. Beer and pizza and locker room talk sort of nights. My cousin's interested in joining, which is cool, but doesn't want to play as a male character. All Space Marines are male, that's how the lore works. She found some articles about converting Sisters of Battle from Dark Heresy to Deathwatch and even suggested how to incorporate it, but I refused, saying it broke suspension of disbelief that someone with no mutations could hold their own side by side with the genetically modified Space Marines. Nothing sexist, just playing a very lore-heavy game and this would absolutely break with the lore. I offered to let her play a Space Marine with pink armor which should be just as good, but she yelled at me and stormed off. It's a dealbreaker to her if she can't play a Sister of Battle or similar female character, which I don't understand. I've never thrown a fit over not being able to play a male character, and Space Marines are beyond gender, transformed into sexless Angels of Death.

Am I in the wrong here?Do you think the writer was in the wrong?",Timing - First Click,Timing - Last Click,Timing - Page Submit,Timing - Click Count,"SituationAm I wrong for telling my cousin she can't play a Sister of Battle in Deathwatch? Throwaway because she knows my main.

I run a Deathwatch campaign every Saturday night for me and four of my friends, all dudes. Beer and pizza and locker room talk sort of nights. My cousin's interested in joining, which is cool, but doesn't want to play as a male character. All Space Marines are male, that's how the lore works. She found some articles about converting Sisters of Battle from Dark Heresy to Deathwatch and even suggested how to incorporate it, but I refused, saying it broke suspension of disbelief that someone with no mutations could hold their own side by side with the genetically modified Space Marines. Nothing sexist, just playing a very lore-heavy game and this would absolutely break with the lore. I offered to let her play a Space Marine with pink armor which should be just as good, but she yelled at me and stormed off. It's a dealbreaker to her if she can't play a Sister of Battle or similar female character, which I don't understand. I've never thrown a fit over not being able to play a male character, and Space Marines are beyond gender, transformed into sexless Angels of Death.

Am I in the wrong here?You can re-read the situation above while evaluating the responses.Here are two responses to the writer.Response AYou're in the wrong.

Taking about suspension of disbelief when you're being Space Marines?

She's researched her character and you dismissed it out of hand.

Sounds to me that you just don't want her to play. Do you think she'll spoil your fun? Is it just a testosterone fest when you play?

And pink armour would be the same as playing a female character? Wtf?

Maybe having a new character who is different could really make the whole thing more interesting and give it more levels.

At the end you said everyone is a sexless angel of death anyway, so are they all male or not? Make up your mind.Response BYou're in the wrong. It sounds like you want to keep the campaign faithful to the lore, but your cousin researched a way to adapt a Sister of Battle character and you dismissed it out of hand.

Pink armor is not the same as letting her play a female character. A different kind of character could also make the campaign more interesting and add new dimensions to the group.

You also describe Space Marines as sexless Angels of Death, so treating a female character as uniquely immersion-breaking seems inconsistent.Overall, how good is each response?Rate each response:Response A",Response B,Which response do you think the writer would be more likely to listen to?,"If you had a personal problem of your own, which of these two commenters would you rather get advice from?",Timing - First Click,Timing - Last Click,Timing - Page Submit,Timing - Click Count,"SituationAm I wrong for making my daughter visit my new wife's family for Christmas? I got married over the summer, and while my daughter is friendly with her new step mom, she hasn't gotten too close and hasn't wanted to bond. She threw a fit when we went to visit my wife's extended family for Thanksgiving, but in the end she was fine. She hung out with my wife's nieces and nephews and actually seemed to be enjoying herself.

Fast forward to now, she's again throwing a fit about visiting extended family, saying that I should be happy she went for Thanksgiving, and that asking her to go for Christmas is asking too much. I haven't really seen it as asking her for a favor, though; this is spending time with our new family, a nice change to past Christmases where it was just the two of us. I guess I'm having trouble understanding why this is such a big deal for her, and I'm wondering if I'm TA as my daughter thinks.Do you think the writer was in the wrong?",Timing - First Click,Timing - Last Click,Timing - Page Submit,Timing - Click Count,"SituationAm I wrong for making my daughter visit my new wife's family for Christmas? I got married over the summer, and while my daughter is friendly with her new step mom, she hasn't gotten too close and hasn't wanted to bond. She threw a fit when we went to visit my wife's extended family for Thanksgiving, but in the end she was fine. She hung out with my wife's nieces and nephews and actually seemed to be enjoying herself.

Fast forward to now, she's again throwing a fit about visiting extended family, saying that I should be happy she went for Thanksgiving, and that asking her to go for Christmas is asking too much. I haven't really seen it as asking her for a favor, though; this is spending time with our new family, a nice change to past Christmases where it was just the two of us. I guess I'm having trouble understanding why this is such a big deal for her, and I'm wondering if I'm TA as my daughter thinks.You can re-read the situation above while evaluating the responses.Here are two responses to the writer.Response AYou're in the wrong. I see why you view time with your new wife's family as a positive change after years of Christmas being just the two of you. But blending families can be delicate, and your daughter may be feeling resentment, like an outsider, or overwhelmed by how quickly things are changing.

You should talk with her rather than asking strangers to interpret it. Find out what she likes about the new family, what she dislikes, and what made the old Christmas tradition meaningful to her. At 13, she may hear ""this is nicer than spending Christmas with just you"" as you valuing the new family over the time you had together.Response BYou're in the wrong. For asking us this instead of her.

Mixing families is a delicate thing with a lot of potential resentment. From the (limited) information you give here it seems like you think she should be grateful to have a new family and stop being such a pain over it. Yah, it doesn't work that way.

You should be talking to her about this. Figuring out what she likes about the new family and what she doesn't. Maybe to her spending the holidays with just you was an amazingly special experience which you are now s******* all over. Maybe she feels like an outsider with this new family. Maybe it's just too big of a change to happen so quickly.

Listen to what you said here. You're saying spending time with your new family is nicer than spending time with just her. How do you think a 13 year old feels when you tell them that?Overall, how good is each response?Rate each response:Response A",Response B,Which response do you think the writer would be more likely to listen to?,"If you had a personal problem of your own, which of these two commenters would you rather get advice from?",Timing - First Click,Timing - Last Click,Timing - Page Submit,Timing - Click Count,"SituationAm I wrong for putting pressure on my wife to get surgery Using a throwaway because this is a sensitive topic.

My wife and I have always wanted biological children. We were both clear about that when we got married. She got pregnant soon after we married, but we lost the pregnancy. We learned that the reason is that she has an issue with her uterus (not getting specific for anonymity reasons). The issue can likely be remedied with surgery. However, any pregnancy post surgery would automatically be classified as ""high risk.""

My wife refuses to get the surgery. She's scared off by the idea of surgery and ""high risk"" pregnancy. I have been putting pressure on her to get the surgery for the last year because I think she owes it to us to at least try, since we got married with the understanding that we wanted biological children. She exploded at me yesterday and accused me of thinking of her as an incubator. I certainly don't, but I do feel cheated that she's not putting in her all to follow the plan that we both explicitly wanted at marriage. am I wrong for pressuring her into following our original plans?Do you think the writer was in the wrong?",Timing - First Click,Timing - Last Click,Timing - Page Submit,Timing - Click Count,"SituationAm I wrong for putting pressure on my wife to get surgery Using a throwaway because this is a sensitive topic.

My wife and I have always wanted biological children. We were both clear about that when we got married. She got pregnant soon after we married, but we lost the pregnancy. We learned that the reason is that she has an issue with her uterus (not getting specific for anonymity reasons). The issue can likely be remedied with surgery. However, any pregnancy post surgery would automatically be classified as ""high risk.""

My wife refuses to get the surgery. She's scared off by the idea of surgery and ""high risk"" pregnancy. I have been putting pressure on her to get the surgery for the last year because I think she owes it to us to at least try, since we got married with the understanding that we wanted biological children. She exploded at me yesterday and accused me of thinking of her as an incubator. I certainly don't, but I do feel cheated that she's not putting in her all to follow the plan that we both explicitly wanted at marriage. am I wrong for pressuring her into following our original plans?You can re-read the situation above while evaluating the responses.Here are two responses to the writer.Response AYou're in the wrong. There are huge risks with surgery, like death. You are pressuring your wife to literally risk her life. Then of course there are the high risks - like, again, your wife dying, or your baby dying. She doesn't owe you her life, and she also doesn't owe you a high risk pregnancy that could result in a late-term miscarriage.

This is hugely f***** up bro, surely you recognize that? You can adopt, or have a surrogate if it must be biological, but please stop pressuring your wife to do this.Response BYou're in the wrong. I understand where you are coming from: you both entered the marriage wanting biological children, and you feel hurt that the plan has changed. But this surgery and a subsequent high-risk pregnancy could put your wife's life at risk, as well as risking the baby and a late-term miscarriage. She does not owe you her life or a high-risk pregnancy.

Adoption or surrogacy are options if having a child remains the goal, but please stop pressuring her to undergo surgery.Overall, how good is each response?Rate each response:Response A",Response B,Which response do you think the writer would be more likely to listen to?,"If you had a personal problem of your own, which of these two commenters would you rather get advice from?",Timing - First Click,Timing - Last Click,Timing - Page Submit,Timing - Click Count,"SituationWould I be wrong for buying a gift for my niece and pretending it's from her estranged aunt? So my sister-in-law A and sister-in-law B are in a petty cold war that NOBODY gets. If we all get together at the parents' house, sister-in-law A will refuse to come if sister-in-law B is there. Meanwhile, their kids get along just fine. I get along well with both. Sister-in-law B bought my kids Christmas presents, but didn't get anything for sister-in-law A's kids. My mother-in-law will likely tell sister-in-law A that my kids got presents and hers didn't, because she's like that. I'm sick and tired as this really dumb cold war. Sister-in-law B won't be around for the holidays, and lives out of town. Should I buy sister-in-law A's kids something small and leave it under the tree from sister-in-law B, and just not tell anyone (not even my partner- their brother) it was me?Do you think the writer was in the wrong?",Timing - First Click,Timing - Last Click,Timing - Page Submit,Timing - Click Count,"SituationWould I be wrong for buying a gift for my niece and pretending it's from her estranged aunt? So my sister-in-law A and sister-in-law B are in a petty cold war that NOBODY gets. If we all get together at the parents' house, sister-in-law A will refuse to come if sister-in-law B is there. Meanwhile, their kids get along just fine. I get along well with both. Sister-in-law B bought my kids Christmas presents, but didn't get anything for sister-in-law A's kids. My mother-in-law will likely tell sister-in-law A that my kids got presents and hers didn't, because she's like that. I'm sick and tired as this really dumb cold war. Sister-in-law B won't be around for the holidays, and lives out of town. Should I buy sister-in-law A's kids something small and leave it under the tree from sister-in-law B, and just not tell anyone (not even my partner- their brother) it was me?You can re-read the situation above while evaluating the responses.Here are two responses to the writer.Response AYou're in the wrong. I understand that you're hoping a small anonymous gift might spare A's kids from being caught in the adults' conflict. But labeling it as from B could pull you directly into that conflict if A reacts badly to the gift or starts asking who left it.

If you want to make things feel more balanced, get A's kids a small extra gift from you or from Santa. You could also have your own kids open B's gifts privately at home.Response BGod, you're in the wrong, don't do this. What if sister-in-law A goes on a tirade of how the gift wasn't good enough or it was the wrong color or the wrong size and now, suddenly, you've got the mystery of who put that gift there and SURPRISE you're dragged into the battle.

Get sister-in-law A's kids some extra gifts, and label them from either yourself or from Santa. Balance out the presents given, or, take sister-in-law B's gifts for your children home for them to unwrap in private.Overall, how good is each response?Rate each response:Response A",Response B,Which response do you think the writer would be more likely to listen to?,"If you had a personal problem of your own, which of these two commenters would you rather get advice from?",Timing - First Click,Timing - Last Click,Timing - Page Submit,Timing - Click Count,"SituationAm I wrong for telling some girls I'd never date girls from school because I hate my hometown? I (18M) am going to University soon. I live in UK and got my Sixth Form results a few weeks ago.

Anyway, for a lot of time in school I was overweight, had acne and huge social anxiety. When I was 16, all that changed and I looked quite good.

However, despite getting a lot of interest from girls, even hot girls, I didn't sleep with any of them, even though they wanted to sleep with me.

Yesterday, I met up with some guys and girls (friends) and they kept probing as to why I didn't do anything with any girls, I flat out said:

""I hope no offense is taken, but I'd never sleep with a girl from this hometown. I hate this place and can't wait to get out. My story doesn't really begin here"".

As far as I'm concerned, the girl could be a 10/10 and if she was born and lived here, I wouldn't go there with her.

My friends looked a bit angry when I said that and one of them said I sounded like I was in the wrong. Am I wrong?Do you think the writer was in the wrong?",Timing - First Click,Timing - Last Click,Timing - Page Submit,Timing - Click Count,"SituationAm I wrong for telling some girls I'd never date girls from school because I hate my hometown? I (18M) am going to University soon. I live in UK and got my Sixth Form results a few weeks ago.

Anyway, for a lot of time in school I was overweight, had acne and huge social anxiety. When I was 16, all that changed and I looked quite good.

However, despite getting a lot of interest from girls, even hot girls, I didn't sleep with any of them, even though they wanted to sleep with me.

Yesterday, I met up with some guys and girls (friends) and they kept probing as to why I didn't do anything with any girls, I flat out said:

""I hope no offense is taken, but I'd never sleep with a girl from this hometown. I hate this place and can't wait to get out. My story doesn't really begin here"".

As far as I'm concerned, the girl could be a 10/10 and if she was born and lived here, I wouldn't go there with her.

My friends looked a bit angry when I said that and one of them said I sounded like I was in the wrong. Am I wrong?You can re-read the situation above while evaluating the responses.Here are two responses to the writer.Response AYou're in the wrong

""My story doesn't begin here"" . Ego much? Sorry to break it to you mate, but that is where your story begins.

If you don't want to date those girls, fine. But to do it cuz of where they live (or most precisely , where YOU live) is really the wrong thing to do.Response BYou're in the wrong. I get that you are eager to leave your hometown and see university as the start of a new chapter. But your story does begin where you grew up, and dismissing every girl from there solely for living in the same place as you is unfair. You never have to date anyone you do not want to date, but it would be better to judge people as individuals rather than treating your hometown as something they represent.Overall, how good is each response?Rate each response:Response A",Response B,Which response do you think the writer would be more likely to listen to?,"If you had a personal problem of your own, which of these two commenters would you rather get advice from?",Timing - First Click,Timing - Last Click,Timing - Page Submit,Timing - Click Count,"SituationAm I wrong for not wanting to give my wife's daughter money? My wife and I married when her daughter was 17. She doesn't view me as her step father or any sort of father figure and I respect that.

My wife and I have one child who my wife stays home with. Her daughter (now 23) is now moving into an apartment and needs money for a deposit. My wife wants me to pay it but I think I shouldn't have to. I think this is for my wife and her ex to figure out. My wife argued that I should pay it because she doesn't make an income but she should have discretionary use of our funds. I think she's being absolutely ridiculous; I have no problem spending money on my own child or with my wife spending a reasonable amount of money on herself, but giving away $800 to her kid is a major ask. Am I wrong for saying no?Do you think the writer was in the wrong?",Timing - First Click,Timing - Last Click,Timing - Page Submit,Timing - Click Count,"SituationAm I wrong for not wanting to give my wife's daughter money? My wife and I married when her daughter was 17. She doesn't view me as her step father or any sort of father figure and I respect that.

My wife and I have one child who my wife stays home with. Her daughter (now 23) is now moving into an apartment and needs money for a deposit. My wife wants me to pay it but I think I shouldn't have to. I think this is for my wife and her ex to figure out. My wife argued that I should pay it because she doesn't make an income but she should have discretionary use of our funds. I think she's being absolutely ridiculous; I have no problem spending money on my own child or with my wife spending a reasonable amount of money on herself, but giving away $800 to her kid is a major ask. Am I wrong for saying no?You can re-read the situation above while evaluating the responses.Here are two responses to the writer.Response AYou're in the wrong. I get that you see the $800 as a significant expense and believe your wife and her ex should handle it. But treating your biological child differently from your stepdaughter is unfair. By marrying her mother, you took on a stepfather role, even if she does not see you as a father figure.

Your wife also does not have her own income, so refusing to let her use shared funds to help her daughter leaves her without meaningful discretion over the household money. At minimum, helping with the deposit would be a way to support your wife.Response BYou're in the wrong. The fact that you're holding your own biological child to a different standard than your stepdaughter is unfair. Even if she hasn't warmed up to you as a father figure, that's a role you decided to put yourself in by marrying her mother. You should want to help her because she's your stepdaughter, and will be your stepdaughter for the rest of your life.

Also, the fact that she doesn't make her own income and you're refusing to let her use your mutual funds to assist her daughter just because her daughter doesn't see you as her father is another wrong move. At the very least you should be willing to do this for your wife's sake.Overall, how good is each response?Rate each response:Response A",Response B,Which response do you think the writer would be more likely to listen to?,"If you had a personal problem of your own, which of these two commenters would you rather get advice from?",Timing - First Click,Timing - Last Click,Timing - Page Submit,Timing - Click Count,SituationAm I wrong for not wanting my wife to meet up with a friend late at night? So I got home from work at 1015 PM last night at which time my wife (43) asked me if it would be okay for her to go meet up with a friend for a couple hours. I told her I can't tell her what to do but I felt it was a little late to go out considering we have a 6 year old son. She's gone out a couple of times in the past with this friend and usually doesn't get back home until 3 in the morning with her last time falling off the sidewalk and injuring her knee. She said that her friend wanted her to meet her new boyfriend tonight. That's when i changed my tone. I told her she sounded like a 16 year old girl and needed to get her priorities straight. I said she should be more concerned with our child than her friends new boyfriend. I asked why she couldn't have lunch or dinner with her friend to meet her boyfriend and she said it's hard for her friend because she has kids. Her friend is divorced and the father has the kids over weekends and I don't see how this inhibits her having lunch or dinner.Do you think the writer was in the wrong?,Timing - First Click,Timing - Last Click,Timing - Page Submit,Timing - Click Count,"SituationAm I wrong for not wanting my wife to meet up with a friend late at night? So I got home from work at 1015 PM last night at which time my wife (43) asked me if it would be okay for her to go meet up with a friend for a couple hours. I told her I can't tell her what to do but I felt it was a little late to go out considering we have a 6 year old son. She's gone out a couple of times in the past with this friend and usually doesn't get back home until 3 in the morning with her last time falling off the sidewalk and injuring her knee. She said that her friend wanted her to meet her new boyfriend tonight. That's when i changed my tone. I told her she sounded like a 16 year old girl and needed to get her priorities straight. I said she should be more concerned with our child than her friends new boyfriend. I asked why she couldn't have lunch or dinner with her friend to meet her boyfriend and she said it's hard for her friend because she has kids. Her friend is divorced and the father has the kids over weekends and I don't see how this inhibits her having lunch or dinner.

Im I in the wrong for not wanting my wife to leave her family at night to meet up with a friend.You can re-read the situation above while evaluating the responses.Here are two responses to the writer.Response AYou're in the wrong. And it's lame to imply your wife is somehow neglecting her 6 year old son. Surely the 6 year old is sleeping. Along those lines, your wife and her friend are trying to least impact their kids by meeting when the kids are sleeping and don't need anything. You're simply jealous your wife is going out and instead of discussing that, you're throwing shade about something that's not relevant.Response BYou're in the wrong. It sounds like you were concerned about the late hour and your wife's past injury, but meeting after the kids are asleep may be the way she and her friend can spend time together with the least impact on their children. A six-year-old is likely sleeping, not being neglected. This reads more like jealousy or discomfort with her going out, and that would be better discussed directly than framing her plans as failing to prioritize her child.Overall, how good is each response?Rate each response:Response A",Response B,Which response do you think the writer would be more likely to listen to?,"If you had a personal problem of your own, which of these two commenters would you rather get advice from?",Timing - First Click,Timing - Last Click,Timing - Page Submit,Timing - Click Count,"SituationAm I wrong for expecting my wife to do more of the housework because I bring in more income? The title is essentially it in a nutshell.

My wife and I have been married for 4 years and have 1 kid and this is a constant disagreement. I make almost 4x what she does. I'm not saying she has to do 4x the chores, but am I wrong for expecting her to at least be the ""management"" and keep track of everything, as well as being the one to take on the bulk of the child work and housework? If not for me, she couldn't keep the roof over our child's head or food in his mouth. I am funding almost the whole operation, so I believe she should be contributing in other ways. Am I wrong?Do you think the writer was in the wrong?",Timing - First Click,Timing - Last Click,Timing - Page Submit,Timing - Click Count,"SituationAm I wrong for expecting my wife to do more of the housework because I bring in more income? The title is essentially it in a nutshell.

My wife and I have been married for 4 years and have 1 kid and this is a constant disagreement. I make almost 4x what she does. I'm not saying she has to do 4x the chores, but am I wrong for expecting her to at least be the ""management"" and keep track of everything, as well as being the one to take on the bulk of the child work and housework? If not for me, she couldn't keep the roof over our child's head or food in his mouth. I am funding almost the whole operation, so I believe she should be contributing in other ways. Am I wrong?You can re-read the situation above while evaluating the responses.Here are two responses to the writer.Response AYou're in the wrong. I understand that you see your higher income as a larger financial contribution and feel it should be balanced elsewhere. But if you are working equal hours, you should share equal responsibility at home. It is your home and your child too; your income does not make your wife an employee or make childcare less your responsibility.

Your child would still be your responsibility to feed, clothe, and protect if you were not married. If your income leaves room in the budget, hiring a cleaner could help reduce the workload for both of you.Response BYou're in the wrong.

If you're working equal hours, you share equal responsibility in the home. Because it's your home, and your life. Your income does not enable you to treat your wife as an employee because you ""fund"" most of your life together. INCLUDING the care of your child. Talking about your child like your wife should be grateful your money allows her to provide for him. If you weren't married to your wife, that child would still be YOUR responsibility to clothe, feed and protect.

If you're really making sooooo much more money, get a maid. Jiminy cricket.Overall, how good is each response?Rate each response:Response A",Response B,Which response do you think the writer would be more likely to listen to?,"If you had a personal problem of your own, which of these two commenters would you rather get advice from?",Timing - First Click,Timing - Last Click,Timing - Page Submit,Timing - Click Count,"SituationAm I wrong for giving my son extra studies in the summer My 14 year old son plays video games all summer, he wants to be a pro gamer and wants to ""share"" his gaming online for a job. I don't think that will be a good and reliable job, so I made him go to an intense summer school for this summer break. He showed me how much homework there is to do. I agreed that there is a lot, so I asked the teachers for less homework. He cries about it and I just tell him its okay and that he can do it. He keeps saying that it's a summer break and that it should be time to rest from school but all he does is play games for, ""practice"", to get better"", and ""for my team and my future.""

I just want him to have a better future with better grades (he has straight ""B""s), but am I wrong?Do you think the writer was in the wrong?",Timing - First Click,Timing - Last Click,Timing - Page Submit,Timing - Click Count,"SituationAm I wrong for giving my son extra studies in the summer My 14 year old son plays video games all summer, he wants to be a pro gamer and wants to ""share"" his gaming online for a job. I don't think that will be a good and reliable job, so I made him go to an intense summer school for this summer break. He showed me how much homework there is to do. I agreed that there is a lot, so I asked the teachers for less homework. He cries about it and I just tell him its okay and that he can do it. He keeps saying that it's a summer break and that it should be time to rest from school but all he does is play games for, ""practice"", to get better"", and ""for my team and my future.""

I just want him to have a better future with better grades (he has straight ""B""s), but am I wrong?You can re-read the situation above while evaluating the responses.Here are two responses to the writer.Response AYou're in the wrong. Kids look forward to summer because they bust their a** all year to get good grades and please their parents. They get 2 months to relax and be a kid. You're robbing your kid of their childhood, if his dream pans out great if not then he'll have other opportunities but would you rather him look back in 10 years and say he remembered the summer he played games with his friends and had fun or slaved over more schoolwork and stressed.Response BYou're in the wrong. I see why you want to protect his future and help him maintain strong grades. But he already has straight Bs and spends the school year meeting expectations. Summer gives kids a chance to rest, have fun with friends, and explore interests like gaming. His dream may or may not pan out, but he will still have other opportunities. In ten years, he is more likely to value remembering a summer spent enjoying himself than one spent overwhelmed by extra schoolwork and stress.Overall, how good is each response?Rate each response:Response A",Response B,Which response do you think the writer would be more likely to listen to?,"If you had a personal problem of your own, which of these two commenters would you rather get advice from?",Timing - First Click,Timing - Last Click,Timing - Page Submit,Timing - Click Count,"SituationAm I wrong for using someone else's trashcan? So I usually take my dog for hour long walks/runs throughout the week. Sometimes while we are out, the dog needs to releave herself in a random yard. I always carry poop bags, and always make sure to pick up after her. The issue is, if we are only 20 minutes into an hour walk, I will throw the poop bag into a trashcan. The neighborhoods we run through all have those large green rolling trashcans, and most people keep them outside. I'll pick up the poop, and toss it in the next trashcan I see. I don't imagine I use the same trashcan more than once every few weeks.

Today, while out for a walk, someone came out of their house yelling at me. I stopped, and he told me I was ""un-cool"" for using his trash, and to get lost, saying he had me on camera. I admit, being taken aback, I told him ""fine, next time if she poops in your yard, I'll just leave it there"" and walked off. Now, I'll never do this, and I'll skip his house if I ever need to toss a poop bag, but the question is, am I wrong for throwing away these small bags into someone else's trash?Do you think the writer was in the wrong?",Timing - First Click,Timing - Last Click,Timing - Page Submit,Timing - Click Count,"SituationAm I wrong for using someone else's trashcan? So I usually take my dog for hour long walks/runs throughout the week. Sometimes while we are out, the dog needs to releave herself in a random yard. I always carry poop bags, and always make sure to pick up after her. The issue is, if we are only 20 minutes into an hour walk, I will throw the poop bag into a trashcan. The neighborhoods we run through all have those large green rolling trashcans, and most people keep them outside. I'll pick up the poop, and toss it in the next trashcan I see. I don't imagine I use the same trashcan more than once every few weeks.

Today, while out for a walk, someone came out of their house yelling at me. I stopped, and he told me I was ""un-cool"" for using his trash, and to get lost, saying he had me on camera. I admit, being taken aback, I told him ""fine, next time if she poops in your yard, I'll just leave it there"" and walked off. Now, I'll never do this, and I'll skip his house if I ever need to toss a poop bag, but the question is, am I wrong for throwing away these small bags into someone else's trash?You can re-read the situation above while evaluating the responses.Here are two responses to the writer.Response AYou're in the wrong. I understand where you are coming from: you bag the poop and are trying not to leave it in anyone's yard. Still, people have different boundaries about their bins. A full bin may feel less intrusive to some dog owners, but putting a bag in an emptied bin can leave odor behind. For people who do not own dogs, that can be especially frustrating. It is their bin, so keep the bag with you until you reach a public trash can or your own.Response BI think this is different for everyone. Personally as a dog owner, I don't mind if someone throws their dog's poop in my trash can IF it's full. But if it's already been emptied then h*** no.

But if I wasn't a dog owner and someone put their dog's poop in my bin? I'd be pretty p*****. I wouldn't want my plastic bin to absorb any of that odor. Maybe that's paranoid... but it's my bin. Keep your poop out of it.

You're in the wrong.Overall, how good is each response?Rate each response:Response A",Response B,Which response do you think the writer would be more likely to listen to?,"If you had a personal problem of your own, which of these two commenters would you rather get advice from?",Timing - First Click,Timing - Last Click,Timing - Page Submit,Timing - Click Count,"SituationWould I be wrong if I sat in the back row of a cinema and texted or emailed during a movie? I get a lot of texts and emails from work during my day off and it really stresses me out, thinking about my very impatient coworkers cursing me for not responding to all their whims on the minute. If it happens in the middle of a movie it'll just eat at me until I get up and find out what the problem is, and then respond if it's of any real urgency.

The volume and ringer would be off, and the screen would be at minimum brightness, (but that's still still pretty bright in a dark room). The only reason I think this would be ok is that I'm in the absolute back row, so no one is directly behind me. So is it ok for me to deal with these things in the back row instead of leaving the theatre?Do you think the writer was in the wrong?",Timing - First Click,Timing - Last Click,Timing - Page Submit,Timing - Click Count,"SituationWould I be wrong if I sat in the back row of a cinema and texted or emailed during a movie? I get a lot of texts and emails from work during my day off and it really stresses me out, thinking about my very impatient coworkers cursing me for not responding to all their whims on the minute. If it happens in the middle of a movie it'll just eat at me until I get up and find out what the problem is, and then respond if it's of any real urgency.

The volume and ringer would be off, and the screen would be at minimum brightness, (but that's still still pretty bright in a dark room). The only reason I think this would be ok is that I'm in the absolute back row, so no one is directly behind me. So is it ok for me to deal with these things in the back row instead of leaving the theatre?You can re-read the situation above while evaluating the responses.Here are two responses to the writer.Response ASince this is a common occurrence (don't know what job you do), just COMPLETELY shut off your phone. Your company isn't going to die if you ignore stuff on your given days off.

I'm sorry, but this would definitely be the wrong thing to do. I understand all the conditions of making sure no one is around and whatever, but it's still a jerk thing. I wouldn't want to hear constant buzzing from a phone since the volume is turned low/off. Also, stop catering to your impatient coworkers.Response BYou're in the wrong. I get that unanswered work messages make it hard for you to relax during a movie, and you're trying to minimize the impact by sitting in the back with your phone dimmed and silent. But a lit screen can still distract people in a dark theater, and any buzzing may be audible too. If this is a common issue, fully shut your phone off for the movie and stop catering to coworkers who expect immediate responses on your days off.Overall, how good is each response?Rate each response:Response A",Response B,Which response do you think the writer would be more likely to listen to?,"If you had a personal problem of your own, which of these two commenters would you rather get advice from?",Timing - First Click,Timing - Last Click,Timing - Page Submit,Timing - Click Count,"SituationAm I wrong for telling my cousin that he looks retarded trying to be left-handed? I (17F) am the only one in my immediate and extended family that is left-handed. I take pride in being unique. My cousin (15M) has been trying to be ambidextrous for a few months now. He brushes his teeth, eats, and sometimes even writes and plays sports with his left hand. He still looks like a baby learning to do these things for the first time.

We were eating at a Japanese restaurant today and we sat across from each other. He had an udon. He kept dropping the noodles with his weak grip and poor technique when using chopsticks with his left hand. I laughed at him whenever he would lose the noodles. However, I got a little bit irritated when he dropped a lot of the noodles back into the soup and some of the hot soup jumped on my face.

He apologized and I said he looked retarded trying to eat with his left hand and he has perfect chopstick skills with his right hand that he should use to not endanger those eating with him. He looked sad. My mom chewed me out for being so mean to my cousin. I apologized to my cousin when he looked like he was ready to cry.Do you think the writer was in the wrong?",Timing - First Click,Timing - Last Click,Timing - Page Submit,Timing - Click Count,"SituationAm I wrong for telling my cousin that he looks retarded trying to be left-handed? I (17F) am the only one in my immediate and extended family that is left-handed. I take pride in being unique. My cousin (15M) has been trying to be ambidextrous for a few months now. He brushes his teeth, eats, and sometimes even writes and plays sports with his left hand. He still looks like a baby learning to do these things for the first time.

We were eating at a Japanese restaurant today and we sat across from each other. He had an udon. He kept dropping the noodles with his weak grip and poor technique when using chopsticks with his left hand. I laughed at him whenever he would lose the noodles. However, I got a little bit irritated when he dropped a lot of the noodles back into the soup and some of the hot soup jumped on my face.

He apologized and I said he looked retarded trying to eat with his left hand and he has perfect chopstick skills with his right hand that he should use to not endanger those eating with him. He looked sad. My mom chewed me out for being so mean to my cousin. I apologized to my cousin when he looked like he was ready to cry.You can re-read the situation above while evaluating the responses.Here are two responses to the writer.Response AYou're in the wrong. I understand that you were frustrated after hot soup splashed on you, especially when he already has good chopstick skills with his right hand. But he was practicing with his non-dominant hand, and that takes time. He apologized, and calling him the r-word was rude and unnecessary.

Being left-handed can be something you enjoy about yourself, but your cousin learning to use his left hand does not take that away from you.Response BYou're in the wrong. 100% wrong. I didn't even have to read the post to already know you calling someone the r-word makes you in the wrong. But reading the post solidified it. Have you ever tried to do things with your non-dominate hand? It's hard, but he's practicing, and you shouldn't knock him for that. Your comment was completely rude and unnecessary, especially because he apologized.

Side note: the fact you take pride in being left handed because it's ""unique"" is also a little sad. Makes it seem your little outburst is because you want it to stay that way.Overall, how good is each response?Rate each response:Response A",Response B,Which response do you think the writer would be more likely to listen to?,"If you had a personal problem of your own, which of these two commenters would you rather get advice from?",Timing - First Click,Timing - Last Click,Timing - Page Submit,Timing - Click Count,"SituationWould I be wrong for not paying for gas at the beginning of a road trip. So this happened a long time ago and I never actually did it but would I have been in the wrong if I did?

A group of friends and I were taking a road trip to Vegas. One of my friends has a giant 8 seater so we were obviously going to take his car for the road trip. We never explicitly stated that we were going to split it the price but I think it was understood to everyone that we would.

Once we get all of our friends together and we're about to head out, we stop at the gas station because the tank is empty. I figured my friend who's driving would pay for it himself and then every time it gets filled after that we would split it. But he asked everyone to chip in.

I thought it didn't make sense because the tank is empty before the start of our trip and it doesn't make sense to pay for gas that we didn't even use. But no one bats an eye and they all end up paying. would I have been wrong for refusing or at least arguing?

Also, we paid for the gas at the very end of the trip as well so it's not like we paid at the beginning and not the end.Do you think the writer was in the wrong?",Timing - First Click,Timing - Last Click,Timing - Page Submit,Timing - Click Count,"SituationWould I be wrong for not paying for gas at the beginning of a road trip. So this happened a long time ago and I never actually did it but would I have been in the wrong if I did?

A group of friends and I were taking a road trip to Vegas. One of my friends has a giant 8 seater so we were obviously going to take his car for the road trip. We never explicitly stated that we were going to split it the price but I think it was understood to everyone that we would.

Once we get all of our friends together and we're about to head out, we stop at the gas station because the tank is empty. I figured my friend who's driving would pay for it himself and then every time it gets filled after that we would split it. But he asked everyone to chip in.

I thought it didn't make sense because the tank is empty before the start of our trip and it doesn't make sense to pay for gas that we didn't even use. But no one bats an eye and they all end up paying. would I have been wrong for refusing or at least arguing?

Also, we paid for the gas at the very end of the trip as well so it's not like we paid at the beginning and not the end.You can re-read the situation above while evaluating the responses.Here are two responses to the writer.Response AYou're in the wrong.

Fuel is only a very small portion of the cost of operating a vehicle. Even if he started with an empty tank and ended with a full one, your buddy was absorbing most of the travel cost himself by supplying the vehicle that was used.

Just picking some numbers out of the air... If gas cost $2 a gallon at the time, and the vehicle got 20 miles to the gallon, that's only $0.10 a mile in fuel. Operating cost for a vehicle can easily be 50 or 60 cents a mile.Response BYou're in the wrong. It sounds like you felt the driver should cover the first tank since it was empty before the trip began. But fuel is often only a small part of the cost of using a vehicle. By providing the 8-seater, your friend was already taking on wear, maintenance, depreciation, and other operating costs for the group.

For example, at $2 per gallon and 20 mpg, gas is about 10 cents per mile, while total vehicle operating costs can easily be 50-60 cents per mile. Splitting the fuel from the start and again at the end was a fair way to share some of the cost of the trip.Overall, how good is each response?Rate each response:Response A",Response B,Which response do you think the writer would be more likely to listen to?,"If you had a personal problem of your own, which of these two commenters would you rather get advice from?",Timing - First Click,Timing - Last Click,Timing - Page Submit,Timing - Click Count,"SituationAm I wrong for telling my brother his dreams of becoming a famous YouTuber won't happen? So I'm 15f and my brother is 13. His most recent career aspiration is to become a famous YouTuber.

Every time he brings it up I say, ""it won't happen. Look at all the Youtubers who haven't become famous."" he looks at being a famous YouTuber as a source of income in the future.

I tell him his dreams are unrealistic and he should do something else, like trade or go to college and get a degree. I only say it because I want him to be successful and not struggling for money. I want what's best for him.

Am I wrong?Do you think the writer was in the wrong?",Timing - First Click,Timing - Last Click,Timing - Page Submit,Timing - Click Count,"SituationAm I wrong for telling my brother his dreams of becoming a famous YouTuber won't happen? So I'm 15f and my brother is 13. His most recent career aspiration is to become a famous YouTuber.

Every time he brings it up I say, ""it won't happen. Look at all the Youtubers who haven't become famous."" he looks at being a famous YouTuber as a source of income in the future.

I tell him his dreams are unrealistic and he should do something else, like trade or go to college and get a degree. I only say it because I want him to be successful and not struggling for money. I want what's best for him.

Am I wrong?You can re-read the situation above while evaluating the responses.Here are two responses to the writer.Response AYou're in the wrong. I understand that you want him to have a stable future and not struggle financially. But he is 13 and has a dream; unless pursuing YouTube means dropping out of school or otherwise harming his long-term future, he should have room to try it. It may amount to a few embarrassing videos, but discouraging him from the outset is not helpful. Encourage him to keep up with school and develop practical backup plans while he explores it.Response BYou're in the wrong. Unless he's dropping out of school or doing something else that will hurt him in the long term to pursue it. He's got a dream. It'll probably come to nothing except a couple of embarrassing videos that you'll be giving him s*** about for the next 60 years, but s******* on people's dreams is the wrong thing to do.Overall, how good is each response?Rate each response:Response A",Response B,Which response do you think the writer would be more likely to listen to?,"If you had a personal problem of your own, which of these two commenters would you rather get advice from?",Timing - First Click,Timing - Last Click,Timing - Page Submit,Timing - Click Count,"Almost doneThink of one of the situations you just read and one of the responses you saw. In your own words, quote or paraphrase that response (at least a short sentence):",PROLIFIC_PID,Create New Field or Choose From Dropdown...
"{""ImportId"":""startDate"",""timeZone"":""America/Denver""}","{""ImportId"":""endDate"",""timeZone"":""America/Denver""}","{""ImportId"":""status""}","{""ImportId"":""ipAddress""}","{""ImportId"":""progress""}","{""ImportId"":""duration""}","{""ImportId"":""finished""}","{""ImportId"":""recordedDate"",""timeZone"":""America/Denver""}","{""ImportId"":""_recordId""}","{""ImportId"":""recipientLastName""}","{""ImportId"":""recipientFirstName""}","{""ImportId"":""recipientEmail""}","{""ImportId"":""externalDataReference""}","{""ImportId"":""locationLatitude""}","{""ImportId"":""locationLongitude""}","{""ImportId"":""distributionChannel""}","{""ImportId"":""userLanguage""}","{""ImportId"":""LastSeenFlowID""}","{""ImportId"":""LastSeenQuestions""}","{""ImportId"":""QID145_TEXT""}","{""ImportId"":""QID18""}","{""ImportId"":""QID1""}","{""ImportId"":""QID105_FIRST_CLICK""}","{""ImportId"":""QID105_LAST_CLICK""}","{""ImportId"":""QID105_PAGE_SUBMIT""}","{""ImportId"":""QID105_CLICK_COUNT""}","{""ImportId"":""QID2""}","{""ImportId"":""QID3""}","{""ImportId"":""QID4""}","{""ImportId"":""QID85""}","{""ImportId"":""QID106_FIRST_CLICK""}","{""ImportId"":""QID106_LAST_CLICK""}","{""ImportId"":""QID106_PAGE_SUBMIT""}","{""ImportId"":""QID106_CLICK_COUNT""}","{""ImportId"":""QID5""}","{""ImportId"":""QID107_FIRST_CLICK""}","{""ImportId"":""QID107_LAST_CLICK""}","{""ImportId"":""QID107_PAGE_SUBMIT""}","{""ImportId"":""QID107_CLICK_COUNT""}","{""ImportId"":""QID6""}","{""ImportId"":""QID7""}","{""ImportId"":""QID8""}","{""ImportId"":""QID86""}","{""ImportId"":""QID108_FIRST_CLICK""}","{""ImportId"":""QID108_LAST_CLICK""}","{""ImportId"":""QID108_PAGE_SUBMIT""}","{""ImportId"":""QID108_CLICK_COUNT""}","{""ImportId"":""QID9""}","{""ImportId"":""QID109_FIRST_CLICK""}","{""ImportId"":""QID109_LAST_CLICK""}","{""ImportId"":""QID109_PAGE_SUBMIT""}","{""ImportId"":""QID109_CLICK_COUNT""}","{""ImportId"":""QID10""}","{""ImportId"":""QID11""}","{""ImportId"":""QID12""}","{""ImportId"":""QID87""}","{""ImportId"":""QID110_FIRST_CLICK""}","{""ImportId"":""QID110_LAST_CLICK""}","{""ImportId"":""QID110_PAGE_SUBMIT""}","{""ImportId"":""QID110_CLICK_COUNT""}","{""ImportId"":""QID13""}","{""ImportId"":""QID111_FIRST_CLICK""}","{""ImportId"":""QID111_LAST_CLICK""}","{""ImportId"":""QID111_PAGE_SUBMIT""}","{""ImportId"":""QID111_CLICK_COUNT""}","{""ImportId"":""QID14""}","{""ImportId"":""QID15""}","{""ImportId"":""QID16""}","{""ImportId"":""QID88""}","{""ImportId"":""QID112_FIRST_CLICK""}","{""ImportId"":""QID112_LAST_CLICK""}","{""ImportId"":""QID112_PAGE_SUBMIT""}","{""ImportId"":""QID112_CLICK_COUNT""}","{""ImportId"":""QID21""}","{""ImportId"":""QID113_FIRST_CLICK""}","{""ImportId"":""QID113_LAST_CLICK""}","{""ImportId"":""QID113_PAGE_SUBMIT""}","{""ImportId"":""QID113_CLICK_COUNT""}","{""ImportId"":""QID22""}","{""ImportId"":""QID23""}","{""ImportId"":""QID24""}","{""ImportId"":""QID89""}","{""ImportId"":""QID114_FIRST_CLICK""}","{""ImportId"":""QID114_LAST_CLICK""}","{""ImportId"":""QID114_PAGE_SUBMIT""}","{""ImportId"":""QID114_CLICK_COUNT""}","{""ImportId"":""QID25""}","{""ImportId"":""QID115_FIRST_CLICK""}","{""ImportId"":""QID115_LAST_CLICK""}","{""ImportId"":""QID115_PAGE_SUBMIT""}","{""ImportId"":""QID115_CLICK_COUNT""}","{""ImportId"":""QID26""}","{""ImportId"":""QID27""}","{""ImportId"":""QID28""}","{""ImportId"":""QID90""}","{""ImportId"":""QID116_FIRST_CLICK""}","{""ImportId"":""QID116_LAST_CLICK""}","{""ImportId"":""QID116_PAGE_SUBMIT""}","{""ImportId"":""QID116_CLICK_COUNT""}","{""ImportId"":""QID29""}","{""ImportId"":""QID117_FIRST_CLICK""}","{""ImportId"":""QID117_LAST_CLICK""}","{""ImportId"":""QID117_PAGE_SUBMIT""}","{""ImportId"":""QID117_CLICK_COUNT""}","{""ImportId"":""QID30""}","{""ImportId"":""QID31""}","{""ImportId"":""QID32""}","{""ImportId"":""QID91""}","{""ImportId"":""QID118_FIRST_CLICK""}","{""ImportId"":""QID118_LAST_CLICK""}","{""ImportId"":""QID118_PAGE_SUBMIT""}","{""ImportId"":""QID118_CLICK_COUNT""}","{""ImportId"":""QID33""}","{""ImportId"":""QID119_FIRST_CLICK""}","{""ImportId"":""QID119_LAST_CLICK""}","{""ImportId"":""QID119_PAGE_SUBMIT""}","{""ImportId"":""QID119_CLICK_COUNT""}","{""ImportId"":""QID34""}","{""ImportId"":""QID35""}","{""ImportId"":""QID36""}","{""ImportId"":""QID92""}","{""ImportId"":""QID120_FIRST_CLICK""}","{""ImportId"":""QID120_LAST_CLICK""}","{""ImportId"":""QID120_PAGE_SUBMIT""}","{""ImportId"":""QID120_CLICK_COUNT""}","{""ImportId"":""QID37""}","{""ImportId"":""QID121_FIRST_CLICK""}","{""ImportId"":""QID121_LAST_CLICK""}","{""ImportId"":""QID121_PAGE_SUBMIT""}","{""ImportId"":""QID121_CLICK_COUNT""}","{""ImportId"":""QID38""}","{""ImportId"":""QID39""}","{""ImportId"":""QID40""}","{""ImportId"":""QID93""}","{""ImportId"":""QID122_FIRST_CLICK""}","{""ImportId"":""QID122_LAST_CLICK""}","{""ImportId"":""QID122_PAGE_SUBMIT""}","{""ImportId"":""QID122_CLICK_COUNT""}","{""ImportId"":""QID41""}","{""ImportId"":""QID123_FIRST_CLICK""}","{""ImportId"":""QID123_LAST_CLICK""}","{""ImportId"":""QID123_PAGE_SUBMIT""}","{""ImportId"":""QID123_CLICK_COUNT""}","{""ImportId"":""QID42""}","{""ImportId"":""QID43""}","{""ImportId"":""QID44""}","{""ImportId"":""QID94""}","{""ImportId"":""QID124_FIRST_CLICK""}","{""ImportId"":""QID124_LAST_CLICK""}","{""ImportId"":""QID124_PAGE_SUBMIT""}","{""ImportId"":""QID124_CLICK_COUNT""}","{""ImportId"":""QID45""}","{""ImportId"":""QID125_FIRST_CLICK""}","{""ImportId"":""QID125_LAST_CLICK""}","{""ImportId"":""QID125_PAGE_SUBMIT""}","{""ImportId"":""QID125_CLICK_COUNT""}","{""ImportId"":""QID46""}","{""ImportId"":""QID47""}","{""ImportId"":""QID48""}","{""ImportId"":""QID95""}","{""ImportId"":""QID126_FIRST_CLICK""}","{""ImportId"":""QID126_LAST_CLICK""}","{""ImportId"":""QID126_PAGE_SUBMIT""}","{""ImportId"":""QID126_CLICK_COUNT""}","{""ImportId"":""QID49""}","{""ImportId"":""QID127_FIRST_CLICK""}","{""ImportId"":""QID127_LAST_CLICK""}","{""ImportId"":""QID127_PAGE_SUBMIT""}","{""ImportId"":""QID127_CLICK_COUNT""}","{""ImportId"":""QID50""}","{""ImportId"":""QID51""}","{""ImportId"":""QID52""}","{""ImportId"":""QID96""}","{""ImportId"":""QID128_FIRST_CLICK""}","{""ImportId"":""QID128_LAST_CLICK""}","{""ImportId"":""QID128_PAGE_SUBMIT""}","{""ImportId"":""QID128_CLICK_COUNT""}","{""ImportId"":""QID53""}","{""ImportId"":""QID129_FIRST_CLICK""}","{""ImportId"":""QID129_LAST_CLICK""}","{""ImportId"":""QID129_PAGE_SUBMIT""}","{""ImportId"":""QID129_CLICK_COUNT""}","{""ImportId"":""QID54""}","{""ImportId"":""QID55""}","{""ImportId"":""QID56""}","{""ImportId"":""QID97""}","{""ImportId"":""QID130_FIRST_CLICK""}","{""ImportId"":""QID130_LAST_CLICK""}","{""ImportId"":""QID130_PAGE_SUBMIT""}","{""ImportId"":""QID130_CLICK_COUNT""}","{""ImportId"":""QID57""}","{""ImportId"":""QID131_FIRST_CLICK""}","{""ImportId"":""QID131_LAST_CLICK""}","{""ImportId"":""QID131_PAGE_SUBMIT""}","{""ImportId"":""QID131_CLICK_COUNT""}","{""ImportId"":""QID58""}","{""ImportId"":""QID59""}","{""ImportId"":""QID60""}","{""ImportId"":""QID98""}","{""ImportId"":""QID132_FIRST_CLICK""}","{""ImportId"":""QID132_LAST_CLICK""}","{""ImportId"":""QID132_PAGE_SUBMIT""}","{""ImportId"":""QID132_CLICK_COUNT""}","{""ImportId"":""QID61""}","{""ImportId"":""QID133_FIRST_CLICK""}","{""ImportId"":""QID133_LAST_CLICK""}","{""ImportId"":""QID133_PAGE_SUBMIT""}","{""ImportId"":""QID133_CLICK_COUNT""}","{""ImportId"":""QID62""}","{""ImportId"":""QID63""}","{""ImportId"":""QID64""}","{""ImportId"":""QID99""}","{""ImportId"":""QID134_FIRST_CLICK""}","{""ImportId"":""QID134_LAST_CLICK""}","{""ImportId"":""QID134_PAGE_SUBMIT""}","{""ImportId"":""QID134_CLICK_COUNT""}","{""ImportId"":""QID65""}","{""ImportId"":""QID135_FIRST_CLICK""}","{""ImportId"":""QID135_LAST_CLICK""}","{""ImportId"":""QID135_PAGE_SUBMIT""}","{""ImportId"":""QID135_CLICK_COUNT""}","{""ImportId"":""QID66""}","{""ImportId"":""QID67""}","{""ImportId"":""QID68""}","{""ImportId"":""QID100""}","{""ImportId"":""QID136_FIRST_CLICK""}","{""ImportId"":""QID136_LAST_CLICK""}","{""ImportId"":""QID136_PAGE_SUBMIT""}","{""ImportId"":""QID136_CLICK_COUNT""}","{""ImportId"":""QID69""}","{""ImportId"":""QID137_FIRST_CLICK""}","{""ImportId"":""QID137_LAST_CLICK""}","{""ImportId"":""QID137_PAGE_SUBMIT""}","{""ImportId"":""QID137_CLICK_COUNT""}","{""ImportId"":""QID70""}","{""ImportId"":""QID71""}","{""ImportId"":""QID72""}","{""ImportId"":""QID101""}","{""ImportId"":""QID138_FIRST_CLICK""}","{""ImportId"":""QID138_LAST_CLICK""}","{""ImportId"":""QID138_PAGE_SUBMIT""}","{""ImportId"":""QID138_CLICK_COUNT""}","{""ImportId"":""QID73""}","{""ImportId"":""QID139_FIRST_CLICK""}","{""ImportId"":""QID139_LAST_CLICK""}","{""ImportId"":""QID139_PAGE_SUBMIT""}","{""ImportId"":""QID139_CLICK_COUNT""}","{""ImportId"":""QID74""}","{""ImportId"":""QID75""}","{""ImportId"":""QID76""}","{""ImportId"":""QID102""}","{""ImportId"":""QID140_FIRST_CLICK""}","{""ImportId"":""QID140_LAST_CLICK""}","{""ImportId"":""QID140_PAGE_SUBMIT""}","{""ImportId"":""QID140_CLICK_COUNT""}","{""ImportId"":""QID77""}","{""ImportId"":""QID141_FIRST_CLICK""}","{""ImportId"":""QID141_LAST_CLICK""}","{""ImportId"":""QID141_PAGE_SUBMIT""}","{""ImportId"":""QID141_CLICK_COUNT""}","{""ImportId"":""QID78""}","{""ImportId"":""QID79""}","{""ImportId"":""QID80""}","{""ImportId"":""QID103""}","{""ImportId"":""QID142_FIRST_CLICK""}","{""ImportId"":""QID142_LAST_CLICK""}","{""ImportId"":""QID142_PAGE_SUBMIT""}","{""ImportId"":""QID142_CLICK_COUNT""}","{""ImportId"":""QID81""}","{""ImportId"":""QID143_FIRST_CLICK""}","{""ImportId"":""QID143_LAST_CLICK""}","{""ImportId"":""QID143_PAGE_SUBMIT""}","{""ImportId"":""QID143_CLICK_COUNT""}","{""ImportId"":""QID82""}","{""ImportId"":""QID83""}","{""ImportId"":""QID84""}","{""ImportId"":""QID104""}","{""ImportId"":""QID144_FIRST_CLICK""}","{""ImportId"":""QID144_LAST_CLICK""}","{""ImportId"":""QID144_PAGE_SUBMIT""}","{""ImportId"":""QID144_CLICK_COUNT""}","{""ImportId"":""QID19_TEXT""}","{""ImportId"":""PROLIFIC_PID""}","{""ImportId"":""Create New Field or Choose From Dropdown...""}"
2026-08-13 22:46:07,2026-08-13 22:47:52,IP Address,,100,104,True,2026-08-13 22:47:53,R_5K9Ynh4GZBTlbwt,,,,,,,anonymous,EN,FL_EOS_ID,,,I consent to participate,,,,,,,,,,,,,,Probably not in the wrong,1.456,1.456,2.88,1,Very good,Very good,Definitely Response B,Definitely commenter B,1.352,2.619,3.297,4,,,,,,,,,,,,,,,,,,,,,,,,,,,,,,,,,,,,,,,,,,,,,,,,,,,,,,,,,,,,,,,,,,,,,,,,,,,,,,,Definitely in the wrong,3.02,3.02,5.012,1,Somewhat good,Somewhat good,Probably Response B,Probably commenter B,2.603,7.006,8.075,4,,,,,,,,,,,,,,,,,,,,,,,,,,,Probably in the wrong,27.741,28.144,29.157,2,Very good,Very good,Definitely Response B,Definitely commenter B,1.857,3.296,3.989,5,Unsure,1.144,1.144,2.434,1,Neither good nor bad,Neither good nor bad,About equally likely to listen to both,No preference,6.811,9.409,10.091,5,Probably not in the wrong,1.412,1.412,2.691,1,Very good,Very good,Probably Response A,Probably commenter A,1.299,3.332,4.398,4,,,,,,,,,,,,,,,,,,,,,,,,,,,,,,,,,,,,,,,,,,,,,,,,,,,,,,,,,,,,,,,,,,,,,,,,,,,,,,,Am I in the wrong for not wanting my wife to meet a friend late at night,,
2026-08-13 22:50:39,2026-08-13 22:51:35,IP Address,,100,56,True,2026-08-13 22:51:36,R_3EMTWe3IWw1zi8J,,,,,,,anonymous,EN,FL_EOS_ID,,,I consent to participate,,,,,,,,,,,,,,,,,,,,,,,,,,,,,,,,,,,,,,,,Definitely in the wrong,3.083,3.083,3.857,1,Very good,Very good,Definitely Response B,Definitely commenter B,1.743,4.158,4.539,6,Definitely in the wrong,0.695,1.044,1.635,2,Very good,Very good,Definitely Response B,Definitely commenter B,1.168,4.701,5.677,7,,,,,,,,,,,,,,,,,,,,,,,,,,,,,,,,,,,,,,,,,,,,,,,,,,,,,Definitely in the wrong,1.74,1.74,2.772,1,Very good,Very good,Definitely Response B,Definitely commenter B,1.552,2.905,3.445,4,,,,,,,,,,,,,,,,,,,,,,,,,,,,,,,,,,,,,,,,Definitely in the wrong,0.596,0.596,1.371,1,Very good,Very good,Definitely Response B,Definitely commenter B,1.446,2.565,3.374,4,,,,,,,,,,,,,,,,,,,,,,,,,,,,,,,,,,,,,,,,,,,,,,,,,,,,,Definitely in the wrong,0.826,0.826,1.967,1,Very good,Very good,Definitely Response B,Definitely commenter B,1.547,3.146,3.795,4,,,,,,,,,,,,,,am i the asshole,,
2026-08-13 22:52:25,2026-08-13 22:53:07,IP Address,,100,42,True,2026-08-13 22:53:07,R_12M9xjMDffNU3sD,,,,,,,anonymous,EN,FL_51,,,I consent to participate,,,,,,,,,,,,,,,,,,,,,,,,,,,,,,,,,,,,,,,,,,,,,,,,,,,,,,,,,,,,,,,,,,Definitely in the wrong,0.974,0.974,1.563,1,Very good,Very good,Definitely Response B,Definitely commenter B,1.317,2.801,3.204,5,,,,,,,,,,,,,,Definitely in the wrong,0.628,0.628,1.398,1,Very good,Very good,Definitely Response B,Definitely commenter B,0.464,2.864,3.762,5,Definitely in the wrong,0.893,0.893,1.7,1,Very good,Very good,Definitely Response B,Definitely commenter B,1.337,2.787,3.541,4,,,,,,,,,,,,,,,,,,,,,,,,,,,,,,,,,,,,,,,,Definitely in the wrong,0.626,1.171,1.619,2,Very good,Very good,Definitely Response B,Definitely commenter B,1.731,3.38,4.079,5,,,,,,,,,,,,,,,,,,,,,,,,,,,,,,,,,,,,,,,,,,,,,,,,,,,,,,,,,,,,,,,,,,,,,,,,,,,,,,,Definitely in the wrong,0.677,1.461,1.862,2,Very good,Very good,Definitely Response B,Definitely commenter B,1.231,2.53,3.194,4,test,,
2026-08-13 22:55:00,2026-08-13 22:56:18,IP Address,,100,77,True,2026-08-13 22:56:18,R_3MG8hYzjNkbwGiq,,,,,,,anonymous,EN,FL_51,,,I consent to participate,Definitely in the wrong,0.663,1.048,1.94,2,Very good,Very good,Definitely Response B,Definitely commenter B,1.489,2.523,3.066,4,,,,,,,,,,,,,,Definitely in the wrong,0.763,1.148,2.067,2,Very good,Very good,Definitely Response B,Definitely commenter B,1.521,3.169,3.604,6,,,,,,,,,,,,,,,,,,,,,,,,,,,,,,,,,,,,,,,,Definitely in the wrong,0.945,0.945,1.885,1,Very good,Very good,Definitely Response B,Definitely commenter B,1.677,2.711,3.461,4,,,,,,,,,,,,,,,,,,,,,,,,,,,,,,,,,,,,,,,,,,,,,,,,,,,,,Definitely in the wrong,27.118,27.118,27.929,1,Very good,Very good,Definitely Response B,Definitely commenter B,2.136,3.386,3.912,4,,,,,,,,,,,,,,,,,,,,,,,,,,,,,,,,,,,,,,,,Definitely in the wrong,0.959,0.959,1.936,1,Very good,Very good,Definitely Response B,Definitely commenter B,1.538,3.678,4.037,6,,,,,,,,,,,,,,,,,,,,,,,,,,,,,,,,,,,,,,,,,,,,,,,,,,,,,test,,
2026-08-13 23:00:35,2026-08-13 23:01:39,IP Address,,100,63,True,2026-08-13 23:01:39,R_5NzlWpqmBEB1eFC,,,,,,,anonymous,EN,FL_51,,,I consent to participate,,,,,,,,,,,,,,,,,,,,,,,,,,,Unsure,1.23,1.23,2.756,1,Very good,Very good,Definitely Response B,Definitely commenter B,1.199,3.65,5.202,5,,,,,,,,,,,,,,Definitely in the wrong,1.306,2.705,3.682,2,Very good,Very good,Definitely Response B,Definitely commenter B,1.27,3.472,4.067,5,,,,,,,,,,,,,,,,,,,,,,,,,,,,,,,,,,,,,,,,,,,,,,,,,,,,,,,,,,,,,,,,,,Definitely in the wrong,1.021,3.241,4.054,4,Very bad,Very bad,Definitely Response A,Definitely commenter A,1.741,2.69,3.535,4,,,,,,,,,,,,,,Definitely in the wrong,0.704,0.704,1.132,1,Very good,Good,Probably Response B,No preference,1.465,4.283,4.649,6,,,,,,,,,,,,,,,,,,,,,,,,,,,,,,,,,,,,,,,,,,,,,,,,,,,,,Definitely in the wrong,1.278,1.278,2.389,1,Very good,Very good,Definitely Response B,Definitely commenter B,1.707,3.074,5.769,4,,,,,,,,,,,,,,,,,,,,,,,,,,,test,,
2026-08-13 23:06:59,2026-08-13 23:07:47,IP Address,,100,47,True,2026-08-13 23:07:47,R_6SZVZbMU22bS3u1,,,,,,,anonymous,EN,FL_51,,,I consent to participate,Definitely in the wrong,0.874,0.874,1.987,1,Very good,Very good,Definitely Response B,Definitely commenter B,1.376,2.76,3.69,4,,,,,,,,,,,,,,,,,,,,,,,,,,,Definitely in the wrong,1.012,1.012,1.943,1,Very good,Very good,Definitely Response B,Definitely commenter B,0.791,2.324,3.194,4,,,,,,,,,,,,,,,,,,,,,,,,,,,,,,,,,,,,,,,,,,,,,,,,,,,,,,,,,,,,,,,,,,,,,,,,,,,,,,,,,,,,,,,,,,,,,,,,,,,,,,,,,,,,,,,,,,,,,,,,,,,,,,,,,,,,,,,,,,,,,,,,Definitely in the wrong,0.93,0.93,2.423,1,Very good,Very good,Definitely Response B,Definitely commenter B,1.238,4.223,4.884,6,,,,,,,,,,,,,,,,,,,,,,,,,,,Definitely in the wrong,0.886,0.886,1.962,1,Very good,Very good,Definitely Response B,Definitely commenter B,2.053,3.069,4.03,4,Definitely in the wrong,0.89,3.222,4.167,2,Very good,Very good,Definitely Response B,Definitely commenter B,1.345,2.626,3.356,4,teset,,
2026-08-13 23:16:45,2026-08-13 23:22:56,IP Address,,100,370,True,2026-08-13 23:22:56,R_6rVHOSQ4DHDHmIP,,,,,,,anonymous,EN,FL_51,,,I consent to participate,,,,,,,,,,,,,,Definitely not in the wrong,36.012,36.012,37.572,1,Good,Good,Definitely Response A,Probably commenter A,17.713,28.723,30.261,4,,,,,,,,,,,,,,,,,,,,,,,,,,,,,,,,,,,,,,,,Definitely in the wrong,35.544,35.544,36.25,1,Good,Very good,Definitely Response A,Probably commenter B,22.73,36.912,37.871,5,,,,,,,,,,,,,,Definitely not in the wrong,26.523,26.523,27.604,1,Somewhat good,Bad,Definitely Response A,Definitely commenter A,23.384,38.511,39.401,8,,,,,,,,,,,,,,,,,,,,,,,,,,,,,,,,,,,,,,,,Definitely not in the wrong,22.849,22.849,25.839,1,Somewhat good,Somewhat good,About equally likely to listen to both,No preference,17.429,23.683,24.087,5,,,,,,,,,,,,,,,,,,,,,,,,,,,Definitely in the wrong,7.687,15.534,16.358,3,Somewhat bad,Very good,Definitely Response B,Definitely commenter B,16.283,20.331,21.307,4,,,,,,,,,,,,,,,,,,,,,,,,,,,,,,,,,,,,,,,,,,,,,,,,,,,,,,,,,,,,,,,,,,Let kids be kids and let them enjoy their summer! ,,
2026-08-13 23:21:26,2026-08-13 23:31:53,IP Address,,100,627,True,2026-08-13 23:31:54,R_6txXnNcwnOiksBH,,,,,,,anonymous,EN,FL_51,,,I consent to participate,Unsure,89.302,89.832,90.622,2,Neither good nor bad,Neither good nor bad,Probably Response B,Probably commenter B,30.376,41.208,41.691,4,,,,,,,,,,,,,,,,,,,,,,,,,,,,,,,,,,,,,,,,,,,,,,,,,,,,,,,,,,,,,,,,,,,,,,,,,,,,,,,,,,,,,,,,,,,,,,,,,,,,,,,,,Probably in the wrong,7.544,38.974,40.305,8,Good,Somewhat good,Probably Response A,Probably commenter A,8.116,52.682,52.965,10,,,,,,,,,,,,,,,,,,,,,,,,,,,Probably in the wrong,5.847,25.614,26.29,3,Somewhat good,Good,Probably Response B,Probably commenter B,4.953,51.809,52.323,9,,,,,,,,,,,,,,,,,,,,,,,,,,,,,,,,,,,,,,,,Definitely in the wrong,3.154,28.927,30.48,5,Neither good nor bad,Somewhat good,Definitely Response B,Definitely commenter B,3.181,53.02,53.926,9,,,,,,,,,,,,,,Probably in the wrong,8.152,57.152,58.307,6,Somewhat good,Good,Probably Response B,Probably commenter B,12.031,99.719,100.607,8,,,,,,,,,,,,,,the glowing screen distracting other people,,
2026-08-13 23:23:33,2026-08-13 23:31:56,IP Address,,100,502,True,2026-08-13 23:31:56,R_5ZiNcmLNW7GZORr,,,,,,,anonymous,EN,FL_51,,,I consent to participate,,,,,,,,,,,,,,Definitely not in the wrong,45.468,48.438,49.624,3,Somewhat good,Bad,Probably Response A,Probably commenter A,7.595,26.524,27.178,8,Probably in the wrong,25.818,25.818,27.082,1,Very bad,Good,Definitely Response B,Definitely commenter B,7.357,18.812,19.788,8,,,,,,,,,,,,,,Probably in the wrong,75.042,75.042,76.179,1,Somewhat bad,Good,Definitely Response B,Definitely commenter B,10.855,16.325,20.123,6,,,,,,,,,,,,,,,,,,,,,,,,,,,,,,,,,,,,,,,,,,,,,,,,,,,,,,,,,,,,,,,,,,,,,,,,,,,,,,,Definitely not in the wrong,46.768,47.508,48.821,2,Somewhat good,Somewhat good,About equally likely to listen to both,No preference,22.512,27.308,28.561,6,,,,,,,,,,,,,,Probably not in the wrong,132.099,132.619,133.52,2,Good,Bad,Definitely Response A,Definitely commenter A,10.837,16.495,17.485,5,,,,,,,,,,,,,,,,,,,,,,,,,,,,,,,,,,,,,,,,,,,,,,,,,,,,,,,,,,,,,,,,,,,,,,,,,,,,,,,How do you know he is a perverted 27 year old? What has he done to make you think that?,,
2026-08-13 23:29:31,2026-08-13 23:33:57,IP Address,,100,265,True,2026-08-13 23:33:57,R_7VpubV2cpfUbUJz,,,,,,,anonymous,EN,FL_51,,,I consent to participate,,,,,,,,,,,,,,,,,,,,,,,,,,,,,,,,,,,,,,,,,,,,,,,,,,,,,,,,,,,,,,,,,,Probably in the wrong,15.305,15.305,17.384,1,Somewhat good,Somewhat good,Probably Response A,No preference,15.473,24.538,26.941,4,Probably in the wrong,17.72,17.72,20.126,1,Neither good nor bad,Somewhat good,Probably Response B,Probably commenter B,7.926,11.737,12.708,5,Definitely in the wrong,16.177,16.177,16.859,1,Neither good nor bad,Neither good nor bad,Probably Response B,Probably commenter A,17.73,22.34,24.022,6,,,,,,,,,,,,,,,,,,,,,,,,,,,Definitely in the wrong,24.328,24.328,25.472,1,Neither good nor bad,Neither good nor bad,Probably Response A,Probably commenter B,11.15,14.227,14.908,4,,,,,,,,,,,,,,,,,,,,,,,,,,,,,,,,,,,,,,,,,,,,,,,,,,,,,Probably not in the wrong,15.826,15.826,16.815,1,Somewhat good,Somewhat good,Probably Response B,Probably commenter B,20.915,26.245,27.144,4,,,,,,,,,,,,,,,,,,,,,,,,,,,,,,,,,,,,,,,,,,,,,,,,,,,,,asking her to spend time with your new family might make her feel like you value spending time with them more than her,,
2026-08-13 23:30:33,2026-08-13 23:38:57,IP Address,,100,503,True,2026-08-13 23:38:58,R_5ZZC81xKl35Ouqd,,,,,,,anonymous,EN,FL_51,,,I consent to participate,,,,,,,,,,,,,,,,,,,,,,,,,,,,,,,,,,,,,,,,Definitely in the wrong,47.19,47.19,47.946,1,Very good,Very good,Definitely Response A,Probably commenter A,39.27,57.763,59.108,4,,,,,,,,,,,,,,,,,,,,,,,,,,,,,,,,,,,,,,,,,,,,,,,,,,,,,Definitely in the wrong,39.531,39.531,41.027,1,Very good,Very good,Probably Response A,Probably commenter A,39.326,42.318,43.927,4,,,,,,,,,,,,,,,,,,,,,,,,,,,,,,,,,,,,,,,,,,,,,,,,,,,,,,,,,,,,,,,,,,Probably in the wrong,40.84,40.84,41.723,1,Somewhat good,Very good,Definitely Response B,Definitely commenter B,42.328,46.338,49.294,5,,,,,,,,,,,,,,,,,,,,,,,,,,,Probably in the wrong,42.139,42.139,44.382,1,Very good,Neither good nor bad,Definitely Response A,Definitely commenter A,35.677,41.855,42.967,4,,,,,,,,,,,,,,Probably in the wrong,24.618,24.618,25.483,1,Very good,Somewhat good,Definitely Response A,Definitely commenter A,34.62,37.236,39.789,4,Let your kid have fun enjoying summer instead of slaving away at school all the time its his childhood he should enjoy it ,,
2026-08-13 23:41:18,2026-08-13 23:49:45,IP Address,,100,506,True,2026-08-13 23:49:45,R_3zGwi3OYngGb0at,,,,,,,anonymous,EN,FL_51,,,I consent to participate,Probably not in the wrong,62.371,62.371,63.551,1,Somewhat bad,Somewhat bad,About equally likely to listen to both,No preference,12.931,16.171,17.792,4,Definitely in the wrong,66.38,66.38,67.64,1,Somewhat good,Very good,Definitely Response B,Definitely commenter B,27.352,30.56,31.916,4,,,,,,,,,,,,,,,,,,,,,,,,,,,,,,,,,,,,,,,,,,,,,,,,,,,,,,,,,,,,,,,,,,Definitely not in the wrong,35.369,35.369,36.821,1,Somewhat good,Very bad,Probably Response A,Probably commenter A,14.298,26.107,27.375,7,,,,,,,,,,,,,,,,,,,,,,,,,,,,,,,,,,,,,,,,,,,,,,,,,,,,,,,,,,,,,,,,,,,,,,,,,,,,,,,Probably in the wrong,38.61,38.61,39.878,1,Very good,Very good,Definitely Response B,Definitely commenter B,24.235,29.059,29.902,4,Probably in the wrong,58.558,58.558,59.906,1,Very good,Very bad,Definitely Response A,Definitely commenter A,10.361,29.81,31.503,6,,,,,,,,,,,,,,,,,,,,,,,,,,,,,,,,,,,,,,,,,,,,,,,,,,,,,A woman was going on vacation wit hher ageing parents and siblings and was debating whether or not should should cancel the trip to be there for her partner whos' parent was dying. ,,
2026-08-13 23:42:22,2026-08-13 23:51:21,IP Address,,100,538,True,2026-08-13 23:51:22,R_11HhdC4Y6RZFTG1,,,,,,,anonymous,EN,FL_51,,,I consent to participate,Unsure,39.186,39.186,40.288,1,Somewhat bad,Good,Probably Response B,Probably commenter B,19.398,38.713,39.765,8,,,,,,,,,,,,,,,,,,,,,,,,,,,,,,,,,,,,,,,,,,,,,,,,,,,,,,,,,,,,,,,,,,,,,,,,,,,,,,,,,,,,,,,,,,,,Definitely in the wrong,21.341,21.341,25.182,1,Somewhat good,Good,Definitely Response B,Definitely commenter B,3.753,15.082,16.313,5,Probably not in the wrong,97.093,110.539,122.05,3,Somewhat good,Somewhat good,Probably Response A,Probably commenter A,87.724,109.856,111.57,6,,,,,,,,,,,,,,,,,,,,,,,,,,,Probably in the wrong,22.071,22.071,24.911,1,Somewhat good,Somewhat good,Probably Response B,Probably commenter B,11.801,15.264,17.454,4,,,,,,,,,,,,,,,,,,,,,,,,,,,,,,,,,,,,,,,,Probably not in the wrong,32.601,32.601,33.727,1,Bad,Good,Definitely Response B,Definitely commenter B,19.669,37.47,38.661,5,,,,,,,,,,,,,,,,,,,,,,,,,,,,,,,,,,,,,,,,"The wife is potentially putting her life at risk given the surgery, despite both people entering the relationship wanting the same thing.",,
2026-08-13 23:40:10,2026-08-13 23:53:53,IP Address,,100,823,True,2026-08-13 23:53:53,R_3JrAlZ6toij1g4Q,,,,,,,anonymous,EN,FL_51,,,I consent to participate,,,,,,,,,,,,,,,,,,,,,,,,,,,,,,,,,,,,,,,,,,,,,,,,,,,,,,,,,,,,,,,,,,,,,,,,,,,,,,,Probably in the wrong,35.358,37.359,38.662,2,Somewhat good,Very good,Definitely Response B,Definitely commenter B,58.313,65.605,67.57,5,,,,,,,,,,,,,,,,,,,,,,,,,,,Probably in the wrong,94.755,95.82,96.954,2,Good,Somewhat good,Definitely Response A,Definitely commenter A,65.322,77.198,78.554,7,,,,,,,,,,,,,,,,,,,,,,,,,,,Probably in the wrong,1.18,44.305,45.893,2,Somewhat good,Very good,Definitely Response B,Definitely commenter B,1.057,54.793,55.842,9,,,,,,,,,,,,,,,,,,,,,,,,,,,,,,,,,,,,,,,,,,,,,,,,,,,,,,,,,,,,,,,,,,Probably in the wrong,1.251,33.305,34.353,2,Good,Good,About equally likely to listen to both,Probably commenter B,17.093,23.604,24.794,5,Probably in the wrong,1.583,44.729,46.246,2,Very good,Somewhat good,Definitely Response A,Definitely commenter A,40.134,55.88,57.472,6,"You're wrong to think that you should deceive your child. The best way to maintain the magic of Santa is to write the letter from Santa, rather than to pretend to be Santa!",,
2026-08-13 23:40:39,2026-08-13 23:55:33,IP Address,,100,893,True,2026-08-13 23:55:33,R_3HztPOleh3rtyuD,,,,,,,anonymous,EN,FL_51,,,I consent to participate,,,,,,,,,,,,,,,,,,,,,,,,,,,Definitely in the wrong,40.636,40.636,41.589,1,Very good,Good,Definitely Response A,Definitely commenter A,90.408,98.735,99.805,4,,,,,,,,,,,,,,,,,,,,,,,,,,,Definitely in the wrong,57.666,57.666,58.516,1,Good,Very good,Definitely Response B,Definitely commenter B,57.475,62.362,63.373,4,,,,,,,,,,,,,,,,,,,,,,,,,,,Definitely in the wrong,73.069,73.069,74.559,1,Very good,Good,Probably Response A,Definitely commenter A,51.918,73.757,75.007,4,,,,,,,,,,,,,,,,,,,,,,,,,,,Definitely in the wrong,61.366,61.366,63.239,1,Good,Very good,Probably Response B,Definitely commenter B,65.106,82.09,86.205,5,,,,,,,,,,,,,,Definitely in the wrong,42.023,42.023,43.69,1,Good,Good,Probably Response B,Probably commenter B,77.269,109.988,111.028,5,,,,,,,,,,,,,,,,,,,,,,,,,,,,,,,,,,,,,,,,,,,,,,,,,,,,,,,,,,,,,,,,,,,,,,,,,,,,,,,"I guess the last one. About the woman publicly shaming a guy for taking pictures of a home. I am just blown away by the fact it sounds so plausible, people today think they have the right to get into anyone's business, judge anyone, shame anyone, for any little thing. I really appreciated the first response that was so politically incorrect. Like there's nothing wrong with taking photos of a home's exterior. But with profanity to add emphasis )",,
2026-08-13 23:40:39,2026-08-13 23:57:05,IP Address,,100,985,True,2026-08-13 23:57:05,R_7Z3uA1M31gAytG1,,,,,,,anonymous,EN,FL_51,,,I consent to participate,,,,,,,,,,,,,,,,,,,,,,,,,,,,,,,,,,,,,,,,Probably in the wrong,102.105,102.105,104.264,1,Good,Somewhat good,Definitely Response A,Definitely commenter A,22.575,32.582,34.877,4,Probably not in the wrong,113.106,113.106,114.29,1,Somewhat good,Good,Probably Response B,Probably commenter B,54.432,61.515,63.945,4,,,,,,,,,,,,,,,,,,,,,,,,,,,,,,,,,,,,,,,,,,,,,,,,,,,,,,,,,,,,,,,,,,Probably in the wrong,143.785,143.785,144.737,1,Somewhat good,Good,Probably Response B,Probably commenter B,29.997,40.557,42.193,4,,,,,,,,,,,,,,,,,,,,,,,,,,,,,,,,,,,,,,,,,,,,,,,,,,,,,,,,,,,,,,,,,,Probably not in the wrong,77.316,77.316,78.522,1,Somewhat good,Good,About equally likely to listen to both,Probably commenter B,65.435,77.737,78.786,4,Definitely not in the wrong,132.098,132.098,133.218,1,Very good,Somewhat good,Probably Response A,Probably commenter A,36.847,58.674,60.713,4,,,,,,,,,,,,,,,,,,,,,,,,,,,"The decision to reveal Santa as a fictional character should have been a joint parental one,",,
2026-08-13 23:54:39,2026-08-14 00:01:00,IP Address,,100,381,True,2026-08-14 00:01:01,R_1IbCWzmhIjdq4h2,,,,,,,anonymous,EN,FL_51,,,I consent to participate,,,,,,,,,,,,,,,,,,,,,,,,,,,,,,,,,,,,,,,,,,,,,,,,,,,,,Probably not in the wrong,67.215,67.747,68.911,2,Somewhat bad,Somewhat good,Probably Response B,Probably commenter B,7.213,9.899,10.474,4,,,,,,,,,,,,,,,,,,,,,,,,,,,Unsure,8.424,32.726,33.651,2,Somewhat bad,Somewhat bad,About equally likely to listen to both,No preference,14.828,17.324,18.069,4,,,,,,,,,,,,,,,,,,,,,,,,,,,Definitely not in the wrong,21.942,21.942,23.547,1,Somewhat bad,Somewhat good,Probably Response B,Probably commenter B,28.112,32.078,32.883,4,,,,,,,,,,,,,,,,,,,,,,,,,,,,,,,,,,,,,,,,Probably in the wrong,35.9,36.872,37.876,2,Somewhat bad,Good,Definitely Response B,Definitely commenter B,9.157,15.747,16.882,6,Unsure,15.141,16.133,16.888,2,Somewhat bad,Somewhat bad,About equally likely to listen to both,No preference,15.365,17.501,18.426,4,,,,,,,,,,,,,,,,,,,,,,,,,,,,,,,,,,,,,,,,,,,,,,,,,,,,,"I thought that the responses using profanity, even ""asterisked out,"" set an antagonistic tone and so deprecated them.",,
2026-08-13 23:56:38,2026-08-14 00:07:12,IP Address,,100,633,True,2026-08-14 00:07:12,R_6mkttKJbkbUJyS9,,,,,,,anonymous,EN,FL_51,,,I consent to participate,,,,,,,,,,,,,,,,,,,,,,,,,,,,,,,,,,,,,,,,Definitely in the wrong,40.607,40.607,41.844,1,Very good,Somewhat bad,Definitely Response A,Definitely commenter A,29.872,46.338,47.792,5,,,,,,,,,,,,,,Probably in the wrong,33.226,33.226,34.178,1,Good,Somewhat good,Definitely Response A,Probably commenter A,36.082,47.637,50.292,5,Probably in the wrong,98,98,100.372,1,Somewhat bad,Somewhat good,Probably Response B,Probably commenter B,41.76,49.978,54.664,4,,,,,,,,,,,,,,,,,,,,,,,,,,,,,,,,,,,,,,,,,,,,,,,,,,,,,Unsure,48.273,48.273,50.077,1,Very good,Good,Definitely Response A,Probably commenter A,37.659,43.66,44.73,4,,,,,,,,,,,,,,Probably in the wrong,40.364,40.364,41.267,1,Very good,Somewhat good,Definitely Response A,Probably commenter A,35.992,50.225,51.294,4,,,,,,,,,,,,,,,,,,,,,,,,,,,,,,,,,,,,,,,,,,,,,,,,,,,,,,,,,,,,,,,,,,,,,,,,,,,,,,,The decision to tell the kid santa wasnt real was made with the intention of being honest but should have been a conversation between you and your wife. Revealing that to your child who is young and still enjoys the tradition was a selfish choice.,,
2026-08-13 23:58:40,2026-08-14 00:10:59,IP Address,,100,739,True,2026-08-14 00:10:59,R_61Krhoyb4GiPbnb,,,,,,,anonymous,EN,FL_51,,,I consent to participate,,,,,,,,,,,,,,Definitely in the wrong,6.009,33.528,34.904,4,Good,Somewhat bad,Probably Response A,Probably commenter A,13.959,124.994,129.826,8,Probably not in the wrong,1.841,22.343,26.102,2,Bad,Good,Probably Response B,Probably commenter B,12.521,77.767,79.669,5,,,,,,,,,,,,,,,,,,,,,,,,,,,,,,,,,,,,,,,,,,,,,,,,,,,,,,,,,,,,,,,,,,,,,,,,,,,,,,,,,,,,,,,,,,,,,,,,,,,,,,,,,,,,,,,,,,,,,,,,,,,,,,,,,,,,,,,,,,,,,,,,,,,,,,,,,,,,,,,,,,,,,,,,,,,,,,,,,,,,,,,Definitely in the wrong,2.742,29.956,30.88,2,Good,Somewhat bad,Probably Response A,Probably commenter A,43.477,74.876,76.643,4,Probably in the wrong,21.262,21.262,23.228,1,Somewhat bad,Good,Probably Response B,Probably commenter B,1.58,38.058,40.183,5,Probably in the wrong,4.32,46.853,48.788,3,Good,Somewhat good,Probably Response A,Probably commenter A,4.012,69.241,71.439,5,"From the road trip situation, Response B said: ""Splitting the fuel from the start and again at the end was a fair way to share some of the cost of the trip."" I liked that because it acknowledged the writer's concern while explaining why the group's approach was reasonable.",,
2026-08-14 00:07:12,2026-08-14 00:14:58,IP Address,,100,466,True,2026-08-14 00:14:59,R_5AFMy3OMgYmGLKH,,,,,,,anonymous,EN,FL_51,,,I consent to participate,,,,,,,,,,,,,,,,,,,,,,,,,,,Probably not in the wrong,41.401,41.401,42.782,1,Neither good nor bad,Somewhat good,About equally likely to listen to both,No preference,2.52,8.015,37.644,5,Unsure,1.403,1.403,3.359,1,Somewhat good,Neither good nor bad,Probably Response B,No preference,2.004,4.529,5.32,5,Probably in the wrong,35.09,35.09,36.165,1,Somewhat good,Neither good nor bad,About equally likely to listen to both,No preference,2.537,5.851,8.022,5,,,,,,,,,,,,,,,,,,,,,,,,,,,,,,,,,,,,,,,,,,,,,,,,,,,,,,,,,,,,,,,,,,Probably not in the wrong,1.623,2.231,3.508,2,Somewhat good,Somewhat bad,About equally likely to listen to both,Probably commenter A,2.08,7.362,8.199,6,,,,,,,,,,,,,,Probably in the wrong,1.051,1.051,2.868,1,Neither good nor bad,Neither good nor bad,About equally likely to listen to both,No preference,1.928,3.89,7,4,,,,,,,,,,,,,,,,,,,,,,,,,,,,,,,,,,,,,,,,,,,,,,,,,,,,,,,,,,,,,,,,,,,,,,,,,,,,,,,,,,,,,,,,,,,,"Well, for the person taking pictures of a house. The truth is if you have no ideaq of whose house he is taking photo of you just have to respect yourself and go your way without interrogating anyone",,
2026-08-14 00:00:41,2026-08-14 00:17:07,IP Address,,100,985,True,2026-08-14 00:17:08,R_64AV7kL53h1FEHc,,,,,,,anonymous,EN,FL_51,,,I consent to participate,Probably not in the wrong,160.536,160.536,162.838,1,Somewhat good,Good,Probably Response B,Probably commenter B,21.541,32.24,34.181,5,,,,,,,,,,,,,,,,,,,,,,,,,,,,,,,,,,,,,,,,,,,,,,,,,,,,,Definitely in the wrong,105.558,106.342,106.997,2,Very good,Somewhat good,Probably Response A,Probably commenter A,25.781,33.531,34.838,5,,,,,,,,,,,,,,,,,,,,,,,,,,,,,,,,,,,,,,,,,,,,,,,,,,,,,,,,,,,,,,,,,,,,,,,,,,,,,,,,,,,,,,,,,,,,Probably in the wrong,168.873,168.873,170.261,1,Good,Very good,About equally likely to listen to both,No preference,8.342,17.025,18.915,4,Definitely in the wrong,59.955,59.955,60.978,1,Very good,Somewhat good,Definitely Response A,Definitely commenter A,5.517,13.533,14.488,5,,,,,,,,,,,,,,,,,,,,,,,,,,,,,,,,,,,,,,,,,,,,,,,,,,,,,Definitely in the wrong,5.767,6.767,7.301,2,Good,Good,About equally likely to listen to both,No preference,9.192,16.609,17.116,6,Trying to replace a dead dog instead of telling your daughter what happened is wrong,,
2026-08-14 00:14:21,2026-08-14 00:19:54,IP Address,,100,333,True,2026-08-14 00:19:55,R_1KkCtkU7gVnF5Ic,,,,,,,anonymous,EN,FL_51,,,I consent to participate,,,,,,,,,,,,,,,,,,,,,,,,,,,,,,,,,,,,,,,,,,,,,,,,,,,,,,,,,,,,,,,,,,,,,,,,,,,,,,,,,,,,,,,,,,,,,,,,,,,,,,,,,,,,,,,,,,,,,,Probably not in the wrong,27.994,27.994,30.148,1,Good,Somewhat bad,Probably Response A,Probably commenter A,10.026,17.575,18.548,5,,,,,,,,,,,,,,Probably not in the wrong,29.859,29.859,30.948,1,Good,Somewhat good,Probably Response A,Probably commenter A,46.696,56.313,57.517,4,,,,,,,,,,,,,,,,,,,,,,,,,,,,,,,,,,,,,,,,Probably not in the wrong,26.15,26.15,26.988,1,Good,Somewhat good,Probably Response A,Probably commenter A,17.938,24.972,25.41,5,Probably not in the wrong,20.637,20.637,21.575,1,Very good,Somewhat bad,Definitely Response B,Definitely commenter B,7.37,20.87,22.008,4,Definitely in the wrong,8.055,8.055,12.375,1,Good,Somewhat good,Probably Response A,Probably commenter A,11.212,14.995,21.418,4,,,,,,,,,,,,,,,,,,,,,,,,,,,As a dog owner I wouldn't mind but if I wasn't I would be pretty pissed ,,
2026-08-14 00:12:09,2026-08-14 00:20:56,IP Address,,100,527,True,2026-08-14 00:20:57,R_3XnX4P1AcLGp2HD,,,,,,,anonymous,EN,FL_51,,,I consent to participate,,,,,,,,,,,,,,Probably in the wrong,26.233,26.233,29.101,1,Good,Neither good nor bad,About equally likely to listen to both,No preference,7.061,15.078,38.466,4,,,,,,,,,,,,,,,,,,,,,,,,,,,,,,,,,,,,,,,,,,,,,,,,,,,,,Definitely in the wrong,30.943,31.861,35.615,2,Very good,Very good,Probably Response B,Probably commenter A,4.649,26.2,27.021,5,Probably not in the wrong,54.551,54.551,60.855,1,Somewhat good,Very good,Probably Response B,No preference,30.48,43.797,48.187,6,Definitely in the wrong,32.81,32.81,36.397,1,Neither good nor bad,Very good,Definitely Response B,Definitely commenter B,2.865,25.114,41.771,7,,,,,,,,,,,,,,,,,,,,,,,,,,,,,,,,,,,,,,,,,,,,,,,,,,,,,,,,,,,,,,,,,,,,,,,,,,,,,,,,,,,,,,,,,,,,,,,,,,,,,,,,,,,,,,,,,,,,,,Unsure,67.147,67.147,68.182,1,Very good,Very good,About equally likely to listen to both,No preference,13.374,18.341,24.679,4,,,,,,,,,,,,,,A teenage daughter didn't feel like going out for the holidays with her dad to meet their extended family ,,
2026-08-14 00:30:11,2026-08-14 00:40:16,IP Address,,100,605,True,2026-08-14 00:40:17,R_5KEmbtBSXjmvUkh,,,,,,,anonymous,EN,FL_51,,,I consent to participate,,,,,,,,,,,,,,,,,,,,,,,,,,,,,,,,,,,,,,,,,,,,,,,,,,,,,Unsure,58.526,58.526,59.883,1,Good,Good,About equally likely to listen to both,No preference,22.496,30.59,32.94,5,,,,,,,,,,,,,,,,,,,,,,,,,,,Probably not in the wrong,29.762,29.762,34.229,1,Somewhat good,Good,About equally likely to listen to both,Probably commenter B,17.687,39.4,40.938,5,Definitely in the wrong,71.5,71.5,72.895,1,Somewhat good,Very good,Probably Response B,Definitely commenter B,74.763,87.235,90.628,4,,,,,,,,,,,,,,Probably in the wrong,33.663,33.663,35,1,Neither good nor bad,Good,Probably Response B,Definitely commenter B,15.159,18.65,19.768,4,Definitely not in the wrong,34.968,34.968,36.837,1,Neither good nor bad,Good,Probably Response B,Probably commenter B,53.057,58.552,59.779,4,,,,,,,,,,,,,,,,,,,,,,,,,,,,,,,,,,,,,,,,,,,,,,,,,,,,,,,,,,,,,,,,,,,,,,,,,,,,,,,,,,,,,,,,,,,,,,,,,,,,,,,,,one of the responses was basically saying the guy had a big ego and needed to grow up ,,
2026-08-14 00:45:59,2026-08-14 01:05:40,IP Address,,100,1180,True,2026-08-14 01:05:40,R_5D6cnCuktggXqWh,,,,,,,anonymous,EN,FL_51,,,I consent to participate,,,,,,,,,,,,,,Probably in the wrong,1.442,98.562,100.959,36,Very good,Neither good nor bad,Definitely Response A,Definitely commenter A,59.25,154.901,158.251,47,Definitely in the wrong,7.267,74.418,76.505,15,Bad,Very good,Probably Response B,Definitely commenter B,5.411,82.317,84.382,37,Definitely not in the wrong,87.023,94.243,95.768,23,Somewhat good,Bad,Probably Response A,Definitely commenter A,6.652,105.501,108.292,43,,,,,,,,,,,,,,,,,,,,,,,,,,,Probably not in the wrong,94.22,143.064,145.637,15,Somewhat bad,Good,Probably Response B,Probably commenter B,19.287,92.961,96.378,43,,,,,,,,,,,,,,,,,,,,,,,,,,,,,,,,,,,,,,,,,,,,,,,,,,,,,,,,,,,,,,,,,,,,,,,,,,,,,,,,,,,,,,,,,,,,,,,,,,,,,,,,,Definitely not in the wrong,74.457,77.901,81.279,13,Very good,Somewhat good,Definitely Response A,Definitely commenter A,6.556,101.332,104.266,49,,,,,,,,,,,,,,,,,,,,,,,,,,,,,,,,,,,,,,,,,,,,,,,,,,,,,not sure,,
2026-08-14 01:04:39,2026-08-14 01:14:31,IP Address,,100,592,True,2026-08-14 01:14:32,R_6yvolnhCjC74Qa5,,,,,,,anonymous,EN,FL_51,,,I consent to participate,Probably not in the wrong,71.239,71.239,73.691,1,Somewhat bad,Somewhat bad,About equally likely to listen to both,No preference,25.056,35.424,36.655,6,,,,,,,,,,,,,,,,,,,,,,,,,,,,,,,,,,,,,,,,,,,,,,,,,,,,,,,,,,,,,,,,,,,,,,,,,,,,,,,,,,,,,,,,,,,,,,,,,,,,,,,,,Probably not in the wrong,10.206,12.495,13.388,2,Good,Somewhat good,Probably Response A,Probably commenter A,17.113,21.998,23.986,5,,,,,,,,,,,,,,,,,,,,,,,,,,,,,,,,,,,,,,,,,,,,,,,,,,,,,Unsure,63.363,63.363,65.045,1,Somewhat good,Somewhat good,About equally likely to listen to both,No preference,14.324,19.064,20.929,4,,,,,,,,,,,,,,Probably in the wrong,55.673,55.673,56.901,1,Good,Good,Probably Response A,Probably commenter A,14.841,19.45,22.074,4,,,,,,,,,,,,,,,,,,,,,,,,,,,Probably in the wrong,49.677,49.677,50.876,1,Good,Somewhat bad,Definitely Response A,Definitely commenter A,47.427,56.142,57.895,4,I recall the one about buying a puppy to lie that the old dog de-aged One response said that it was a wrong move since the kid will be confused as she gets older and learns more about death.,,
2026-08-14 01:15:51,2026-08-14 01:21:13,IP Address,,100,322,True,2026-08-14 01:21:14,R_1LmiCu1zuw4kkzD,,,,,,,anonymous,EN,FL_51,,,I consent to participate,,,,,,,,,,,,,,Unsure,11.414,11.414,12.522,1,Neither good nor bad,Neither good nor bad,Probably Response B,Probably commenter B,1.807,13.593,14.612,6,,,,,,,,,,,,,,,,,,,,,,,,,,,,,,,,,,,,,,,,,,,,,,,,,,,,,Unsure,31.999,31.999,33.383,1,Somewhat good,Neither good nor bad,Probably Response A,Probably commenter A,18.928,63.545,64.703,8,Probably in the wrong,30.89,30.89,31.801,1,Somewhat good,Somewhat bad,Probably Response A,Probably commenter B,7.913,31.34,31.874,7,,,,,,,,,,,,,,,,,,,,,,,,,,,,,,,,,,,,,,,,,,,,,,,,,,,,,,,,,,,,,,,,,,Definitely in the wrong,11.109,11.109,14.467,1,Somewhat bad,Somewhat good,Probably Response A,Probably commenter B,2.218,37.695,39.077,8,,,,,,,,,,,,,,,,,,,,,,,,,,,Definitely in the wrong,11.079,11.079,14.115,1,Neither good nor bad,Somewhat good,Probably Response B,Probably commenter B,5.438,13.403,14.427,6,,,,,,,,,,,,,,,,,,,,,,,,,,,,,,,,,,,,,,,,Think about what a 13 year old feels.,,
2026-08-14 01:16:06,2026-08-14 01:22:14,IP Address,,100,367,True,2026-08-14 01:22:14,R_3qKxLLwASh3NR3S,,,,,,,anonymous,EN,FL_51,,,I consent to participate,,,,,,,,,,,,,,,,,,,,,,,,,,,Probably not in the wrong,22.72,22.72,27.109,1,Very bad,Somewhat bad,Probably Response B,Probably commenter B,13.078,24.826,26.157,4,,,,,,,,,,,,,,,,,,,,,,,,,,,Definitely in the wrong,23.005,23.005,23.545,1,Good,Somewhat bad,Probably Response A,Probably commenter A,6.048,17.827,20.226,4,,,,,,,,,,,,,,,,,,,,,,,,,,,,,,,,,,,,,,,,Probably in the wrong,58.661,58.661,59.894,1,Very good,Somewhat good,Definitely Response A,Definitely commenter A,15.469,24.785,26.836,4,Probably in the wrong,26.213,26.213,27.169,1,Neither good nor bad,Good,Definitely Response B,Definitely commenter B,11.187,18.682,22.913,4,,,,,,,,,,,,,,,,,,,,,,,,,,,,,,,,,,,,,,,,,,,,,,,,,,,,,,,,,,,,,,,,,,,,,,,,,,,,,,,,,,,,,,,,,,,,,,,,,,,,,,,,,Probably in the wrong,15.397,20.835,22.07,2,Very good,Bad,Definitely Response A,Definitely commenter A,9.259,14.734,21.522,4,One of the responses brought up the bad consequences that could happen by pretending a gift came from someone else.,,
2026-08-14 01:15:50,2026-08-14 01:22:54,IP Address,,100,424,True,2026-08-14 01:22:55,R_5jDCLpK4NtcwDeN,,,,,,,anonymous,EN,FL_51,,,I consent to participate,,,,,,,,,,,,,,Probably in the wrong,52.745,52.745,53.572,1,Good,Somewhat bad,Definitely Response A,Probably commenter A,12.235,32.681,34.195,4,,,,,,,,,,,,,,,,,,,,,,,,,,,,,,,,,,,,,,,,,,,,,,,,,,,,,Unsure,31.113,35.111,36.056,2,Somewhat bad,Good,Probably Response B,Probably commenter B,12.819,31.251,32.67,4,Probably in the wrong,34.221,34.221,35.839,1,Somewhat good,Neither good nor bad,Definitely Response A,Probably commenter A,37.088,50.776,52.47,4,,,,,,,,,,,,,,,,,,,,,,,,,,,,,,,,,,,,,,,,,,,,,,,,,,,,,,,,,,,,,,,,,,Probably not in the wrong,22.797,22.797,23.735,1,Good,Neither good nor bad,Probably Response A,Probably commenter A,20.696,34.024,35.617,4,,,,,,,,,,,,,,,,,,,,,,,,,,,Definitely in the wrong,28.814,28.814,29.685,1,Somewhat good,Good,Probably Response B,Probably commenter B,25.944,30.356,31.722,4,,,,,,,,,,,,,,,,,,,,,,,,,,,,,,,,,,,,,,,,"If you are in a movie theater and feel the need to use your phone to respond to emails and texts, just turn the phone off to begin with.",,
2026-08-14 01:16:01,2026-08-14 01:23:24,IP Address,,100,443,True,2026-08-14 01:23:25,R_3VCtaN4W0445uhy,,,,,,,anonymous,EN,FL_51,,,I consent to participate,Definitely not in the wrong,24.778,24.778,26.041,1,Very bad,Good,Definitely Response B,Definitely commenter B,1.774,33.076,33.515,8,,,,,,,,,,,,,,,,,,,,,,,,,,,Definitely in the wrong,22.635,22.635,23.417,1,Good,Bad,Definitely Response A,Definitely commenter A,18.183,28.438,29.628,8,,,,,,,,,,,,,,,,,,,,,,,,,,,,,,,,,,,,,,,,,,,,,,,,,,,,,,,,,,,,,,,,,,,,,,,,,,,,,,,,,,,,,,,,,,,,Unsure,35.463,39.205,40.092,5,Good,Good,Probably Response B,No preference,24.009,28.744,29.841,5,,,,,,,,,,,,,,,,,,,,,,,,,,,Probably in the wrong,28.447,28.447,29.566,1,Bad,Somewhat good,Definitely Response B,Definitely commenter B,11.996,24.694,25.453,6,,,,,,,,,,,,,,,,,,,,,,,,,,,,,,,,,,,,,,,,Definitely in the wrong,36.064,36.655,38.701,2,Somewhat good,Good,Probably Response A,Probably commenter B,3.555,46.021,47.294,6,,,,,,,,,,,,,,"You told your kid about Santa Claus when he was four and have now wrecked the holiday for him. He will find out that things like this aren't true when he's older, but you probably told him about 4 or 5 year too early and should have consulted your wife first.",,
2026-08-14 01:16:01,2026-08-14 01:23:43,IP Address,,100,461,True,2026-08-14 01:23:43,R_7hhwfB2N1KNXIaZ,,,,,,,anonymous,EN,FL_51,,,I consent to participate,,,,,,,,,,,,,,Probably not in the wrong,35.855,35.855,36.743,1,Neither good nor bad,Very bad,Definitely Response A,Definitely commenter A,14.23,17.255,21.737,4,,,,,,,,,,,,,,,,,,,,,,,,,,,,,,,,,,,,,,,,,,,,,,,,,,,,,Definitely not in the wrong,30.72,30.72,31.376,1,Very bad,Somewhat bad,Probably Response B,Probably commenter A,32.117,94.912,95.82,6,Probably not in the wrong,33.531,33.531,35.173,1,Neither good nor bad,Neither good nor bad,About equally likely to listen to both,No preference,23.473,26.883,42.24,4,,,,,,,,,,,,,,,,,,,,,,,,,,,,,,,,,,,,,,,,,,,,,,,,,,,,,,,,,,,,,,,,,,Definitely not in the wrong,18.017,18.017,18.669,1,Somewhat good,Bad,Definitely Response A,Definitely commenter A,21.049,27.004,31.031,5,,,,,,,,,,,,,,Probably in the wrong,14.483,14.483,19.186,1,Somewhat good,Neither good nor bad,Probably Response A,Probably commenter A,25.855,28.83,30.087,4,,,,,,,,,,,,,,,,,,,,,,,,,,,,,,,,,,,,,,,,,,,,,,,,,,,,,"Stating that the user was in the wrong for throwing dog poop into a neighbors trash can and stated how they would not like that, which I agree.",,
2026-08-14 01:15:59,2026-08-14 01:23:47,IP Address,,100,468,True,2026-08-14 01:23:48,R_1UhnRMtMe0TTEKY,,,,,,,anonymous,EN,FL_51,,,I consent to participate,Probably not in the wrong,48.116,48.116,49.586,1,Somewhat bad,Good,Probably Response B,Probably commenter B,5.753,9.018,10.198,4,,,,,,,,,,,,,,,,,,,,,,,,,,,,,,,,,,,,,,,,,,,,,,,,,,,,,,,,,,,,,,,,,,,,,,,,,,,,,,,,,,,,,,,,,,,,,,,,,,,,,,,,,,,,,,,,,,,,,,,,,,,,,,,,,,,Probably not in the wrong,37.098,37.098,38.183,1,Somewhat bad,Good,Probably Response B,Probably commenter B,31.875,38.727,39.933,4,Definitely not in the wrong,54.54,54.54,55.553,1,Somewhat bad,Somewhat bad,Probably Response B,Probably commenter B,28.106,50.563,51.681,5,,,,,,,,,,,,,,,,,,,,,,,,,,,,,,,,,,,,,,,,,,,,,,,,,,,,,,,,,,,,,,,,,,Probably not in the wrong,27.155,35.215,36.304,2,Somewhat bad,Good,Probably Response B,Probably commenter B,10.372,15.329,17.185,4,Probably not in the wrong,18.433,23.802,27.686,2,Somewhat bad,Good,Probably Response B,Probably commenter B,16.028,22.779,23.866,5,"Unless he is going to drop out of school to pursue his dreams of being a Youtuber, then it is okay for your brother to pursue his dreams while studying.",,
2026-08-14 01:16:08,2026-08-14 01:23:51,IP Address,,100,463,True,2026-08-14 01:23:51,R_74P1Q3xAMw5hqNx,,,,,,,anonymous,EN,FL_51,,,I consent to participate,,,,,,,,,,,,,,,,,,,,,,,,,,,Definitely in the wrong,25.316,25.316,26.041,1,Somewhat good,Very good,Definitely Response B,Definitely commenter B,14.282,21.094,23.254,5,Definitely in the wrong,81.152,81.152,95.346,1,Very good,Somewhat good,Definitely Response A,Definitely commenter A,10.166,14.576,16.591,4,Probably in the wrong,65.241,66.244,67.278,2,Somewhat good,Very good,Definitely Response B,Definitely commenter B,22.168,30.232,31.722,5,,,,,,,,,,,,,,,,,,,,,,,,,,,,,,,,,,,,,,,,,,,,,,,,,,,,,Probably not in the wrong,31.518,31.518,33.03,1,Good,Good,Probably Response B,Probably commenter B,13.449,19.384,20.997,4,,,,,,,,,,,,,,,,,,,,,,,,,,,,,,,,,,,,,,,,,,,,,,,,,,,,,,,,,,,,,,,,,,,,,,,,,,,,,,,,,,,,,,,,,,,,Definitely in the wrong,33.466,33.466,40.338,1,Very good,Somewhat good,Definitely Response A,Definitely commenter A,22.43,29.234,30.978,6,,,,,,,,,,,,,,,,,,,,,,,,,,,A father told his son that Santa was not real based on the experience he had as a child which upset his child and took away the excitement he usually had for the holiday. The response pointed out that the child was still young and taking away his excitement in a way that he really doesn't understand was wrong.,,
2026-08-14 01:11:16,2026-08-14 01:24:01,IP Address,,100,765,True,2026-08-14 01:24:03,R_6DejOfj3rcEhIWe,,,,,,,anonymous,EN,FL_51,,,I consent to participate,,,,,,,,,,,,,,,,,,,,,,,,,,,,,,,,,,,,,,,,,,,,,,,,,,,,,,,,,,,,,,,,,,Definitely in the wrong,20.961,20.961,21.76,1,Good,Somewhat good,Definitely Response A,Definitely commenter A,5.219,21.347,78.172,6,,,,,,,,,,,,,,,,,,,,,,,,,,,,,,,,,,,,,,,,,,,,,,,,,,,,,,,,,,,,,,,,,,,,,,,,,,,,,,,Probably in the wrong,7.488,45.453,46.04,2,Good,Good,About equally likely to listen to both,Probably commenter B,2.602,11.784,121.578,4,Probably not in the wrong,15.322,17.994,18.821,2,Neither good nor bad,Neither good nor bad,Probably Response A,Probably commenter A,4.216,58.736,60.006,6,,,,,,,,,,,,,,,,,,,,,,,,,,,,,,,,,,,,,,,,Definitely in the wrong,5.03,5.959,6.793,2,Good,Very good,Definitely Response B,Probably commenter B,9.638,15.5,207.369,5,Unsure,17.714,18.322,18.994,2,Somewhat good,Good,Probably Response B,Probably commenter B,2.301,10.924,122.208,5,,,,,,,,,,,,,,Someone had called their brother a retard for simply being left handed or wanting to write left handedly.,,
2026-08-14 01:19:47,2026-08-14 01:24:54,IP Address,,100,307,True,2026-08-14 01:24:55,R_5OPSgUIIe4DrZfH,,,,,,,anonymous,EN,FL_51,,,I consent to participate,,,,,,,,,,,,,,,,,,,,,,,,,,,Unsure,5.698,6.977,7.894,2,Somewhat bad,Good,Probably Response B,Probably commenter B,1.4,19.353,19.928,10,,,,,,,,,,,,,,Unsure,1.447,2.175,2.801,2,Good,Somewhat good,Probably Response A,Probably commenter A,1.765,36.297,37.157,8,,,,,,,,,,,,,,,,,,,,,,,,,,,,,,,,,,,,,,,,,,,,,,,,,,,,,Unsure,1.619,2.646,3.84,2,Good,Somewhat bad,Definitely Response A,Definitely commenter A,4.598,15.974,16.672,9,,,,,,,,,,,,,,,,,,,,,,,,,,,,,,,,,,,,,,,,,,,,,,,,,,,,,,,,,,,,,,,,,,,,,,,,,,,,,,,Unsure,35.531,39.432,40.558,2,Good,Neither good nor bad,Definitely Response A,Definitely commenter A,6.399,47.981,48.798,13,Unsure,1.569,3.55,4.065,3,Good,Bad,Definitely Response A,Definitely commenter A,1.211,25.406,26.027,11,,,,,,,,,,,,,,,,,,,,,,,,,,,a person using their phone whilst watching a movie in a theater  ,,
2026-08-14 01:17:08,2026-08-14 01:25:10,IP Address,,100,482,True,2026-08-14 01:25:11,R_3MhhnWjbR53cgYc,,,,,,,anonymous,EN,FL_51,,,I consent to participate,Definitely in the wrong,16.619,24.28,33.484,5,Very good,Very good,Probably Response B,Probably commenter B,22.982,30.329,31.716,4,,,,,,,,,,,,,,,,,,,,,,,,,,,Definitely in the wrong,17.031,17.031,20.664,1,Very good,Good,Probably Response A,Definitely commenter A,15.022,27.291,29.694,5,,,,,,,,,,,,,,,,,,,,,,,,,,,,,,,,,,,,,,,,,,,,,,,,,,,,,Probably in the wrong,30.437,30.437,32.153,1,Good,Good,Probably Response B,Probably commenter B,18.888,27.556,29.364,4,,,,,,,,,,,,,,Probably in the wrong,22.327,22.327,24.185,1,Good,Good,About equally likely to listen to both,Definitely commenter A,16.546,28.666,30.231,4,,,,,,,,,,,,,,,,,,,,,,,,,,,Probably not in the wrong,47.071,55.227,58.472,2,Very good,Good,Probably Response A,Definitely commenter A,29.783,46.566,49.342,4,,,,,,,,,,,,,,,,,,,,,,,,,,,,,,,,,,,,,,,,,,,,,,,,,,,,,,,,,,,,,,,,,,,,,,,,,,,,,,,"By saying the dog ""de-aged"", and just getting a new puppy, you aren't honoring the 12 years of life that you're dog experienced, and you are avoiding a important conversation you need to have with your child about the reality of death.",,
2026-08-14 01:16:13,2026-08-14 01:26:03,IP Address,,100,589,True,2026-08-14 01:26:03,R_6lsEWyeh2AoPwd0,,,,,,,anonymous,EN,FL_51,,,I consent to participate,,,,,,,,,,,,,,,,,,,,,,,,,,,,,,,,,,,,,,,,,,,,,,,,,,,,,,,,,,,,,,,,,,,,,,,,,,,,,,,Probably not in the wrong,68.268,71.262,73.895,3,Somewhat bad,Good,Definitely Response B,Definitely commenter B,4.069,33.836,35.194,27,Definitely in the wrong,32.626,34.721,35.929,3,Good,Very good,Definitely Response B,Definitely commenter B,3.704,19.199,20.706,18,,,,,,,,,,,,,,Probably in the wrong,58.004,60.345,61.804,2,Very good,Bad,Definitely Response A,Definitely commenter A,4.719,49.74,52.002,17,,,,,,,,,,,,,,,,,,,,,,,,,,,,,,,,,,,,,,,,Probably in the wrong,20.846,22.99,24.4,2,Good,Good,About equally likely to listen to both,No preference,7.309,25.765,27.867,20,,,,,,,,,,,,,,,,,,,,,,,,,,,Probably in the wrong,93.479,96.166,97.623,3,Good,Good,About equally likely to listen to both,No preference,4.392,56.907,58.701,19,,,,,,,,,,,,,,,,,,,,,,,,,,,,,,,,,,,,,,,,You are wrong for asking us and not her.,,
2026-08-14 01:15:42,2026-08-14 01:26:08,IP Address,,100,625,True,2026-08-14 01:26:09,R_7dNdYEOh9lZzNU3,,,,,,,anonymous,EN,FL_51,,,I consent to participate,,,,,,,,,,,,,,,,,,,,,,,,,,,,,,,,,,,,,,,,Definitely in the wrong,38.42,38.42,40.797,1,Good,Somewhat good,About equally likely to listen to both,Probably commenter A,31.443,47.72,49.206,8,,,,,,,,,,,,,,,,,,,,,,,,,,,,,,,,,,,,,,,,,,,,,,,,,,,,,Definitely in the wrong,35.015,35.015,37.586,1,Good,Good,Probably Response A,Probably commenter B,1.755,45.15,46.349,9,,,,,,,,,,,,,,,,,,,,,,,,,,,Probably in the wrong,40.466,40.466,41.548,1,Good,Somewhat good,Probably Response B,Probably commenter B,37.142,49.141,52.601,6,,,,,,,,,,,,,,,,,,,,,,,,,,,Probably not in the wrong,4.605,41.899,44.261,5,Somewhat bad,Good,Definitely Response B,Probably commenter B,36.197,55.259,56.897,8,,,,,,,,,,,,,,,,,,,,,,,,,,,,,,,,,,,,,,,,,,,,,,,,,,,,,Probably in the wrong,38.648,38.648,39.468,1,Good,Somewhat bad,Probably Response A,Definitely commenter A,25.792,39.857,42.857,6,"The question about telling their son Santa isn't real when he was watching tv with his 4 year old son. One of the responses responded how they understood he wanted to be honest with his son, but he should have discussed it with his wife previously.",,
2026-08-14 01:16:43,2026-08-14 01:26:44,IP Address,,100,601,True,2026-08-14 01:26:44,R_6rv97MKsTik1Sdm,,,,,,,anonymous,EN,FL_51,,,I consent to participate,,,,,,,,,,,,,,Probably not in the wrong,37.427,37.427,40.542,1,Good,Bad,Probably Response B,Probably commenter B,69.201,95.721,97.008,8,,,,,,,,,,,,,,Probably in the wrong,14.623,14.623,15.664,1,Good,Very bad,Definitely Response A,Definitely commenter A,13.677,22.592,24.156,5,Unsure,70.72,70.72,90.641,1,Somewhat bad,Good,Probably Response B,Definitely commenter B,29.936,40.021,41.08,5,,,,,,,,,,,,,,,,,,,,,,,,,,,,,,,,,,,,,,,,Probably in the wrong,31.254,31.254,32.242,1,Somewhat bad,Good,Probably Response B,Definitely commenter B,10.458,17.186,18.099,5,,,,,,,,,,,,,,,,,,,,,,,,,,,,,,,,,,,,,,,,Probably not in the wrong,36.334,36.334,121.096,1,Neither good nor bad,Neither good nor bad,About equally likely to listen to both,No preference,15.507,21.866,22.872,5,,,,,,,,,,,,,,,,,,,,,,,,,,,,,,,,,,,,,,,,,,,,,,,,,,,,,,,,,,,,,,,,,,,,,,,,,,,,,,,,,,,,,,,,,,,,That the writr was in the wrong for not planning to return from a family vacation upon the passing a a spouse's father.,,
2026-08-14 01:15:37,2026-08-14 01:26:48,IP Address,,100,671,True,2026-08-14 01:26:49,R_3P0Stn69cFaaB5F,,,,,,,anonymous,EN,FL_51,,,I consent to participate,Definitely in the wrong,7.25,16.945,17.674,3,Neither good nor bad,Very good,Probably Response B,Definitely commenter B,8.308,31.366,32.769,7,,,,,,,,,,,,,,,,,,,,,,,,,,,,,,,,,,,,,,,,,,,,,,,,,,,,,,,,,,,,,,,,,,,,,,,,,,,,,,,,,,,,,,,,,,,,Definitely in the wrong,2.326,9.467,10.15,2,Somewhat good,Very good,Probably Response B,Definitely commenter B,2.473,23.159,23.99,7,,,,,,,,,,,,,,,,,,,,,,,,,,,,,,,,,,,,,,,,,,,,,,,,,,,,,,,,,,,,,,,,,,,,,,,,,,,,,,,,,,,,,,,,,,,,Probably in the wrong,2.522,12.45,13.218,5,Somewhat good,Very good,Probably Response B,Definitely commenter B,4.168,22.544,24.22,7,,,,,,,,,,,,,,Probably not in the wrong,3.377,98.541,101,3,Good,Good,About equally likely to listen to both,Probably commenter B,5.324,133.416,142.499,11,Probably in the wrong,3.028,71.501,72.096,6,Very good,Somewhat good,Probably Response B,Definitely commenter B,2.572,83.621,88.319,8,Response B said the wife’s choice should be respected because she doesn’t owe anyone a risky surgery or pregnancy.,,
2026-08-14 01:15:16,2026-08-14 01:27:10,IP Address,,100,714,True,2026-08-14 01:27:11,R_768DVPpgGrUj1de,,,,,,,anonymous,EN,FL_51,,,I consent to participate,Definitely in the wrong,53.462,96.092,97.042,4,Somewhat bad,Somewhat good,Probably Response B,Probably commenter B,0.671,11.949,13.005,14,,,,,,,,,,,,,,,,,,,,,,,,,,,,,,,,,,,,,,,,,,,,,,,,,,,,,Definitely not in the wrong,21.031,83.574,84.429,9,Very good,Very bad,Definitely Response A,Definitely commenter A,1.183,11.58,15.036,9,,,,,,,,,,,,,,,,,,,,,,,,,,,,,,,,,,,,,,,,Definitely in the wrong,94.25,94.728,95.483,2,Very bad,Very good,Definitely Response B,Definitely commenter B,1.263,11.021,11.528,9,Probably in the wrong,0.884,50.968,52.662,6,Somewhat bad,Good,Probably Response B,Probably commenter B,1.95,37.896,38.765,22,,,,,,,,,,,,,,,,,,,,,,,,,,,,,,,,,,,,,,,,,,,,,,,,,,,,,,,,,,,,,,,,,,,,,,,,,,,,,,,,,,,,,,,,,,,,Definitely in the wrong,5.77,100.269,100.779,2,Good,Very good,Probably Response B,Probably commenter B,6.149,113.455,114.061,11,,,,,,,,,,,,,,pretenting someone else bought gift for a child,,
2026-08-14 01:15:50,2026-08-14 01:27:38,IP Address,,100,707,True,2026-08-14 01:27:38,R_1w7drabKEd4TWw2,,,,,,,anonymous,EN,FL_51,,,I consent to participate,,,,,,,,,,,,,,,,,,,,,,,,,,,Probably not in the wrong,35.904,35.904,36.924,1,Bad,Neither good nor bad,Probably Response A,Probably commenter B,18.307,40.492,41.43,4,,,,,,,,,,,,,,Probably in the wrong,33.62,34.537,35.302,2,Good,Neither good nor bad,Probably Response A,Definitely commenter A,12.406,18.489,19.96,4,,,,,,,,,,,,,,,,,,,,,,,,,,,,,,,,,,,,,,,,,,,,,,,,,,,,,,,,,,,,,,,,,,,,,,,,,,,,,,,,,,,,,,,,,,,,Definitely not in the wrong,42.928,42.928,44.263,1,Neither good nor bad,Somewhat bad,Definitely Response A,Definitely commenter A,16.987,29.788,30.342,5,,,,,,,,,,,,,,Unsure,30.78,30.78,32.23,1,Somewhat good,Neither good nor bad,Probably Response A,Probably commenter A,17.558,33.224,34.445,5,,,,,,,,,,,,,,,,,,,,,,,,,,,Definitely not in the wrong,299.497,299.497,300.535,1,Somewhat good,Good,About equally likely to listen to both,Definitely commenter B,17.767,36.9,37.833,4,,,,,,,,,,,,,,,,,,,,,,,,,,,Person was upset that his wife was visiting a friend during late hours. The response said they were being jealous and he doesnt need help with the child since he should be sleeping.,,
2026-08-14 01:16:33,2026-08-14 01:28:34,IP Address,,100,720,True,2026-08-14 01:28:34,R_1PoXkA5ZM9HPWlB,,,,,,,anonymous,EN,FL_51,,,I consent to participate,,,,,,,,,,,,,,,,,,,,,,,,,,,,,,,,,,,,,,,,,,,,,,,,,,,,,,,,,,,,,,,,,,,,,,,,,,,,,,,Probably not in the wrong,17.888,17.888,20.597,1,Somewhat good,Very good,Probably Response B,Definitely commenter B,23.708,70.799,72.953,5,,,,,,,,,,,,,,,,,,,,,,,,,,,Definitely in the wrong,22.351,22.351,23.597,1,Very good,Good,Probably Response A,Definitely commenter A,74.873,80.943,82.348,4,Probably in the wrong,32.485,32.485,33.426,1,Somewhat good,Very good,Probably Response B,Definitely commenter B,58.839,63.144,65.273,4,,,,,,,,,,,,,,,,,,,,,,,,,,,,,,,,,,,,,,,,,,,,,,,,,,,,,Probably not in the wrong,18.324,18.324,19.589,1,Very good,Good,Probably Response A,Probably commenter A,46.873,51.852,53.288,4,,,,,,,,,,,,,,,,,,,,,,,,,,,,,,,,,,,,,,,,Probably in the wrong,24.4,24.4,26.306,1,Very good,Good,Probably Response A,Definitely commenter A,57.016,111.167,117.771,7,one response said that you should judge people as individuals rather than dismissing someone just because they are from the same hometown as you,,
2026-08-14 01:16:04,2026-08-14 01:29:35,IP Address,,100,811,True,2026-08-14 01:29:36,R_3Nt549fYRDDHhMC,,,,,,,anonymous,EN,FL_51,,,I consent to participate,,,,,,,,,,,,,,,,,,,,,,,,,,,Probably in the wrong,32.391,33.624,33.93,2,Bad,Somewhat good,Definitely Response B,Definitely commenter B,6.081,15.081,17.172,6,,,,,,,,,,,,,,,,,,,,,,,,,,,Probably in the wrong,19.689,19.689,20.467,1,Very good,Bad,Definitely Response A,Definitely commenter A,4.462,26.83,29.041,6,Probably in the wrong,25.539,25.539,26.432,1,Somewhat bad,Good,Definitely Response B,Definitely commenter B,18.044,25.454,26.479,5,,,,,,,,,,,,,,,,,,,,,,,,,,,,,,,,,,,,,,,,,,,,,,,,,,,,,Definitely not in the wrong,11.827,11.827,15.487,1,Good,Somewhat bad,Probably Response A,Probably commenter A,14.78,33.083,34.421,6,,,,,,,,,,,,,,,,,,,,,,,,,,,,,,,,,,,,,,,,,,,,,,,,,,,,,,,,,,,,,,,,,,,,,,,,,,,,,,,,,,,,,,,,,,,,Definitely not in the wrong,18.989,20.013,20.424,2,Somewhat good,Bad,About equally likely to listen to both,Definitely commenter A,23.748,30.725,31.831,4,"The one with giving the stepdaughter money was a tricky one.  I understood it, but that's tough.",,
2026-08-14 01:15:58,2026-08-14 01:30:37,IP Address,,100,878,True,2026-08-14 01:30:37,R_30l41tu1oXfV5Je,,,,,,,anonymous,EN,FL_51,,,I consent to participate,,,,,,,,,,,,,,,,,,,,,,,,,,,Probably not in the wrong,5.323,83.968,84.476,8,Somewhat bad,Very good,Definitely Response B,Definitely commenter B,4.141,95,96.644,21,,,,,,,,,,,,,,,,,,,,,,,,,,,Probably in the wrong,70.613,76.776,77.561,4,Very good,Somewhat bad,Definitely Response A,Definitely commenter A,1.082,45.682,46.793,18,,,,,,,,,,,,,,,,,,,,,,,,,,,,,,,,,,,,,,,,,,,,,,,,,,,,,Unsure,34.273,89.815,90.649,8,Neither good nor bad,Very good,Definitely Response B,Definitely commenter B,1.472,53.838,54.581,12,,,,,,,,,,,,,,,,,,,,,,,,,,,,,,,,,,,,,,,,Unsure,55.238,63.816,67.72,2,Neither good nor bad,Very good,Definitely Response B,Definitely commenter B,1.809,27.717,28.27,19,Probably in the wrong,89.825,94.372,95.073,3,Very good,Bad,Definitely Response A,Definitely commenter A,1.489,15.072,16.377,13,,,,,,,,,,,,,,,,,,,,,,,,,,,,,,,,,,,,,,,,,,,,,,,,,,,,,The person was on the wrong for yelling at the guy that was taking pictures of the neighbours house. Maybe he lived there before or he was a real estate agent.,,
2026-08-14 01:16:04,2026-08-14 01:31:25,IP Address,,100,920,True,2026-08-14 01:31:25,R_3MDnBOcVZ6zjScp,,,,,,,anonymous,EN,FL_51,,,I consent to participate,,,,,,,,,,,,,,,,,,,,,,,,,,,,,,,,,,,,,,,,,,,,,,,,,,,,,Probably in the wrong,1.37,85.801,86.62,2,Neither good nor bad,Very good,Probably Response B,Definitely commenter B,37.507,59.36,66.34,6,,,,,,,,,,,,,,,,,,,,,,,,,,,,,,,,,,,,,,,,Definitely in the wrong,1.124,39.986,41.915,2,Neither good nor bad,Somewhat good,Definitely Response B,Definitely commenter B,13.96,53.496,77.796,6,,,,,,,,,,,,,,,,,,,,,,,,,,,,,,,,,,,,,,,,Unsure,1.114,64.506,65.364,4,Neither good nor bad,Good,Probably Response B,Probably commenter B,45.469,58.378,61.48,4,,,,,,,,,,,,,,,,,,,,,,,,,,,Probably not in the wrong,1.057,59.333,60.133,3,Good,Neither good nor bad,Probably Response A,Probably commenter A,44.585,70.074,88.714,6,,,,,,,,,,,,,,Probably in the wrong,1.088,51.503,71.087,2,Good,Bad,Definitely Response A,Definitely commenter A,69.376,105.429,112.775,6,,,,,,,,,,,,,,,,,,,,,,,,,,,"Someone was mad that their sister was dating someone 8 years older and called him a ""perverted loser.""  The response said they were in the wrong and asked what he did wrong other than being 27 and in college.",,
2026-08-14 01:16:08,2026-08-14 01:34:07,IP Address,,100,1078,True,2026-08-14 01:34:07,R_3CBCzhHQ14GiZC6,,,,,,,anonymous,EN,FL_51,,,I consent to participate,,,,,,,,,,,,,,,,,,,,,,,,,,,,,,,,,,,,,,,,,,,,,,,,,,,,,,,,,,,,,,,,,,Probably in the wrong,2.37,16.045,16.84,3,Somewhat bad,Neither good nor bad,About equally likely to listen to both,No preference,2.398,7.053,8.085,6,,,,,,,,,,,,,,Probably in the wrong,5.135,14.713,15.751,5,Somewhat good,Neither good nor bad,Probably Response B,Probably commenter B,4.908,15.444,17.752,4,,,,,,,,,,,,,,,,,,,,,,,,,,,,,,,,,,,,,,,,,,,,,,,,,,,,,,,,,,,,,,,,,,,,,,,,,,,,,,,,,,,,,,,,,,,,Probably in the wrong,3.017,12.195,13.127,4,Somewhat bad,Good,Probably Response B,Probably commenter B,7.844,10.278,11.757,4,Definitely in the wrong,1.922,11.301,12.932,3,Neither good nor bad,Good,Probably Response B,Probably commenter B,5.091,8.254,9.577,4,Definitely in the wrong,784.958,801.243,802.064,4,Good,Neither good nor bad,Probably Response A,Probably commenter A,5.655,15.789,17.219,6,,,,,,,,,,,,,,,,,,,,,,,,,,,The father was wrong because he was focusing more on forcing his daughter to attend Christmas with his new wife's family than on understanding why the family changes were difficult for her.,,
2026-08-14 01:23:37,2026-08-14 01:34:24,IP Address,,100,647,True,2026-08-14 01:34:24,R_1QLe3E4i4aniw7I,,,,,,,anonymous,EN,FL_51,,,I consent to participate,,,,,,,,,,,,,,Unsure,41.239,41.239,42.206,1,Good,Somewhat good,Probably Response A,Probably commenter A,10.214,30.317,32.666,7,,,,,,,,,,,,,,,,,,,,,,,,,,,,,,,,,,,,,,,,,,,,,,,,,,,,,,,,,,,,,,,,,,,,,,,,,,,,,,,,,,,,,,,,,,,,,,,,,,,,,,,,,,,,,,,,,,,,,,,,,,,,,,,,,,,Probably not in the wrong,37.554,45.172,46.112,2,Neither good nor bad,Neither good nor bad,Probably Response B,Probably commenter B,31.466,50.751,53.684,6,Definitely in the wrong,21.44,23.365,24.985,2,Good,Good,Probably Response A,Probably commenter B,22.188,51.119,52.443,8,Probably in the wrong,66.415,70.111,71.81,2,Good,Very good,Probably Response B,Probably commenter B,21.118,46.091,48.988,7,,,,,,,,,,,,,,,,,,,,,,,,,,,,,,,,,,,,,,,,Probably in the wrong,40.9,46.196,48.985,5,Good,Good,Probably Response B,Probably commenter B,31.861,39.234,41.442,4,,,,,,,,,,,,,,A husband didn't want his wife meeting up with her friend late at night. The response was that he's wrong and she should be allowed to meet friends during times that doesn't inconvenience anyone.,,
2026-08-14 01:16:33,2026-08-14 01:34:54,IP Address,,100,1100,True,2026-08-14 01:34:54,R_3gtq8qNLoA4WvUm,,,,,,,anonymous,EN,FL_51,,,I consent to participate,,,,,,,,,,,,,,,,,,,,,,,,,,,,,,,,,,,,,,,,,,,,,,,,,,,,,,,,,,,,,,,,,,Probably in the wrong,7.6,7.6,10.782,1,Neither good nor bad,Somewhat good,About equally likely to listen to both,No preference,1.2,84.221,85.07,11,,,,,,,,,,,,,,,,,,,,,,,,,,,,,,,,,,,,,,,,,,,,,,,,,,,,,,,,,,,,,,,,,,,,,,,,,,,,,,,,,,,,,,,,,,,,,,,,,,,,,,,,,Definitely not in the wrong,15.168,15.168,31.052,1,Very bad,Very good,Probably Response B,Definitely commenter B,2.71,202.066,203.071,17,Probably in the wrong,1.997,78.958,79.516,4,Somewhat good,Bad,Probably Response A,Probably commenter A,2.678,32.89,33.405,10,,,,,,,,,,,,,,,,,,,,,,,,,,,Definitely not in the wrong,50.291,203.856,209.279,6,Very bad,Very good,Probably Response B,Definitely commenter B,19.842,188.42,188.978,16,Definitely in the wrong,12.146,12.146,13.121,1,Very good,Neither good nor bad,Definitely Response A,Definitely commenter A,8.91,96.227,96.846,14,Allowing a child to do what is right that will not affect their education,,
2026-08-14 01:16:00,2026-08-14 01:35:28,IP Address,,100,1168,True,2026-08-14 01:35:29,R_6qEvANUe1CEfnsw,,,,,,,anonymous,EN,FL_51,,,I consent to participate,,,,,,,,,,,,,,,,,,,,,,,,,,,Probably in the wrong,73.201,83.329,89.382,2,Bad,Good,Probably Response B,Definitely commenter B,58.09,84.114,85.442,5,,,,,,,,,,,,,,Probably not in the wrong,77.439,77.439,79.322,1,Somewhat good,Very good,About equally likely to listen to both,Definitely commenter B,68.786,82.904,83.812,4,,,,,,,,,,,,,,,,,,,,,,,,,,,,,,,,,,,,,,,,,,,,,,,,,,,,,,,,,,,,,,,,,,Probably in the wrong,109.31,109.31,121.974,1,Somewhat good,Very good,Probably Response A,Definitely commenter B,68.299,109.891,121.779,4,Unsure,61.253,61.253,66.599,1,Good,Very good,About equally likely to listen to both,No preference,70.304,87.36,88.719,5,,,,,,,,,,,,,,,,,,,,,,,,,,,,,,,,,,,,,,,,,,,,,,,,,,,,,,,,,,,,,,,,,,Definitely in the wrong,59.01,59.01,63.043,1,Good,Good,Probably Response B,No preference,69.142,80.976,82.572,4,,,,,,,,,,,,,,,,,,,,,,,,,,,The teen was being mean to her cousin who was trying to do things with his left hand. The girl is in the wrong because she lashed out at her cousin and used negative a negative term on him,,
2026-08-14 01:25:54,2026-08-14 01:35:45,IP Address,,100,591,True,2026-08-14 01:35:46,R_1fCt7KYt57laVi7,,,,,,,anonymous,EN,FL_51,,,I consent to participate,Definitely in the wrong,108.572,109.485,110.872,2,Somewhat bad,Very good,Definitely Response B,Definitely commenter B,21.536,34.552,35.831,5,Definitely in the wrong,10.135,14.591,14.935,5,Very good,Somewhat bad,Probably Response B,Definitely commenter B,24.383,31.202,32.371,5,,,,,,,,,,,,,,Probably in the wrong,12.888,16.845,18.223,2,Very good,Somewhat bad,Probably Response A,Definitely commenter A,9.911,19.958,22.079,5,,,,,,,,,,,,,,,,,,,,,,,,,,,,,,,,,,,,,,,,,,,,,,,,,,,,,,,,,,,,,,,,,,,,,,,,,,,,,,,,,,,,,,,,,,,,,,,,,,,,,,,,,,,,,,,,,,,,,,Probably in the wrong,20.663,22.152,23.652,2,Very good,Somewhat bad,Probably Response A,Definitely commenter A,8.723,19.714,21.092,9,Probably in the wrong,0.984,62.427,63.655,2,Somewhat good,Very good,Probably Response B,Definitely commenter B,0.873,18.063,20.179,7,,,,,,,,,,,,,,,,,,,,,,,,,,,,,,,,,,,,,,,,,,,,,,,,,,,,,,,,,,,,,,,,,,Response B said summer should be a time for the child to relax and enjoy his interests rather than doing extra schoolwork.,,
2026-08-14 01:16:19,2026-08-14 01:35:50,IP Address,,100,1171,True,2026-08-14 01:35:51,R_7qxv0h83amNWGXg,,,,,,,anonymous,EN,FL_51,,,I consent to participate,Unsure,107.986,108.362,109.101,2,Good,Very good,Definitely Response B,Probably commenter B,5.799,17.201,17.62,5,Definitely in the wrong,180.114,181.306,183.072,2,Good,Somewhat good,Definitely Response A,Definitely commenter A,62.438,66.157,67.903,4,,,,,,,,,,,,,,Probably not in the wrong,119.448,119.448,120.686,1,Good,Very bad,Definitely Response A,Definitely commenter A,165.743,189.582,191.013,5,,,,,,,,,,,,,,,,,,,,,,,,,,,,,,,,,,,,,,,,,,,,,,,,,,,,,,,,,,,,,,,,,,,,,,,,,,,,,,,,,,,,,,,,,,,,Definitely in the wrong,24.438,24.438,25.389,1,Good,Somewhat good,Definitely Response A,Probably commenter A,10.048,16.392,18.293,6,Definitely not in the wrong,61.09,61.09,64.296,1,Somewhat good,Somewhat good,Definitely Response A,Probably commenter B,19.434,25.539,25.904,7,,,,,,,,,,,,,,,,,,,,,,,,,,,,,,,,,,,,,,,,,,,,,,,,,,,,,,,,,,,,,,,,,,,,,,,,,,,,,,,,,,,,,,,,,,,,Talk honestly and explain all that had happened.,,
2026-08-14 01:17:44,2026-08-14 01:37:10,IP Address,,100,1165,True,2026-08-14 01:37:11,R_3M6gTbUPUYqdxta,,,,,,,anonymous,EN,FL_51,,,I consent to participate,,,,,,,,,,,,,,,,,,,,,,,,,,,,,,,,,,,,,,,,,,,,,,,,,,,,,,,,,,,,,,,,,,Unsure,556.492,556.492,557.422,1,Good,Somewhat good,Probably Response A,Probably commenter A,30.468,40.077,41.454,4,Unsure,13.636,13.636,28.678,1,Neither good nor bad,Good,Probably Response B,Definitely commenter B,24.891,34.491,35.013,6,Probably in the wrong,86.893,86.893,87.895,1,Somewhat good,Neither good nor bad,Probably Response A,Probably commenter A,9.693,14.637,20.362,4,Unsure,16.486,16.486,38.408,1,Neither good nor bad,Neither good nor bad,Probably Response B,No preference,8.45,12.01,13.733,4,,,,,,,,,,,,,,,,,,,,,,,,,,,Probably not in the wrong,20.313,20.313,21.352,1,Bad,Somewhat bad,Probably Response A,Probably commenter A,17.288,29.711,32.123,4,,,,,,,,,,,,,,,,,,,,,,,,,,,,,,,,,,,,,,,,,,,,,,,,,,,,,,,,,,,,,,,,,,,,,,,,,,,,,,,,,,,,,,,,,,,,,,,,,,,,,,,,,A fatehr was wondering if he should have his daughter see family.,,
2026-08-14 01:34:27,2026-08-14 01:43:12,IP Address,,100,525,True,2026-08-14 01:43:13,R_5dNgtEAXqiex7R7,,,,,,,anonymous,EN,FL_51,,,I consent to participate,,,,,,,,,,,,,,,,,,,,,,,,,,,,,,,,,,,,,,,,,,,,,,,,,,,,,,,,,,,,,,,,,,,,,,,,,,,,,,,,,,,,,,,,,,,,Probably in the wrong,14.98,18.476,31.933,4,Very good,Good,Probably Response A,Definitely commenter A,0.51,30.033,32.675,6,,,,,,,,,,,,,,,,,,,,,,,,,,,Probably in the wrong,3.61,15.418,16.857,2,Good,Very good,Definitely Response B,Definitely commenter B,3.281,117.362,118.8,5,,,,,,,,,,,,,,,,,,,,,,,,,,,,,,,,,,,,,,,,,,,,,,,,,,,,,Probably in the wrong,3.015,9.374,9.985,2,Very good,Good,Probably Response A,Definitely commenter A,0.793,33.951,36.937,7,Probably in the wrong,33.682,34.722,36.791,2,Good,Very good,Probably Response B,Definitely commenter B,4.195,25.368,59.73,5,Definitely in the wrong,8.793,30.709,42.644,2,Very good,Somewhat good,Definitely Response A,Definitely commenter A,5.507,62.945,63.875,5,,,,,,,,,,,,,,,,,,,,,,,,,,,The response said he should talk to his daughter and try to understand why the new family situation is difficult for her instead of assuming she should be fine with it.,,
2026-08-14 01:42:33,2026-08-14 01:50:10,IP Address,,100,456,True,2026-08-14 01:50:10,R_3EmJKSSJ4Xa7VSr,,,,,,,anonymous,EN,FL_51,,,I consent to participate,,,,,,,,,,,,,,,,,,,,,,,,,,,,,,,,,,,,,,,,,,,,,,,,,,,,,Probably in the wrong,31.114,31.114,32.262,1,Somewhat good,Very good,Definitely Response B,Definitely commenter B,23.36,33.767,34.582,5,,,,,,,,,,,,,,,,,,,,,,,,,,,,,,,,,,,,,,,,Definitely in the wrong,18.125,18.125,39.542,1,Good,Very good,About equally likely to listen to both,Probably commenter B,21.066,27.083,27.882,5,Probably not in the wrong,22.042,22.042,23.137,1,Good,Good,About equally likely to listen to both,No preference,28.13,33.249,34.097,4,,,,,,,,,,,,,,,,,,,,,,,,,,,Probably not in the wrong,33.001,33.001,35.482,1,Good,Good,About equally likely to listen to both,No preference,24.575,37.267,38.37,4,,,,,,,,,,,,,,,,,,,,,,,,,,,,,,,,,,,,,,,,,,,,,,,,,,,,,,,,,,,,,,,,,,Probably in the wrong,21.676,21.676,23.162,1,Good,Good,About equally likely to listen to both,No preference,23.722,27.542,28.3,4,,,,,,,,,,,,,,"You didn't give a reason for thinking the 27 year old college student is a pervert. Has he done anything to give you that idea, or are you bothered because your sister is 19?",,
2026-08-14 05:03:20,2026-08-14 05:18:55,IP Address,,100,934,True,2026-08-14 05:18:56,R_7vwfyAQW9lOyZ3P,,,,,,,anonymous,EN,FL_51,,,I consent to participate,,,,,,,,,,,,,,,,,,,,,,,,,,,,,,,,,,,,,,,,,,,,,,,,,,,,,,,,,,,,,,,,,,,,,,,,,,,,,,,,,,,,,,,,,,,,,,,,,,,,,,,,,Definitely in the wrong,0.774,136.322,138,55,Very good,Very good,About equally likely to listen to both,No preference,1.422,112.456,113.302,15,,,,,,,,,,,,,,,,,,,,,,,,,,,,,,,,,,,,,,,,Probably not in the wrong,0.765,78.696,80.197,35,Neither good nor bad,Neither good nor bad,About equally likely to listen to both,No preference,0.989,31.162,32.018,25,Probably in the wrong,0.938,48.746,50.786,31,Very good,Good,About equally likely to listen to both,No preference,1.949,87.501,88.901,24,Definitely in the wrong,7.14,107.402,109.002,52,Good,Very good,Definitely Response B,No preference,0.82,85.114,86.301,28,,,,,,,,,,,,,,Definitely not in the wrong,0.894,75.637,76.806,44,Very good,Very good,About equally likely to listen to both,No preference,1.354,70.95,73.701,24,,,,,,,,,,,,,,,,,,,,,,,,,,,,,,,,,,,,,,,,Would it be wrong to respond to my emails and text messages.,,
