row_idx,corpus,dens,source,speaker,validation,indirectness,framing,positivity,rec_raw
2713,aita,Gemini 3.7 Flash,gemini_flash,Gemini 3.7 Flash,0,0,0,0,-0.5114251966456658
2713,aita,Gemini 3.7 Flash,human,Human,0,0,0,0,-1.355425324491124
3208,aita,Gemini 3.7 Flash,gemini_flash,Gemini 3.7 Flash,1,0,0,1,0.6647738792959283
3208,aita,Gemini 3.7 Flash,human,Human,0,0,0,0,-1.2291802405839949
2447,aita,Gemini 3.7 Flash,gemini_flash,Gemini 3.7 Flash,1,0,0,1,-1.1832804317674372
2447,aita,Gemini 3.7 Flash,human,Human,0,0,0,0,-1.5882081299685005
3578,aita,Gemini 3.7 Flash,gemini_flash,Gemini 3.7 Flash,1,0,0,0,-0.9552001524876248
3578,aita,Gemini 3.7 Flash,human,Human,1,0,1,1,-0.7610012032960879
1632,aita,Gemini 3.7 Flash,gemini_flash,Gemini 3.7 Flash,1,0,0,1,-1.317010640999606
1632,aita,Gemini 3.7 Flash,human,Human,0,0,0,0,-1.4916144569226626
860,aita,Gemini 3.7 Flash,gemini_flash,Gemini 3.7 Flash,0,0,0,0,-1.7904043173057784
860,aita,Gemini 3.7 Flash,human,Human,0,0,0,1,-1.9688009596098668
3826,aita,Gemini 3.7 Flash,gemini_flash,Gemini 3.7 Flash,1,0,0,1,-1.1348702420821297
3826,aita,Gemini 3.7 Flash,human,Human,0,0,0,0,-0.989373362081676
2067,aita,Gemini 3.7 Flash,gemini_flash,Gemini 3.7 Flash,0,0,0,1,-1.099727602208168
2067,aita,Gemini 3.7 Flash,human,Human,0,0,1,0,-1.340199108241462
2270,aita,Gemini 3.7 Flash,gemini_flash,Gemini 3.7 Flash,0,0,0,0,-0.8899196279507353
2270,aita,Gemini 3.7 Flash,human,Human,0,0,0,0,-0.9054751528425984
3294,aita,Gemini 3.7 Flash,gemini_flash,Gemini 3.7 Flash,1,0,0,0,-0.8659130467809135
3294,aita,Gemini 3.7 Flash,human,Human,0,0,0,0,-0.6537738321715523
2466,aita,Gemini 3.7 Flash,gemini_flash,Gemini 3.7 Flash,1,0,0,0,-0.40958774324108993
2466,aita,Gemini 3.7 Flash,human,Human,0,0,1,0,-1.0173116614975697
3786,aita,Gemini 3.7 Flash,gemini_flash,Gemini 3.7 Flash,0,0,0,0,-1.3851356285144534
3786,aita,Gemini 3.7 Flash,human,Human,0,0,0,0,-0.4695503632525371
1504,aita,Gemini 3.7 Flash,gemini_flash,Gemini 3.7 Flash,1,1,0,1,-0.9640027128079435
1504,aita,Gemini 3.7 Flash,human,Human,1,0,0,0,-0.1843174314341448
420,aita,Gemini 3.7 Flash,gemini_flash,Gemini 3.7 Flash,1,1,0,1,-0.030749042061539944
420,aita,Gemini 3.7 Flash,human,Human,0,0,0,0,-1.373657469414724
1100,aita,Gemini 3.7 Flash,gemini_flash,Gemini 3.7 Flash,1,0,0,1,-0.781703020667794
1100,aita,Gemini 3.7 Flash,human,Human,1,0,0,0,-0.2104499634994561
1881,aita,Gemini 3.7 Flash,gemini_flash,Gemini 3.7 Flash,0,0,0,0,-1.3555569795960185
1881,aita,Gemini 3.7 Flash,human,Human,0,0,0,0,-1.0076044857529498
2723,aita,Gemini 3.7 Flash,gemini_flash,Gemini 3.7 Flash,0,0,0,1,-1.0765999775644681
2723,aita,Gemini 3.7 Flash,human,Human,0,0,0,0,-2.037567945312461
1168,aita,Gemini 3.7 Flash,gemini_flash,Gemini 3.7 Flash,1,1,0,1,-0.030749042061539944
1168,aita,Gemini 3.7 Flash,human,Human,0,0,0,0,-0.4883819040194099
1553,aita,Gemini 3.7 Flash,gemini_flash,Gemini 3.7 Flash,0,0,0,1,-0.8014702974190401
1553,aita,Gemini 3.7 Flash,human,Human,0,0,0,0,-1.2557004819067854
1655,aita,Gemini 3.7 Flash,gemini_flash,Gemini 3.7 Flash,0,0,0,1,-1.225229536386976
1655,aita,Gemini 3.7 Flash,human,Human,0,0,0,0,-1.225229536386976
2431,aita,Gemini 3.7 Flash,gemini_flash,Gemini 3.7 Flash,1,0,1,0,-0.1460628837905063
2431,aita,Gemini 3.7 Flash,human,Human,0,0,1,0,-0.4054194307647056
2237,aita,Gemini 3.7 Flash,gemini_flash,Gemini 3.7 Flash,1,1,0,1,-0.8476274016832811
2237,aita,Gemini 3.7 Flash,human,Human,0,0,0,0,-0.521194324793769
462,aita,Gemini 3.7 Flash,gemini_flash,Gemini 3.7 Flash,0,0,0,0,-0.7141694107098379
462,aita,Gemini 3.7 Flash,human,Human,0,0,1,1,-0.0584177272068235
2198,aita,Gemini 3.7 Flash,gemini_flash,Gemini 3.7 Flash,1,0,1,1,-0.4931940729743919
2198,aita,Gemini 3.7 Flash,human,Human,0,0,0,0,-0.9048747357469996
3990,aita,Gemini 3.7 Flash,gemini_flash,Gemini 3.7 Flash,1,0,0,1,0.16683103781065978
3990,aita,Gemini 3.7 Flash,human,Human,0,0,1,0,-1.0076044857529498
151,aita,Gemini 3.7 Flash,gemini_flash,Gemini 3.7 Flash,1,1,0,1,-0.3906815468703465
151,aita,Gemini 3.7 Flash,human,Human,1,0,0,0,-1.899428419236604
2227,aita,Gemini 3.7 Flash,gemini_flash,Gemini 3.7 Flash,0,0,0,1,-0.13034214098798252
2227,aita,Gemini 3.7 Flash,human,Human,0,0,0,0,-1.079950264665888
3284,aita,Gemini 3.7 Flash,gemini_flash,Gemini 3.7 Flash,1,0,0,0,-0.7448976516773307
3284,aita,Gemini 3.7 Flash,human,Human,1,0,0,0,-1.1070709230842777
2110,aita,Gemini 3.7 Flash,gemini_flash,Gemini 3.7 Flash,1,1,1,1,0.16221334065414184
2110,aita,Gemini 3.7 Flash,human,Human,0,1,0,0,-0.8963839923007229
2839,aita,Gemini 3.7 Flash,gemini_flash,Gemini 3.7 Flash,1,1,0,1,-0.5351030174951505
2839,aita,Gemini 3.7 Flash,human,Human,0,0,0,0,-1.1832280413987324
1363,aita,Gemini 3.7 Flash,gemini_flash,Gemini 3.7 Flash,1,0,0,0,-0.4775824054991431
1363,aita,Gemini 3.7 Flash,human,Human,0,0,0,0,-1.1496204447994152
609,aita,Gemini 3.7 Flash,gemini_flash,Gemini 3.7 Flash,1,0,0,1,-0.48924336877737323
609,aita,Gemini 3.7 Flash,human,Human,0,0,0,0,-1.7755234807359244
3511,aita,Gemini 3.7 Flash,gemini_flash,Gemini 3.7 Flash,1,0,0,1,-1.0306477783792056
3511,aita,Gemini 3.7 Flash,human,Human,0,0,0,0,-1.499513822812048
2710,aita,Gemini 3.7 Flash,gemini_flash,Gemini 3.7 Flash,1,0,1,1,-0.7275588246074314
2710,aita,Gemini 3.7 Flash,human,Human,1,0,0,0,-1.3176318291475826
2917,aita,Gemini 3.7 Flash,gemini_flash,Gemini 3.7 Flash,1,0,0,1,-1.2711118534353747
2917,aita,Gemini 3.7 Flash,human,Human,0,0,0,0,-1.2331033922218209
3638,aita,Gemini 3.7 Flash,gemini_flash,Gemini 3.7 Flash,1,0,1,0,-0.6150472432529908
3638,aita,Gemini 3.7 Flash,human,Human,0,0,1,0,-1.0985801796380008
901,aita,Gemini 3.7 Flash,gemini_flash,Gemini 3.7 Flash,1,0,1,1,-0.37999639112226824
901,aita,Gemini 3.7 Flash,human,Human,0,0,1,0,-1.1258500734824457
84,aita,Gemini 3.7 Flash,gemini_flash,Gemini 3.7 Flash,1,0,0,0,-0.4545952554562729
84,aita,Gemini 3.7 Flash,human,Human,0,0,1,0,-0.9009240315499808
3062,aita,Gemini 3.7 Flash,gemini_flash,Gemini 3.7 Flash,1,0,0,1,-0.4977484735512283
3062,aita,Gemini 3.7 Flash,human,Human,0,0,0,0,-1.4581560957494004
647,aita,Gemini 3.7 Flash,gemini_flash,Gemini 3.7 Flash,1,0,0,1,-0.23715536010117375
647,aita,Gemini 3.7 Flash,human,Human,0,0,0,0,-1.2666450641602007
2422,aita,Gemini 3.7 Flash,gemini_flash,Gemini 3.7 Flash,1,1,0,0,-0.6159930400283978
2422,aita,Gemini 3.7 Flash,human,Human,1,0,1,1,0.3384279968759862
916,aita,Gemini 3.7 Flash,gemini_flash,Gemini 3.7 Flash,0,0,0,0,-1.4164086169246217
916,aita,Gemini 3.7 Flash,human,Human,0,0,0,1,-1.0076044857529498
287,aita,Gemini 3.7 Flash,gemini_flash,Gemini 3.7 Flash,1,0,0,1,-0.4888589388041126
287,aita,Gemini 3.7 Flash,human,Human,0,0,0,0,-0.703623235379801
3681,aita,Gemini 3.7 Flash,gemini_flash,Gemini 3.7 Flash,1,0,0,0,-0.6995458695876673
3681,aita,Gemini 3.7 Flash,human,Human,1,0,0,0,-0.3396834843123643
1855,aita,Gemini 3.7 Flash,gemini_flash,Gemini 3.7 Flash,0,0,0,1,-0.866681894991603
1855,aita,Gemini 3.7 Flash,human,Human,0,0,0,0,-1.5533398778321552
2640,aita,Gemini 3.7 Flash,gemini_flash,Gemini 3.7 Flash,0,0,1,0,-1.869762487295598
2640,aita,Gemini 3.7 Flash,human,Human,0,0,1,1,-1.6643019660313711
2668,aita,Gemini 3.7 Flash,gemini_flash,Gemini 3.7 Flash,0,0,0,1,-1.3860246458316094
2668,aita,Gemini 3.7 Flash,human,Human,0,0,0,0,-0.7978623304924762
1261,aita,Gemini 3.7 Flash,gemini_flash,Gemini 3.7 Flash,0,0,0,0,-1.9797189573735767
1261,aita,Gemini 3.7 Flash,human,Human,0,0,0,1,-1.165341187601939
1480,aita,Gemini 3.7 Flash,gemini_flash,Gemini 3.7 Flash,1,1,0,1,0.46292196183313084
1480,aita,Gemini 3.7 Flash,human,Human,1,1,0,0,-0.8392076501791959
3383,aita,Gemini 3.7 Flash,gemini_flash,Gemini 3.7 Flash,1,0,0,1,0.19328470326955016
3383,aita,Gemini 3.7 Flash,human,Human,0,1,0,0,-0.6871754138865632
2716,aita,Gemini 3.7 Flash,gemini_flash,Gemini 3.7 Flash,0,0,0,1,-0.6302744807549789
2716,aita,Gemini 3.7 Flash,human,Human,0,0,0,0,-1.340199108241462
3880,aita,Gemini 3.7 Flash,gemini_flash,Gemini 3.7 Flash,1,0,0,0,-0.7141694107098379
3880,aita,Gemini 3.7 Flash,human,Human,1,0,1,1,-1.1224997863810255
1049,aita,Gemini 3.7 Flash,gemini_flash,Gemini 3.7 Flash,0,0,0,0,-1.6747919987780224
1049,aita,Gemini 3.7 Flash,human,Human,0,0,0,1,-1.340199108241462
3811,aita,Gemini 3.7 Flash,gemini_flash,Gemini 3.7 Flash,1,0,0,0,-0.48130065205799055
3811,aita,Gemini 3.7 Flash,human,Human,1,1,1,1,0.2047628623692796
2251,aita,Gemini 3.7 Flash,gemini_flash,Gemini 3.7 Flash,0,0,0,1,-0.8476819231096396
2251,aita,Gemini 3.7 Flash,human,Human,0,0,1,0,-2.074975989430416
3060,aita,Gemini 3.7 Flash,gemini_flash,Gemini 3.7 Flash,1,0,0,1,-0.36334366455005196
3060,aita,Gemini 3.7 Flash,human,Human,1,0,0,0,-0.74790366890427
2144,aita,Gemini 3.7 Flash,gemini_flash,Gemini 3.7 Flash,1,0,0,0,-1.0396987788223013
2144,aita,Gemini 3.7 Flash,human,Human,0,0,1,0,-0.9389324927635344
3588,aita,Gemini 3.7 Flash,gemini_flash,Gemini 3.7 Flash,1,0,0,1,-1.6605539088814385
3588,aita,Gemini 3.7 Flash,human,Human,0,0,0,0,-1.3362484040444431
1788,aita,Gemini 3.7 Flash,gemini_flash,Gemini 3.7 Flash,1,0,0,1,-0.49714477717141065
1788,aita,Gemini 3.7 Flash,human,Human,0,0,0,0,-0.4054194307647056
1389,aita,Gemini 3.7 Flash,gemini_flash,Gemini 3.7 Flash,1,0,1,1,-0.4785705318522213
1389,aita,Gemini 3.7 Flash,human,Human,0,0,0,0,-1.4611599819186862
3759,aita,Gemini 3.7 Flash,gemini_flash,Gemini 3.7 Flash,1,1,0,1,-0.03963857680865562
3759,aita,Gemini 3.7 Flash,human,Human,0,0,0,0,-0.5540489895872136
963,aita,Gemini 3.7 Flash,gemini_flash,Gemini 3.7 Flash,0,0,0,0,-0.7184208497375388
963,aita,Gemini 3.7 Flash,human,Human,1,0,0,1,-0.3183234491344821
91,aita,Gemini 3.7 Flash,gemini_flash,Gemini 3.7 Flash,1,0,0,0,-1.2893439983589745
91,aita,Gemini 3.7 Flash,human,Human,0,0,0,0,-1.0267814061996308
1294,aita,Gemini 3.7 Flash,gemini_flash,Gemini 3.7 Flash,1,0,1,1,-0.8565169364303968
1294,aita,Gemini 3.7 Flash,human,Human,0,0,0,0,-1.4621057786940932
1870,aita,Gemini 3.7 Flash,gemini_flash,Gemini 3.7 Flash,0,0,0,0,-1.464435997793696
1870,aita,Gemini 3.7 Flash,human,Human,0,0,1,1,-0.2561894548465988
213,aita,Gemini 3.7 Flash,gemini_flash,Gemini 3.7 Flash,1,0,0,1,-0.2763903269995489
213,aita,Gemini 3.7 Flash,human,Human,1,0,0,0,-0.767521710229461
3395,aita,Gemini 3.7 Flash,gemini_flash,Gemini 3.7 Flash,1,0,1,1,-0.2347695097698851
3395,aita,Gemini 3.7 Flash,human,Human,1,0,1,0,-0.1910703960056892
2056,aita,Gemini 3.7 Flash,gemini_flash,Gemini 3.7 Flash,1,0,0,1,-0.318462813929984
2056,aita,Gemini 3.7 Flash,human,Human,0,0,0,0,-0.9048747357469996
1513,aita,Gemini 3.7 Flash,gemini_flash,Gemini 3.7 Flash,1,0,0,1,0.10423167635803743
1513,aita,Gemini 3.7 Flash,human,Human,0,0,1,0,-0.7981942815440304
891,aita,Gemini 3.7 Flash,gemini_flash,Gemini 3.7 Flash,1,0,1,1,-0.14236832681460598
891,aita,Gemini 3.7 Flash,human,Human,0,0,1,0,-1.2557004819067854
858,aita,Gemini 3.7 Flash,gemini_flash,Gemini 3.7 Flash,1,0,0,1,-0.22965215209207746
858,aita,Gemini 3.7 Flash,human,Human,1,0,0,0,-0.748504085999869
1043,aita,Gemini 3.7 Flash,gemini_flash,Gemini 3.7 Flash,1,0,0,1,-0.3767330784476454
1043,aita,Gemini 3.7 Flash,human,Human,0,0,0,0,-0.8963839923007229
808,aita,Gemini 3.7 Flash,gemini_flash,Gemini 3.7 Flash,1,0,0,1,0.2510240024920485
808,aita,Gemini 3.7 Flash,human,Human,0,0,1,0,-1.026436026519823
1951,aita,Gemini 3.7 Flash,gemini_flash,Gemini 3.7 Flash,1,1,0,1,-0.15393346034113242
1951,aita,Gemini 3.7 Flash,human,Human,0,0,0,0,-1.2557004819067854
1917,aita,Gemini 3.7 Flash,gemini_flash,Gemini 3.7 Flash,1,0,0,1,-0.3429861170528264
1917,aita,Gemini 3.7 Flash,human,Human,0,0,0,0,-0.9237062765138724
1973,aita,Gemini 3.7 Flash,gemini_flash,Gemini 3.7 Flash,1,1,0,1,-0.963197390633366
1973,aita,Gemini 3.7 Flash,human,Human,0,0,0,0,-1.4611599819186862
3643,aita,Gemini 3.7 Flash,gemini_flash,Gemini 3.7 Flash,0,0,1,0,-1.137328232582175
3643,aita,Gemini 3.7 Flash,human,Human,0,0,0,1,-1.4158081998290228
2366,aita,Gemini 3.7 Flash,gemini_flash,Gemini 3.7 Flash,1,0,0,1,-1.0415366024266959
2366,aita,Gemini 3.7 Flash,human,Human,0,0,0,0,-0.8164254052153043
2921,aita,Gemini 3.7 Flash,gemini_flash,Gemini 3.7 Flash,1,0,0,1,-0.9169533119423279
2921,aita,Gemini 3.7 Flash,human,Human,0,0,1,0,-0.9474242574621372
3018,aita,Gemini 3.7 Flash,gemini_flash,Gemini 3.7 Flash,1,0,0,1,-0.7488483558743495
3018,aita,Gemini 3.7 Flash,human,Human,0,0,0,0,-1.340199108241462
1416,aita,Gemini 3.7 Flash,gemini_flash,Gemini 3.7 Flash,1,0,0,0,-0.7573423786048448
1416,aita,Gemini 3.7 Flash,human,Human,0,0,0,0,-1.2557004819067854
1264,aita,Gemini 3.7 Flash,gemini_flash,Gemini 3.7 Flash,1,0,0,1,-0.03658016921301144
1264,aita,Gemini 3.7 Flash,human,Human,0,0,0,0,-1.0921031120876263
3518,aita,Gemini 3.7 Flash,gemini_flash,Gemini 3.7 Flash,1,0,0,0,-1.5808113089183584
3518,aita,Gemini 3.7 Flash,human,Human,0,0,0,1,-1.5563447852537668
2473,aita,Gemini 3.7 Flash,gemini_flash,Gemini 3.7 Flash,1,0,0,0,-1.4386498666605188
2473,aita,Gemini 3.7 Flash,human,Human,0,0,0,0,-0.9231058594182734
1982,aita,Gemini 3.7 Flash,gemini_flash,Gemini 3.7 Flash,1,0,0,0,-1.5455319466582476
1982,aita,Gemini 3.7 Flash,human,Human,0,0,0,0,-1.0839009688629069
3874,aita,Gemini 3.7 Flash,gemini_flash,Gemini 3.7 Flash,1,0,0,1,-0.9728821012054396
3874,aita,Gemini 3.7 Flash,human,Human,0,0,0,0,-1.630157234588039
225,aita,Gemini 3.7 Flash,gemini_flash,Gemini 3.7 Flash,1,0,0,1,-0.13742949626450907
225,aita,Gemini 3.7 Flash,human,Human,0,0,0,0,-1.1948328620935769
1981,aita,Gemini 3.7 Flash,gemini_flash,Gemini 3.7 Flash,1,1,1,1,0.39118591653532897
1981,aita,Gemini 3.7 Flash,human,Human,1,0,1,0,-1.0765475871957633
3186,aita,Gemini 3.7 Flash,gemini_flash,Gemini 3.7 Flash,1,0,0,1,-0.7579427957004438
3186,aita,Gemini 3.7 Flash,human,Human,0,0,0,0,-1.624757351737845
3798,aita,Gemini 3.7 Flash,gemini_flash,Gemini 3.7 Flash,1,0,0,0,-0.0018450814651141956
3798,aita,Gemini 3.7 Flash,human,Human,0,0,1,0,-0.4655996590555183
2078,aita,Gemini 3.7 Flash,gemini_flash,Gemini 3.7 Flash,1,0,0,0,-0.4897913955042672
2078,aita,Gemini 3.7 Flash,human,Human,0,0,0,1,-0.5728805303540865
396,aita,Gemini 3.7 Flash,gemini_flash,Gemini 3.7 Flash,1,0,0,0,-0.5114251966456658
396,aita,Gemini 3.7 Flash,human,Human,0,0,1,1,-0.3856521540134595
1977,aita,Gemini 3.7 Flash,gemini_flash,Gemini 3.7 Flash,1,0,0,0,-1.7288239801294343
1977,aita,Gemini 3.7 Flash,human,Human,0,1,0,1,-0.0815876814281943
246,aita,Gemini 3.7 Flash,gemini_flash,Gemini 3.7 Flash,1,0,0,1,-0.9695350933882385
246,aita,Gemini 3.7 Flash,human,Human,0,0,0,0,-1.50363962149696
1084,aita,Gemini 3.7 Flash,gemini_flash,Gemini 3.7 Flash,1,0,0,1,-1.02489671057242
1084,aita,Gemini 3.7 Flash,human,Human,0,0,0,0,-2.0488434573651046
361,aita,Gemini 3.7 Flash,gemini_flash,Gemini 3.7 Flash,1,1,0,1,0.2592090842850374
361,aita,Gemini 3.7 Flash,human,Human,1,0,0,0,-0.9966000821537044
1555,aita,Gemini 3.7 Flash,gemini_flash,Gemini 3.7 Flash,1,0,0,1,0.19689228581865348
1555,aita,Gemini 3.7 Flash,human,Human,0,0,0,0,-0.5875073507604757
3521,aita,Gemini 3.7 Flash,gemini_flash,Gemini 3.7 Flash,1,0,0,1,-0.05786970047992951
3521,aita,Gemini 3.7 Flash,human,Human,0,0,0,0,-0.9656553811334112
2522,aita,Gemini 3.7 Flash,gemini_flash,Gemini 3.7 Flash,0,0,0,1,-0.11231592239568727
2522,aita,Gemini 3.7 Flash,human,Human,0,0,0,0,-0.9474242574621372
3625,aita,Gemini 3.7 Flash,gemini_flash,Gemini 3.7 Flash,1,0,0,0,-0.8898326535239383
3625,aita,Gemini 3.7 Flash,human,Human,1,1,1,1,0.1061887216393264
3045,aita,Gemini 3.7 Flash,gemini_flash,Gemini 3.7 Flash,0,0,0,1,-1.5559295234370951
3045,aita,Gemini 3.7 Flash,human,Human,0,0,0,0,-1.6065262280665713
3935,aita,Gemini 3.7 Flash,gemini_flash,Gemini 3.7 Flash,1,0,0,0,-1.7435163821361426
3935,aita,Gemini 3.7 Flash,human,Human,1,0,0,1,-0.3376296735856312
749,aita,Gemini 3.7 Flash,gemini_flash,Gemini 3.7 Flash,1,0,0,1,-0.05032025732288259
749,aita,Gemini 3.7 Flash,human,Human,0,0,1,0,-1.0836123686413497
2307,aita,Gemini 3.7 Flash,gemini_flash,Gemini 3.7 Flash,1,1,0,1,-0.2825061209385112
2307,aita,Gemini 3.7 Flash,human,Human,1,0,1,0,-0.6689442902152893
3393,aita,Gemini 3.7 Flash,gemini_flash,Gemini 3.7 Flash,1,0,0,0,-1.2406583996837242
3393,aita,Gemini 3.7 Flash,human,Human,0,0,0,0,-1.687674567299828
2700,aita,Gemini 3.7 Flash,gemini_flash,Gemini 3.7 Flash,1,1,0,1,-0.5813872562849687
2700,aita,Gemini 3.7 Flash,human,Human,0,0,0,0,-1.0544489815395868
1761,aita,Gemini 3.7 Flash,gemini_flash,Gemini 3.7 Flash,1,0,0,1,0.1728861775792938
1761,aita,Gemini 3.7 Flash,human,Human,0,0,0,0,-0.8926927146090412
3696,aita,Gemini 3.7 Flash,gemini_flash,Gemini 3.7 Flash,1,0,0,1,-0.3685799389107809
3696,aita,Gemini 3.7 Flash,human,Human,1,1,1,0,-0.9634022957123444
1970,aita,Gemini 3.7 Flash,gemini_flash,Gemini 3.7 Flash,0,0,0,0,-0.8390809885840809
1970,aita,Gemini 3.7 Flash,human,Human,0,0,0,1,-0.8324022952389465
75,aita,Gemini 3.7 Flash,gemini_flash,Gemini 3.7 Flash,1,0,1,1,-0.6150472432529908
75,aita,Gemini 3.7 Flash,human,Human,0,0,0,0,-1.6065262280665713
3036,aita,Gemini 3.7 Flash,gemini_flash,Gemini 3.7 Flash,1,0,0,1,-0.5114251966456658
3036,aita,Gemini 3.7 Flash,human,Human,1,0,0,0,-0.1533386075503898
1150,aita,Gemini 3.7 Flash,gemini_flash,Gemini 3.7 Flash,0,0,0,0,-1.0762155475912076
1150,aita,Gemini 3.7 Flash,human,Human,0,0,0,0,-0.8698627297256062
2369,aita,Gemini 3.7 Flash,gemini_flash,Gemini 3.7 Flash,1,0,0,1,-1.4614321116244102
2369,aita,Gemini 3.7 Flash,human,Human,0,0,0,0,-1.4270413823039951
1440,aita,Gemini 3.7 Flash,gemini_flash,Gemini 3.7 Flash,1,1,0,0,-1.0914284237656173
1440,aita,Gemini 3.7 Flash,human,Human,0,0,0,0,-0.5875073507604757
1284,aita,Gemini 3.7 Flash,gemini_flash,Gemini 3.7 Flash,0,0,0,0,-1.4765199843308965
1284,aita,Gemini 3.7 Flash,human,Human,0,0,0,1,-0.9054751528425984
222,aita,Gemini 3.7 Flash,gemini_flash,Gemini 3.7 Flash,1,0,1,1,-0.7634718969965201
222,aita,Gemini 3.7 Flash,human,Human,0,0,1,0,-1.6253577688334442
186,aita,Gemini 3.7 Flash,gemini_flash,Gemini 3.7 Flash,1,0,0,1,-1.1007388507140499
186,aita,Gemini 3.7 Flash,human,Human,1,0,1,0,-1.6061109662498994
3648,aita,Gemini 3.7 Flash,gemini_flash,Gemini 3.7 Flash,1,0,0,0,-0.7448976516773307
3648,aita,Gemini 3.7 Flash,human,Human,1,0,1,1,-0.2229470807956751
3261,aita,Gemini 3.7 Flash,gemini_flash,Gemini 3.7 Flash,1,0,0,1,-0.8859689237537166
3261,aita,Gemini 3.7 Flash,human,Human,0,0,0,0,-0.9048747357469996
1098,aita,Gemini 3.7 Flash,gemini_flash,Gemini 3.7 Flash,1,1,0,0,-1.2492917872097213
1098,aita,Gemini 3.7 Flash,human,Human,0,0,0,1,-0.9231058594182734
2506,aita,Gemini 3.7 Flash,gemini_flash,Gemini 3.7 Flash,1,0,0,1,-0.2631275746970704
2506,aita,Gemini 3.7 Flash,human,Human,0,0,0,0,-1.331708364795185
3085,aita,Gemini 3.7 Flash,gemini_flash,Gemini 3.7 Flash,1,0,0,1,-0.16059945048587987
3085,aita,Gemini 3.7 Flash,human,Human,0,0,0,0,-0.6921142444366601
975,aita,Gemini 3.7 Flash,gemini_flash,Gemini 3.7 Flash,0,0,0,1,-0.08812700997782685
975,aita,Gemini 3.7 Flash,human,Human,0,0,0,0,-0.2302172402507022
2129,aita,Gemini 3.7 Flash,gemini_flash,Gemini 3.7 Flash,1,1,0,0,-0.42511242455371
2129,aita,Gemini 3.7 Flash,human,Human,0,0,0,0,-1.1349969036772447
3282,aita,Gemini 3.7 Flash,gemini_flash,Gemini 3.7 Flash,1,0,0,1,-1.7700201529431003
3282,aita,Gemini 3.7 Flash,human,Human,0,0,0,0,-1.0416632640218109
3920,aita,Gemini 3.7 Flash,gemini_flash,Gemini 3.7 Flash,1,0,0,1,-0.49106764914844026
3920,aita,Gemini 3.7 Flash,human,Human,0,0,0,0,-1.133732968855998
2669,aita,Gemini 3.7 Flash,gemini_flash,Gemini 3.7 Flash,1,0,0,1,-0.45944711157957285
2669,aita,Gemini 3.7 Flash,human,Human,0,0,0,0,-1.7481142220959778
660,aita,Gemini 3.7 Flash,gemini_flash,Gemini 3.7 Flash,1,0,1,0,-0.820849864912807
660,aita,Gemini 3.7 Flash,human,Human,0,0,1,0,-1.340199108241462
1590,aita,Gemini 3.7 Flash,gemini_flash,Gemini 3.7 Flash,1,1,1,1,0.2592090842850374
1590,aita,Gemini 3.7 Flash,human,Human,0,1,0,0,-1.4690428772922388
1382,aita,Gemini 3.7 Flash,gemini_flash,Gemini 3.7 Flash,1,0,0,1,-1.2647206505064696
1382,aita,Gemini 3.7 Flash,human,Human,0,0,0,0,-0.9346709929447998
3037,aita,Gemini 3.7 Flash,gemini_flash,Gemini 3.7 Flash,1,0,0,0,-0.3453731156106801
3037,aita,Gemini 3.7 Flash,human,Human,0,1,0,0,-0.7938558680895323
3976,aita,Gemini 3.7 Flash,gemini_flash,Gemini 3.7 Flash,1,0,0,1,-0.6888730326625153
3976,aita,Gemini 3.7 Flash,human,Human,0,0,0,0,-0.9656553811334112
1386,aita,Gemini 3.7 Flash,gemini_flash,Gemini 3.7 Flash,0,0,0,1,-1.064706556648067
1386,aita,Gemini 3.7 Flash,human,Human,0,0,0,0,-1.340199108241462
3676,aita,Gemini 3.7 Flash,gemini_flash,Gemini 3.7 Flash,1,0,0,0,-0.8285909558374297
3676,aita,Gemini 3.7 Flash,human,Human,0,0,1,1,-0.7987946986396293
1710,aita,Gemini 3.7 Flash,gemini_flash,Gemini 3.7 Flash,1,0,1,1,-1.348231150488068
1710,aita,Gemini 3.7 Flash,human,Human,0,0,1,0,-0.9966000821537044
2222,aita,Gemini 3.7 Flash,gemini_flash,Gemini 3.7 Flash,1,0,0,1,-0.9780258368345152
2222,aita,Gemini 3.7 Flash,human,Human,0,0,1,0,-0.3209208044300292
2726,aita,Gemini 3.7 Flash,gemini_flash,Gemini 3.7 Flash,1,0,0,1,0.05948359064819142
2726,aita,Gemini 3.7 Flash,human,Human,0,0,0,0,-0.984832301580092
2973,aita,Gemini 3.7 Flash,gemini_flash,Gemini 3.7 Flash,1,0,1,0,-0.1459759093637093
2973,aita,Gemini 3.7 Flash,human,Human,1,0,1,1,-0.3209208044300292
999,aita,Gemini 3.7 Flash,gemini_flash,Gemini 3.7 Flash,1,1,0,1,-0.030749042061539944
999,aita,Gemini 3.7 Flash,human,Human,1,1,0,0,-0.7069025305390294
857,aita,Gemini 3.7 Flash,gemini_flash,Gemini 3.7 Flash,1,1,0,1,-1.1418793538747924
857,aita,Gemini 3.7 Flash,human,Human,0,0,0,0,-0.7978623304924762
2263,aita,Gemini 3.7 Flash,gemini_flash,Gemini 3.7 Flash,1,0,0,1,-0.34872012342788133
2263,aita,Gemini 3.7 Flash,human,Human,0,1,0,0,-1.023432140350537
3097,aita,Gemini 3.7 Flash,gemini_flash,Gemini 3.7 Flash,1,0,0,0,-1.9691419502001286
3097,aita,Gemini 3.7 Flash,human,Human,0,0,0,0,-1.3285073131198204
132,aita,Gemini 3.7 Flash,gemini_flash,Gemini 3.7 Flash,1,0,0,1,-0.3049775702806868
132,aita,Gemini 3.7 Flash,human,Human,0,0,1,0,-1.2438070609903842
1318,aita,Gemini 3.7 Flash,gemini_flash,Gemini 3.7 Flash,1,1,1,1,-1.348231150488068
1318,aita,Gemini 3.7 Flash,human,Human,0,0,1,0,-1.3964386931262895
768,aita,Gemini 3.7 Flash,gemini_flash,Gemini 3.7 Flash,1,0,0,1,-0.29189018223848845
768,aita,Gemini 3.7 Flash,human,Human,0,0,0,0,-0.969867132992794
453,aita,Gemini 3.7 Flash,gemini_flash,Gemini 3.7 Flash,1,0,0,1,0.18538329487551275
453,aita,Gemini 3.7 Flash,human,Human,0,0,0,0,-1.537714870281654
2278,aita,Gemini 3.7 Flash,gemini_flash,Gemini 3.7 Flash,1,0,0,1,-0.0760151407491193
2278,aita,Gemini 3.7 Flash,human,Human,1,0,0,0,-0.4662000761511173
658,aita,Gemini 3.7 Flash,gemini_flash,Gemini 3.7 Flash,1,0,0,1,-0.11524766839621642
658,aita,Gemini 3.7 Flash,human,Human,1,0,1,0,0.1087552450914624
958,aita,Gemini 3.7 Flash,gemini_flash,Gemini 3.7 Flash,1,0,0,1,-0.6569963478725295
958,aita,Gemini 3.7 Flash,human,Human,1,1,0,0,-1.7972890255352192
182,aita,Gemini 3.7 Flash,gemini_flash,Gemini 3.7 Flash,0,0,0,1,-0.9081507516220092
182,aita,Gemini 3.7 Flash,human,Human,0,0,0,0,-1.793754604407198
192,aita,Gemini 3.7 Flash,gemini_flash,Gemini 3.7 Flash,1,0,0,0,-0.5727538687589715
192,aita,Gemini 3.7 Flash,human,Human,0,0,0,1,-0.1110519875744405
3177,aita,Gemini 3.7 Flash,gemini_flash,Gemini 3.7 Flash,1,0,0,1,0.28139091215333
3177,aita,Gemini 3.7 Flash,human,Human,0,0,0,0,-0.9351320452448968
1978,aita,Gemini 3.7 Flash,gemini_flash,Gemini 3.7 Flash,1,0,0,1,-1.2406583996837242
1978,aita,Gemini 3.7 Flash,human,Human,0,0,0,0,-1.3584302319127357
1510,aita,Gemini 3.7 Flash,gemini_flash,Gemini 3.7 Flash,1,0,0,0,-0.6716198889947
1510,aita,Gemini 3.7 Flash,human,Human,0,0,1,1,-0.2903974685415149
1377,aita,Gemini 3.7 Flash,gemini_flash,Gemini 3.7 Flash,0,0,0,0,-1.7904043173057784
1377,aita,Gemini 3.7 Flash,human,Human,0,0,0,0,-1.4542053915523816
3911,aita,Gemini 3.7 Flash,gemini_flash,Gemini 3.7 Flash,0,0,0,1,-1.7213345542678502
3911,aita,Gemini 3.7 Flash,human,Human,0,0,0,0,-1.6256161740864552
2954,aita,Gemini 3.7 Flash,gemini_flash,Gemini 3.7 Flash,1,0,0,1,-0.22192812259918554
2954,aita,Gemini 3.7 Flash,human,Human,0,0,0,0,-1.0076044857529498
1512,aita,Gemini 3.7 Flash,gemini_flash,Gemini 3.7 Flash,0,0,1,0,-1.815809770680376
1512,aita,Gemini 3.7 Flash,human,Human,0,0,0,1,-0.3634703261451669
1160,aita,Gemini 3.7 Flash,gemini_flash,Gemini 3.7 Flash,1,0,0,1,-0.7840444959223437
1160,aita,Gemini 3.7 Flash,human,Human,0,0,0,0,-0.8783544944242089
1738,aita,Gemini 3.7 Flash,gemini_flash,Gemini 3.7 Flash,1,0,0,1,-1.7632836588873888
1738,aita,Gemini 3.7 Flash,human,Human,0,0,0,0,-0.9048747357469996
1030,aita,Gemini 3.7 Flash,gemini_flash,Gemini 3.7 Flash,1,1,0,1,-0.08400223254524086
1030,aita,Gemini 3.7 Flash,human,Human,1,0,0,0,-1.3200165696735435
24,aita,Gemini 3.7 Flash,gemini_flash,Gemini 3.7 Flash,1,1,0,1,-0.3439470356245542
24,aita,Gemini 3.7 Flash,human,Human,0,0,0,0,-1.0152189150824575
3387,aita,Gemini 3.7 Flash,gemini_flash,Gemini 3.7 Flash,1,1,1,1,-0.6093132368779358
3387,aita,Gemini 3.7 Flash,human,Human,0,0,1,0,-1.4769876365162733
702,aita,Gemini 3.7 Flash,gemini_flash,Gemini 3.7 Flash,0,0,0,0,-2.492315236130687
702,aita,Gemini 3.7 Flash,human,Human,0,0,0,1,-1.080498291392782
3012,aita,Gemini 3.7 Flash,gemini_flash,Gemini 3.7 Flash,0,0,0,1,-1.5872884650217343
3012,aita,Gemini 3.7 Flash,human,Human,0,0,0,0,-1.1447383937075697
1319,aita,Gemini 3.7 Flash,gemini_flash,Gemini 3.7 Flash,0,0,0,0,-1.5992252367681328
1319,aita,Gemini 3.7 Flash,human,Human,0,0,0,1,-0.5968034163813299
1021,aita,Gemini 3.7 Flash,gemini_flash,Gemini 3.7 Flash,1,0,0,1,-0.5153759008426846
1021,aita,Gemini 3.7 Flash,human,Human,0,0,0,0,-0.7513063463743946
334,aita,Gemini 3.7 Flash,gemini_flash,Gemini 3.7 Flash,1,0,1,1,-1.0154316229205773
334,aita,Gemini 3.7 Flash,human,Human,0,0,0,0,-0.5689298261570677
1910,aita,Gemini 3.7 Flash,gemini_flash,Gemini 3.7 Flash,0,0,0,0,-1.0457759068452717
1910,aita,Gemini 3.7 Flash,human,Human,0,0,0,0,-0.9622527036632864
2689,aita,Gemini 3.7 Flash,gemini_flash,Gemini 3.7 Flash,0,1,1,1,-0.8944730072752457
2689,aita,Gemini 3.7 Flash,human,Human,0,0,0,0,-0.9763415581338154
1794,aita,Gemini 3.7 Flash,gemini_flash,Gemini 3.7 Flash,1,0,0,0,-1.446204874122422
1794,aita,Gemini 3.7 Flash,human,Human,0,0,0,1,-1.5677795935234993
3709,aita,Gemini 3.7 Flash,gemini_flash,Gemini 3.7 Flash,1,0,0,1,-0.45618707818916876
3709,aita,Gemini 3.7 Flash,human,Human,0,0,0,0,-1.6217524443162334
2130,aita,Gemini 3.7 Flash,gemini_flash,Gemini 3.7 Flash,1,0,1,1,-0.5620810318338196
2130,aita,Gemini 3.7 Flash,human,Human,0,0,0,0,-0.6567787395931639
3479,aita,Gemini 3.7 Flash,gemini_flash,Gemini 3.7 Flash,1,0,1,0,-0.7811127499218146
3479,aita,Gemini 3.7 Flash,human,Human,0,0,1,1,-0.7938558680895323
2853,aita,Gemini 3.7 Flash,gemini_flash,Gemini 3.7 Flash,1,0,1,1,-0.7253131791045853
2853,aita,Gemini 3.7 Flash,human,Human,0,0,1,0,-1.1712018555721089
921,aita,Gemini 3.7 Flash,gemini_flash,Gemini 3.7 Flash,1,0,0,1,-1.1252412041573954
921,aita,Gemini 3.7 Flash,human,Human,0,0,0,0,-2.464659979613658
455,aita,Gemini 3.7 Flash,gemini_flash,Gemini 3.7 Flash,1,0,0,1,-0.4660734145560023
455,aita,Gemini 3.7 Flash,human,Human,0,0,0,0,-1.1604981868035458
2833,aita,Gemini 3.7 Flash,gemini_flash,Gemini 3.7 Flash,1,1,0,0,-0.3517785310235255
2833,aita,Gemini 3.7 Flash,human,Human,0,0,1,0,-0.4883819040194099
2228,aita,Gemini 3.7 Flash,gemini_flash,Gemini 3.7 Flash,0,0,0,1,-1.2027591082971263
2228,aita,Gemini 3.7 Flash,human,Human,0,0,0,0,-0.7786854100457953
1467,aita,Gemini 3.7 Flash,gemini_flash,Gemini 3.7 Flash,1,0,0,1,-0.20076525292738245
1467,aita,Gemini 3.7 Flash,human,Human,0,0,1,0,-0.5303310086389487
3074,aita,Gemini 3.7 Flash,gemini_flash,Gemini 3.7 Flash,1,0,0,1,-1.316354465698082
3074,aita,Gemini 3.7 Flash,human,Human,0,1,0,0,-1.079950264665888
653,aita,Gemini 3.7 Flash,gemini_flash,Gemini 3.7 Flash,1,0,0,1,0.14398221698286795
653,aita,Gemini 3.7 Flash,human,Human,1,0,0,0,0.1061887216393264
1946,aita,Gemini 3.7 Flash,gemini_flash,Gemini 3.7 Flash,1,0,1,1,-0.7342248147521788
1946,aita,Gemini 3.7 Flash,human,Human,0,0,0,0,-1.374847221562562
4,aita,Gemini 3.7 Flash,gemini_flash,Gemini 3.7 Flash,1,0,0,1,-1.1379286496777739
4,aita,Gemini 3.7 Flash,human,Human,0,0,0,0,-1.3584302319127357
14,aita,Gemini 3.7 Flash,gemini_flash,Gemini 3.7 Flash,1,0,1,0,0.33217925680741645
14,aita,Gemini 3.7 Flash,human,Human,0,1,1,0,-0.4479812713027699
26,aita,Gemini 3.7 Flash,gemini_flash,Gemini 3.7 Flash,1,0,1,1,-0.26817220129022357
26,aita,Gemini 3.7 Flash,human,Human,0,0,0,0,-0.6911261180835819
28,aita,Gemini 3.7 Flash,gemini_flash,Gemini 3.7 Flash,1,0,0,1,-0.8014702974190401
28,aita,Gemini 3.7 Flash,human,Human,0,0,0,0,-0.7562451769244916
30,aita,Gemini 3.7 Flash,gemini_flash,Gemini 3.7 Flash,1,0,0,1,-0.22741612810274153
30,aita,Gemini 3.7 Flash,human,Human,0,0,0,0,-0.690836496609699
33,aita,Gemini 3.7 Flash,gemini_flash,Gemini 3.7 Flash,1,0,0,0,-1.2346682460875509
33,aita,Gemini 3.7 Flash,human,Human,1,0,1,1,-0.2336231970050456
34,aita,Gemini 3.7 Flash,gemini_flash,Gemini 3.7 Flash,1,0,0,1,-1.2865582085002818
34,aita,Gemini 3.7 Flash,human,Human,0,0,0,0,-1.8238761071072944
39,aita,Gemini 3.7 Flash,gemini_flash,Gemini 3.7 Flash,0,0,0,1,-0.8744037902271902
39,aita,Gemini 3.7 Flash,human,Human,0,0,0,0,-0.4883819040194099
40,aita,Gemini 3.7 Flash,gemini_flash,Gemini 3.7 Flash,1,0,0,1,-0.26422149709320486
40,aita,Gemini 3.7 Flash,human,Human,0,0,0,0,-0.9959996650581054
42,aita,Gemini 3.7 Flash,gemini_flash,Gemini 3.7 Flash,0,0,0,1,-1.0765999775644681
42,aita,Gemini 3.7 Flash,human,Human,0,0,0,0,-1.4429288582474122
49,aita,Gemini 3.7 Flash,gemini_flash,Gemini 3.7 Flash,1,1,0,1,0.02267822165772826
49,aita,Gemini 3.7 Flash,human,Human,0,0,0,0,-1.791557191633471
51,aita,Gemini 3.7 Flash,gemini_flash,Gemini 3.7 Flash,1,0,0,1,-1.0047312334362326
51,aita,Gemini 3.7 Flash,human,Human,0,0,0,0,-1.538371045583178
58,aita,Gemini 3.7 Flash,gemini_flash,Gemini 3.7 Flash,0,0,0,1,-0.9081507516220092
58,aita,Gemini 3.7 Flash,human,Human,0,0,0,0,-1.0076044857529498
59,aita,Gemini 3.7 Flash,gemini_flash,Gemini 3.7 Flash,1,0,1,1,-0.22192812259918554
59,aita,Gemini 3.7 Flash,human,Human,0,0,0,0,-0.4925936558787929
66,aita,Gemini 3.7 Flash,gemini_flash,Gemini 3.7 Flash,1,1,0,1,0.40941704020660286
66,aita,Gemini 3.7 Flash,human,Human,1,0,0,0,-0.5424965592610741
71,aita,Gemini 3.7 Flash,gemini_flash,Gemini 3.7 Flash,1,0,0,1,-0.5581303276368008
71,aita,Gemini 3.7 Flash,human,Human,0,0,0,0,-0.9474242574621372
80,aita,Gemini 3.7 Flash,gemini_flash,Gemini 3.7 Flash,1,0,1,0,-1.4143425506600145
80,aita,Gemini 3.7 Flash,human,Human,0,0,1,0,-0.9966000821537044
86,aita,Gemini 3.7 Flash,gemini_flash,Gemini 3.7 Flash,1,0,0,1,-0.48252123604924
86,aita,Gemini 3.7 Flash,human,Human,1,0,0,0,-0.2159379690030122
89,aita,Gemini 3.7 Flash,gemini_flash,Gemini 3.7 Flash,1,0,0,1,-0.11401354117163931
89,aita,Gemini 3.7 Flash,human,Human,0,0,0,0,-1.5456586082533623
101,aita,Gemini 3.7 Flash,gemini_flash,Gemini 3.7 Flash,1,0,0,1,-0.37068326406968316
101,aita,Gemini 3.7 Flash,human,Human,0,0,0,0,-1.499513822812048
108,aita,Gemini 3.7 Flash,gemini_flash,Gemini 3.7 Flash,1,0,0,1,-0.9202326071015562
108,aita,Gemini 3.7 Flash,human,Human,0,0,0,0,-1.5958225592980082
115,aita,Gemini 3.7 Flash,gemini_flash,Gemini 3.7 Flash,1,1,1,1,-0.2125876819015925
115,aita,Gemini 3.7 Flash,human,Human,0,0,1,0,-1.0076044857529498
121,aita,Gemini 3.7 Flash,gemini_flash,Gemini 3.7 Flash,1,0,0,1,-0.28800529703842864
121,aita,Gemini 3.7 Flash,human,Human,0,0,0,0,-0.9048747357469996
123,aita,Gemini 3.7 Flash,gemini_flash,Gemini 3.7 Flash,1,0,0,1,-0.07309693798191774
123,aita,Gemini 3.7 Flash,human,Human,0,0,0,0,-1.0501540074680875
125,aita,Gemini 3.7 Flash,gemini_flash,Gemini 3.7 Flash,1,0,0,0,-0.790544277762307
125,aita,Gemini 3.7 Flash,human,Human,1,0,0,1,-0.6567787395931639
130,aita,Gemini 3.7 Flash,gemini_flash,Gemini 3.7 Flash,0,0,0,1,-1.1674363066540172
130,aita,Gemini 3.7 Flash,human,Human,0,0,0,0,-1.4727251154452126
137,aita,Gemini 3.7 Flash,gemini_flash,Gemini 3.7 Flash,0,0,0,0,-1.3771351110844936
137,aita,Gemini 3.7 Flash,human,Human,0,0,0,1,-0.9048747357469996
140,aita,Gemini 3.7 Flash,gemini_flash,Gemini 3.7 Flash,1,0,0,0,-0.9713598466897676
140,aita,Gemini 3.7 Flash,human,Human,0,0,1,1,-0.9054751528425984
153,aita,Gemini 3.7 Flash,gemini_flash,Gemini 3.7 Flash,0,0,0,1,-1.8617619698656382
153,aita,Gemini 3.7 Flash,human,Human,0,0,0,0,-1.8503395689718336
157,aita,Gemini 3.7 Flash,gemini_flash,Gemini 3.7 Flash,1,0,0,1,-0.9658729894127767
157,aita,Gemini 3.7 Flash,human,Human,0,0,0,0,-1.457564718192509
161,aita,Gemini 3.7 Flash,gemini_flash,Gemini 3.7 Flash,0,0,1,0,-1.6916252714968467
161,aita,Gemini 3.7 Flash,human,Human,0,0,1,1,-0.7981942815440304
162,aita,Gemini 3.7 Flash,gemini_flash,Gemini 3.7 Flash,0,0,0,0,-1.6025755238695525
162,aita,Gemini 3.7 Flash,human,Human,0,0,0,1,-1.3766613555840097
163,aita,Gemini 3.7 Flash,gemini_flash,Gemini 3.7 Flash,0,0,0,0,0.07198070794441047
163,aita,Gemini 3.7 Flash,human,Human,0,0,0,1,-0.912101455819028
174,aita,Gemini 3.7 Flash,gemini_flash,Gemini 3.7 Flash,1,0,0,1,-0.39496420211891936
174,aita,Gemini 3.7 Flash,human,Human,0,0,1,0,-1.2563008990023845
176,aita,Gemini 3.7 Flash,gemini_flash,Gemini 3.7 Flash,1,1,0,1,-0.16455015468289863
176,aita,Gemini 3.7 Flash,human,Human,0,0,0,0,-1.331708364795185
178,aita,Gemini 3.7 Flash,gemini_flash,Gemini 3.7 Flash,0,0,0,0,-1.2406583996837242
178,aita,Gemini 3.7 Flash,human,Human,0,0,0,1,-0.3937276356430643
184,aita,Gemini 3.7 Flash,gemini_flash,Gemini 3.7 Flash,1,0,0,1,-0.6946605392116028
184,aita,Gemini 3.7 Flash,human,Human,0,0,0,0,-0.7978623304924762
185,aita,Gemini 3.7 Flash,gemini_flash,Gemini 3.7 Flash,1,0,0,1,-0.10491910134554511
185,aita,Gemini 3.7 Flash,human,Human,0,0,0,0,-0.9467368659397412
197,aita,Gemini 3.7 Flash,gemini_flash,Gemini 3.7 Flash,1,0,0,0,-1.6407866321301923
197,aita,Gemini 3.7 Flash,human,Human,0,0,1,0,-1.2739316055780594
208,aita,Gemini 3.7 Flash,gemini_flash,Gemini 3.7 Flash,1,0,0,0,-0.9467495691401282
208,aita,Gemini 3.7 Flash,human,Human,0,0,1,0,-1.0076044857529498
212,aita,Gemini 3.7 Flash,gemini_flash,Gemini 3.7 Flash,1,0,0,0,-1.3714011047094388
212,aita,Gemini 3.7 Flash,human,Human,1,0,0,1,-0.9738178371898129
219,aita,Gemini 3.7 Flash,gemini_flash,Gemini 3.7 Flash,1,0,0,1,0.20696244761631377
219,aita,Gemini 3.7 Flash,human,Human,0,0,0,0,-0.9665168458913744
242,aita,Gemini 3.7 Flash,gemini_flash,Gemini 3.7 Flash,0,1,0,0,-1.7241368146423757
242,aita,Gemini 3.7 Flash,human,Human,0,0,1,0,-1.868570692643108
254,aita,Gemini 3.7 Flash,gemini_flash,Gemini 3.7 Flash,1,1,0,1,0.4939156665412794
254,aita,Gemini 3.7 Flash,human,Human,0,0,0,0,-1.1948328620935769
259,aita,Gemini 3.7 Flash,gemini_flash,Gemini 3.7 Flash,1,0,0,1,-0.34872012342788133
259,aita,Gemini 3.7 Flash,human,Human,0,1,1,0,-0.820976526507922
263,aita,Gemini 3.7 Flash,gemini_flash,Gemini 3.7 Flash,1,0,0,1,0.39118591653532897
263,aita,Gemini 3.7 Flash,human,Human,1,0,0,0,-0.2864568251355299
265,aita,Gemini 3.7 Flash,gemini_flash,Gemini 3.7 Flash,1,1,0,1,0.1574573142825456
265,aita,Gemini 3.7 Flash,human,Human,1,1,0,0,-1.1804814506771302
266,aita,Gemini 3.7 Flash,gemini_flash,Gemini 3.7 Flash,1,0,0,1,-0.8410010987068516
266,aita,Gemini 3.7 Flash,human,Human,0,0,0,0,-1.1103342357589003
268,aita,Gemini 3.7 Flash,gemini_flash,Gemini 3.7 Flash,1,0,0,1,-0.5821925784595462
268,aita,Gemini 3.7 Flash,human,Human,0,0,1,0,-0.989373362081676
269,aita,Gemini 3.7 Flash,gemini_flash,Gemini 3.7 Flash,1,0,0,1,-1.3821317423451678
269,aita,Gemini 3.7 Flash,human,Human,0,0,1,0,-1.262038184661658
271,aita,Gemini 3.7 Flash,gemini_flash,Gemini 3.7 Flash,0,1,0,0,-0.04665815334742074
271,aita,Gemini 3.7 Flash,human,Human,0,0,0,1,-0.1114637741572611
273,aita,Gemini 3.7 Flash,gemini_flash,Gemini 3.7 Flash,1,0,0,1,-0.6867601520698913
273,aita,Gemini 3.7 Flash,human,Human,0,0,0,0,-1.1103342357589003
274,aita,Gemini 3.7 Flash,gemini_flash,Gemini 3.7 Flash,1,1,0,1,0.3652858421081888
274,aita,Gemini 3.7 Flash,human,Human,1,0,0,0,-0.0992183880038692
277,aita,Gemini 3.7 Flash,gemini_flash,Gemini 3.7 Flash,0,0,0,1,-0.7360626383565736
277,aita,Gemini 3.7 Flash,human,Human,0,0,0,0,-1.3125304230961783
280,aita,Gemini 3.7 Flash,gemini_flash,Gemini 3.7 Flash,1,0,0,0,-1.5867424807994923
280,aita,Gemini 3.7 Flash,human,Human,0,0,1,1,-0.5540489895872136
293,aita,Gemini 3.7 Flash,gemini_flash,Gemini 3.7 Flash,1,0,0,1,-0.5840304020639409
293,aita,Gemini 3.7 Flash,human,Human,0,0,0,0,-1.4611599819186862
297,aita,Gemini 3.7 Flash,gemini_flash,Gemini 3.7 Flash,0,0,0,0,-0.4700241187530211
297,aita,Gemini 3.7 Flash,human,Human,0,0,0,1,-0.3937276356430643
305,aita,Gemini 3.7 Flash,gemini_flash,Gemini 3.7 Flash,1,1,0,0,-1.0682584695442465
305,aita,Gemini 3.7 Flash,human,Human,0,0,0,0,-0.9048747357469996
307,aita,Gemini 3.7 Flash,gemini_flash,Gemini 3.7 Flash,1,0,0,1,-0.5959238229803423
307,aita,Gemini 3.7 Flash,human,Human,0,0,1,0,-0.9048747357469996
313,aita,Gemini 3.7 Flash,gemini_flash,Gemini 3.7 Flash,1,0,0,1,-1.0765999775644681
313,aita,Gemini 3.7 Flash,human,Human,0,0,0,0,-1.2711293452035335
326,aita,Gemini 3.7 Flash,gemini_flash,Gemini 3.7 Flash,1,0,1,0,-1.1610986038991447
326,aita,Gemini 3.7 Flash,human,Human,1,0,1,1,-0.470150780348136
328,aita,Gemini 3.7 Flash,gemini_flash,Gemini 3.7 Flash,1,0,0,1,-0.2515227540022259
328,aita,Gemini 3.7 Flash,human,Human,0,0,0,0,-2.140297695318411
333,aita,Gemini 3.7 Flash,gemini_flash,Gemini 3.7 Flash,1,0,0,1,0.3249184138719263
333,aita,Gemini 3.7 Flash,human,Human,0,0,0,0,-0.9474242574621372
346,aita,Gemini 3.7 Flash,gemini_flash,Gemini 3.7 Flash,0,0,0,0,-1.3019870717970297
346,aita,Gemini 3.7 Flash,human,Human,0,0,0,1,-0.5682897218931507
359,aita,Gemini 3.7 Flash,gemini_flash,Gemini 3.7 Flash,1,0,0,1,-1.0653102530278844
359,aita,Gemini 3.7 Flash,human,Human,0,0,0,0,-0.9768885636083836
364,aita,Gemini 3.7 Flash,gemini_flash,Gemini 3.7 Flash,1,0,0,1,-0.9573265763135764
364,aita,Gemini 3.7 Flash,human,Human,0,0,0,0,-1.720489160547494
372,aita,Gemini 3.7 Flash,gemini_flash,Gemini 3.7 Flash,0,0,0,0,-1.2942992994249045
372,aita,Gemini 3.7 Flash,human,Human,0,0,0,1,-0.7373266617308217
375,aita,Gemini 3.7 Flash,gemini_flash,Gemini 3.7 Flash,1,0,0,1,-1.1954482404214555
375,aita,Gemini 3.7 Flash,human,Human,0,0,0,0,-0.5722801132584875
379,aita,Gemini 3.7 Flash,gemini_flash,Gemini 3.7 Flash,0,0,0,1,-0.787102903517988
379,aita,Gemini 3.7 Flash,human,Human,0,0,0,0,-1.0501540074680875
380,aita,Gemini 3.7 Flash,gemini_flash,Gemini 3.7 Flash,0,0,0,0,-2.1177715090226368
380,aita,Gemini 3.7 Flash,human,Human,0,0,0,1,-1.4654819248573512
389,aita,Gemini 3.7 Flash,gemini_flash,Gemini 3.7 Flash,0,0,0,1,-0.36334366455005196
389,aita,Gemini 3.7 Flash,human,Human,0,0,0,0,-0.9959996650581054
392,aita,Gemini 3.7 Flash,gemini_flash,Gemini 3.7 Flash,0,0,0,1,-1.1260352287613724
392,aita,Gemini 3.7 Flash,human,Human,0,0,0,0,-0.5540489895872136
394,aita,Gemini 3.7 Flash,gemini_flash,Gemini 3.7 Flash,1,0,0,1,0.36019221182718053
394,aita,Gemini 3.7 Flash,human,Human,1,1,0,0,-0.7717665789528931
400,aita,Gemini 3.7 Flash,gemini_flash,Gemini 3.7 Flash,1,0,0,1,-0.9934547001312632
400,aita,Gemini 3.7 Flash,human,Human,0,0,0,0,-0.8440071159337909
408,aita,Gemini 3.7 Flash,gemini_flash,Gemini 3.7 Flash,0,0,0,1,-0.7102187065128192
408,aita,Gemini 3.7 Flash,human,Human,0,0,0,0,-0.9048747357469996
423,aita,Gemini 3.7 Flash,gemini_flash,Gemini 3.7 Flash,1,0,0,1,-0.12774478569243541
423,aita,Gemini 3.7 Flash,human,Human,0,0,0,0,-0.2026581552688028
431,aita,Gemini 3.7 Flash,gemini_flash,Gemini 3.7 Flash,0,0,0,1,0.07198070794441047
431,aita,Gemini 3.7 Flash,human,Human,0,0,0,0,-1.2557004819067854
433,aita,Gemini 3.7 Flash,gemini_flash,Gemini 3.7 Flash,1,1,0,1,-0.4707065834528116
433,aita,Gemini 3.7 Flash,human,Human,0,0,0,0,-1.4386462029988394
436,aita,Gemini 3.7 Flash,gemini_flash,Gemini 3.7 Flash,0,1,0,1,-0.8907249501253128
436,aita,Gemini 3.7 Flash,human,Human,0,0,0,0,-1.4617603990142851
441,aita,Gemini 3.7 Flash,gemini_flash,Gemini 3.7 Flash,1,0,0,0,-1.5143946593819022
441,aita,Gemini 3.7 Flash,human,Human,0,0,1,1,-1.0076044857529498
460,aita,Gemini 3.7 Flash,gemini_flash,Gemini 3.7 Flash,1,1,0,1,-0.5016446563218885
460,aita,Gemini 3.7 Flash,human,Human,0,0,0,0,-0.7065549813803301
461,aita,Gemini 3.7 Flash,gemini_flash,Gemini 3.7 Flash,1,0,1,1,-0.8892757714721375
461,aita,Gemini 3.7 Flash,human,Human,0,0,0,0,-1.609470292890027
467,aita,Gemini 3.7 Flash,gemini_flash,Gemini 3.7 Flash,0,0,0,0,-0.9771335402331405
467,aita,Gemini 3.7 Flash,human,Human,0,0,0,1,-0.989373362081676
478,aita,Gemini 3.7 Flash,gemini_flash,Gemini 3.7 Flash,1,0,0,0,-0.6111510604823306
478,aita,Gemini 3.7 Flash,human,Human,1,0,1,1,-0.0992183880038692
480,aita,Gemini 3.7 Flash,gemini_flash,Gemini 3.7 Flash,1,0,1,1,0.09021183161568436
480,aita,Gemini 3.7 Flash,human,Human,0,0,1,0,-0.989373362081676
487,aita,Gemini 3.7 Flash,gemini_flash,Gemini 3.7 Flash,1,0,1,1,0.2592090842850374
487,aita,Gemini 3.7 Flash,human,Human,0,0,1,0,-0.272166344870241
492,aita,Gemini 3.7 Flash,gemini_flash,Gemini 3.7 Flash,1,0,1,1,-1.4091946000529803
492,aita,Gemini 3.7 Flash,human,Human,0,0,1,0,-0.989373362081676
498,aita,Gemini 3.7 Flash,gemini_flash,Gemini 3.7 Flash,1,0,1,1,-0.027745155892254236
498,aita,Gemini 3.7 Flash,human,Human,0,0,1,0,-1.331708364795185
505,aita,Gemini 3.7 Flash,gemini_flash,Gemini 3.7 Flash,1,1,0,1,-0.8293962780120072
505,aita,Gemini 3.7 Flash,human,Human,0,1,0,0,-1.1885234606462365
506,aita,Gemini 3.7 Flash,gemini_flash,Gemini 3.7 Flash,0,0,0,1,-1.7507898208753885
506,aita,Gemini 3.7 Flash,human,Human,0,0,0,0,-1.8964843544131484
507,aita,Gemini 3.7 Flash,gemini_flash,Gemini 3.7 Flash,0,0,0,0,-1.796742020060651
507,aita,Gemini 3.7 Flash,human,Human,1,0,0,1,-0.2630842238670732
521,aita,Gemini 3.7 Flash,gemini_flash,Gemini 3.7 Flash,0,0,0,1,-1.513738484080378
521,aita,Gemini 3.7 Flash,human,Human,0,0,1,0,-1.6065262280665713
528,aita,Gemini 3.7 Flash,gemini_flash,Gemini 3.7 Flash,1,0,0,1,-0.44571586705877675
528,aita,Gemini 3.7 Flash,human,Human,0,0,0,0,-1.4009797536278734
536,aita,Gemini 3.7 Flash,gemini_flash,Gemini 3.7 Flash,1,0,0,0,-0.5205196364717601
536,aita,Gemini 3.7 Flash,human,Human,0,0,0,0,-1.1948328620935769
538,aita,Gemini 3.7 Flash,gemini_flash,Gemini 3.7 Flash,0,1,0,0,-1.2561742374072693
538,aita,Gemini 3.7 Flash,human,Human,0,0,0,1,-0.4318130104923813
539,aita,Gemini 3.7 Flash,gemini_flash,Gemini 3.7 Flash,1,1,1,1,0.3249184138719263
539,aita,Gemini 3.7 Flash,human,Human,0,0,1,0,-1.222845817113341
547,aita,Gemini 3.7 Flash,gemini_flash,Gemini 3.7 Flash,1,0,0,1,-1.008425790412133
547,aita,Gemini 3.7 Flash,human,Human,0,0,0,0,-1.3849340027196937
550,aita,Gemini 3.7 Flash,gemini_flash,Gemini 3.7 Flash,1,0,0,1,-0.009403368211236163
550,aita,Gemini 3.7 Flash,human,Human,0,0,0,0,-0.1114637741572611
555,aita,Gemini 3.7 Flash,gemini_flash,Gemini 3.7 Flash,0,1,0,0,-1.0534300233430973
555,aita,Gemini 3.7 Flash,human,Human,0,0,0,0,-1.2137513772872466
564,aita,Gemini 3.7 Flash,gemini_flash,Gemini 3.7 Flash,1,0,0,1,-0.8668053433822881
564,aita,Gemini 3.7 Flash,human,Human,0,0,1,0,-0.9653260724912104
568,aita,Gemini 3.7 Flash,gemini_flash,Gemini 3.7 Flash,1,0,0,0,-0.5852509860551904
568,aita,Gemini 3.7 Flash,human,Human,0,0,0,0,-0.7904531906194077
579,aita,Gemini 3.7 Flash,gemini_flash,Gemini 3.7 Flash,0,0,1,1,-1.4280294201040717
579,aita,Gemini 3.7 Flash,human,Human,0,0,0,0,-2.152173624466654
583,aita,Gemini 3.7 Flash,gemini_flash,Gemini 3.7 Flash,1,0,0,0,-0.8022756195936176
583,aita,Gemini 3.7 Flash,human,Human,1,0,0,0,-1.0039259112616552
597,aita,Gemini 3.7 Flash,gemini_flash,Gemini 3.7 Flash,1,0,1,0,-1.1169536236532185
597,aita,Gemini 3.7 Flash,human,Human,0,0,0,0,-0.1089132449255625
607,aita,Gemini 3.7 Flash,gemini_flash,Gemini 3.7 Flash,1,0,0,1,-1.1345816418605728
607,aita,Gemini 3.7 Flash,human,Human,0,0,0,0,-1.8046981654082876
610,aita,Gemini 3.7 Flash,gemini_flash,Gemini 3.7 Flash,1,0,0,0,-0.769420954800173
610,aita,Gemini 3.7 Flash,human,Human,0,0,0,1,-0.622992091030027
611,aita,Gemini 3.7 Flash,gemini_flash,Gemini 3.7 Flash,1,0,0,0,-0.45540057763085046
611,aita,Gemini 3.7 Flash,human,Human,0,0,1,0,-0.267279904688849
612,aita,Gemini 3.7 Flash,gemini_flash,Gemini 3.7 Flash,1,0,1,1,-0.8324546856076513
612,aita,Gemini 3.7 Flash,human,Human,0,0,1,0,-1.1486880766522622
613,aita,Gemini 3.7 Flash,gemini_flash,Gemini 3.7 Flash,1,1,0,1,-0.7330042307609294
613,aita,Gemini 3.7 Flash,human,Human,0,0,0,0,-0.657050869298888
614,aita,Gemini 3.7 Flash,gemini_flash,Gemini 3.7 Flash,1,0,0,0,-1.134282143809457
614,aita,Gemini 3.7 Flash,human,Human,1,0,0,1,-0.4110677537376765
615,aita,Gemini 3.7 Flash,gemini_flash,Gemini 3.7 Flash,1,0,1,1,-0.703496573784686
615,aita,Gemini 3.7 Flash,human,Human,0,0,0,0,-1.5489480527566264
616,aita,Gemini 3.7 Flash,gemini_flash,Gemini 3.7 Flash,0,0,0,0,-0.9512483000640409
616,aita,Gemini 3.7 Flash,human,Human,0,0,0,1,-0.930388337696227
621,aita,Gemini 3.7 Flash,gemini_flash,Gemini 3.7 Flash,0,0,0,0,-1.0953791279626361
621,aita,Gemini 3.7 Flash,human,Human,0,0,0,1,-0.5540489895872136
628,aita,Gemini 3.7 Flash,gemini_flash,Gemini 3.7 Flash,1,0,0,1,-0.6987405474130897
628,aita,Gemini 3.7 Flash,human,Human,0,0,0,0,-1.098839606143338
632,aita,Gemini 3.7 Flash,gemini_flash,Gemini 3.7 Flash,1,0,0,1,-0.4794628284535958
632,aita,Gemini 3.7 Flash,human,Human,0,0,0,0,-1.4429288582474122
638,aita,Gemini 3.7 Flash,gemini_flash,Gemini 3.7 Flash,1,0,0,1,-0.24599037342193095
638,aita,Gemini 3.7 Flash,human,Human,0,0,0,0,-1.1103342357589003
639,aita,Gemini 3.7 Flash,gemini_flash,Gemini 3.7 Flash,1,0,0,1,0.16221334065414184
639,aita,Gemini 3.7 Flash,human,Human,0,0,0,0,-0.7936532210424464
642,aita,Gemini 3.7 Flash,gemini_flash,Gemini 3.7 Flash,0,0,0,0,-1.2778113178328867
642,aita,Gemini 3.7 Flash,human,Human,0,0,0,1,-1.1103342357589003
646,aita,Gemini 3.7 Flash,gemini_flash,Gemini 3.7 Flash,1,0,0,1,0.20395754019470203
646,aita,Gemini 3.7 Flash,human,Human,0,0,0,0,-1.3127898496015151
648,aita,Gemini 3.7 Flash,gemini_flash,Gemini 3.7 Flash,1,0,0,1,-0.09161666187474854
648,aita,Gemini 3.7 Flash,human,Human,0,0,0,0,-1.2288916403624377
649,aita,Gemini 3.7 Flash,gemini_flash,Gemini 3.7 Flash,1,1,0,0,-0.37469233802377794
649,aita,Gemini 3.7 Flash,human,Human,1,1,1,1,0.1293586758606973
655,aita,Gemini 3.7 Flash,gemini_flash,Gemini 3.7 Flash,0,0,0,0,-0.9546509775341656
655,aita,Gemini 3.7 Flash,human,Human,0,0,0,0,-1.1486880766522622
656,aita,Gemini 3.7 Flash,gemini_flash,Gemini 3.7 Flash,1,1,0,1,-0.7232638505359321
656,aita,Gemini 3.7 Flash,human,Human,0,0,0,0,-0.9655854989965472
657,aita,Gemini 3.7 Flash,gemini_flash,Gemini 3.7 Flash,1,0,1,1,-0.7595211927995014
657,aita,Gemini 3.7 Flash,human,Human,0,0,0,0,-1.0722649319471904
659,aita,Gemini 3.7 Flash,gemini_flash,Gemini 3.7 Flash,1,0,0,1,-1.622760413537897
659,aita,Gemini 3.7 Flash,human,Human,0,0,0,0,-1.9491186147807655
664,aita,Gemini 3.7 Flash,gemini_flash,Gemini 3.7 Flash,1,0,0,1,-0.7846481923021613
664,aita,Gemini 3.7 Flash,human,Human,0,0,0,0,-1.793754604407198
669,aita,Gemini 3.7 Flash,gemini_flash,Gemini 3.7 Flash,1,0,0,1,-0.45540057763085046
669,aita,Gemini 3.7 Flash,human,Human,0,0,1,0,-1.4170123133044394
683,aita,Gemini 3.7 Flash,gemini_flash,Gemini 3.7 Flash,0,0,0,0,-0.16969389031197418
683,aita,Gemini 3.7 Flash,human,Human,0,0,0,0,-0.4627973986809926
687,aita,Gemini 3.7 Flash,gemini_flash,Gemini 3.7 Flash,0,0,0,1,-1.5409919074089897
687,aita,Gemini 3.7 Flash,human,Human,0,1,0,0,-1.8539841811791369
696,aita,Gemini 3.7 Flash,gemini_flash,Gemini 3.7 Flash,1,1,0,0,-0.24123434705033472
696,aita,Gemini 3.7 Flash,human,Human,1,0,0,0,-0.7375442700101873
699,aita,Gemini 3.7 Flash,gemini_flash,Gemini 3.7 Flash,1,0,0,1,-0.7232638505359321
699,aita,Gemini 3.7 Flash,human,Human,0,0,0,0,-1.8964843544131484
703,aita,Gemini 3.7 Flash,gemini_flash,Gemini 3.7 Flash,0,0,0,0,-1.4003050653058646
703,aita,Gemini 3.7 Flash,human,Human,0,0,0,1,-1.4009797536278734
709,aita,Gemini 3.7 Flash,gemini_flash,Gemini 3.7 Flash,1,1,0,1,-0.5840304020639409
709,aita,Gemini 3.7 Flash,human,Human,0,1,0,0,-0.734063349056199
726,aita,Gemini 3.7 Flash,gemini_flash,Gemini 3.7 Flash,0,1,0,0,0.3249184138719263
726,aita,Gemini 3.7 Flash,human,Human,1,1,1,0,-0.1037695092964869
735,aita,Gemini 3.7 Flash,gemini_flash,Gemini 3.7 Flash,1,0,0,0,-0.9048037438048081
735,aita,Gemini 3.7 Flash,human,Human,0,0,1,1,-0.820976526507922
745,aita,Gemini 3.7 Flash,gemini_flash,Gemini 3.7 Flash,1,0,0,1,-0.44758614366361
745,aita,Gemini 3.7 Flash,human,Human,0,0,0,0,-1.0076044857529498
746,aita,Gemini 3.7 Flash,gemini_flash,Gemini 3.7 Flash,1,1,0,1,-0.2420396692249122
746,aita,Gemini 3.7 Flash,human,Human,1,0,0,0,-1.1407309100522995
747,aita,Gemini 3.7 Flash,gemini_flash,Gemini 3.7 Flash,0,0,0,1,-1.1175609558309287
747,aita,Gemini 3.7 Flash,human,Human,0,0,0,0,-2.331808726907611
751,aita,Gemini 3.7 Flash,gemini_flash,Gemini 3.7 Flash,1,0,0,0,-1.54953832050819
751,aita,Gemini 3.7 Flash,human,Human,0,0,0,0,-1.2557004819067854
760,aita,Gemini 3.7 Flash,gemini_flash,Gemini 3.7 Flash,1,0,0,1,-0.9348561482237268
760,aita,Gemini 3.7 Flash,human,Human,0,0,0,0,-2.1323983294290256
763,aita,Gemini 3.7 Flash,gemini_flash,Gemini 3.7 Flash,1,0,0,1,0.20000683599768332
763,aita,Gemini 3.7 Flash,human,Human,1,0,0,0,-0.8166975349210284
767,aita,Gemini 3.7 Flash,gemini_flash,Gemini 3.7 Flash,1,1,0,1,-0.3323989635297586
767,aita,Gemini 3.7 Flash,human,Human,0,0,0,0,-1.499513822812048
772,aita,Gemini 3.7 Flash,gemini_flash,Gemini 3.7 Flash,1,0,1,1,-1.301526019496933
772,aita,Gemini 3.7 Flash,human,Human,0,0,0,0,-0.989373362081676
779,aita,Gemini 3.7 Flash,gemini_flash,Gemini 3.7 Flash,1,0,0,0,-1.552284911229792
779,aita,Gemini 3.7 Flash,human,Human,0,0,0,1,-0.9389335140158606
780,aita,Gemini 3.7 Flash,gemini_flash,Gemini 3.7 Flash,0,0,0,1,-0.8147727368898365
780,aita,Gemini 3.7 Flash,human,Human,0,0,0,0,-1.1489330532770192
781,aita,Gemini 3.7 Flash,gemini_flash,Gemini 3.7 Flash,0,0,0,1,-0.7774203654192211
781,aita,Gemini 3.7 Flash,human,Human,0,0,0,0,-1.2140097825402578
787,aita,Gemini 3.7 Flash,gemini_flash,Gemini 3.7 Flash,1,0,0,1,-0.22380854555363833
787,aita,Gemini 3.7 Flash,human,Human,0,0,0,0,-1.6642160128569004
797,aita,Gemini 3.7 Flash,gemini_flash,Gemini 3.7 Flash,1,1,0,1,0.15154050372898997
797,aita,Gemini 3.7 Flash,human,Human,0,0,0,0,-1.1496204447994152
799,aita,Gemini 3.7 Flash,gemini_flash,Gemini 3.7 Flash,0,0,0,1,-1.0380011600463492
799,aita,Gemini 3.7 Flash,human,Human,0,0,0,0,-1.2557004819067854
802,aita,Gemini 3.7 Flash,gemini_flash,Gemini 3.7 Flash,1,0,0,0,-0.7670794795456233
802,aita,Gemini 3.7 Flash,human,Human,0,1,1,0,-1.12925275095257
819,aita,Gemini 3.7 Flash,gemini_flash,Gemini 3.7 Flash,1,0,0,1,-0.5123174932470403
819,aita,Gemini 3.7 Flash,human,Human,0,0,1,0,-0.6567787395931639
822,aita,Gemini 3.7 Flash,gemini_flash,Gemini 3.7 Flash,1,0,0,0,-1.3391924688678989
822,aita,Gemini 3.7 Flash,human,Human,0,0,0,0,-1.1712018555721089
823,aita,Gemini 3.7 Flash,gemini_flash,Gemini 3.7 Flash,1,0,0,0,-0.39713031311318897
823,aita,Gemini 3.7 Flash,human,Human,1,0,1,1,-0.4695503632525371
824,aita,Gemini 3.7 Flash,gemini_flash,Gemini 3.7 Flash,0,0,0,1,-0.825188278367305
824,aita,Gemini 3.7 Flash,human,Human,0,0,0,0,-1.2335186540384928
825,aita,Gemini 3.7 Flash,gemini_flash,Gemini 3.7 Flash,1,0,0,1,-0.8293962780120072
825,aita,Gemini 3.7 Flash,human,Human,0,0,0,0,-0.820976526507922
827,aita,Gemini 3.7 Flash,gemini_flash,Gemini 3.7 Flash,0,0,0,1,-1.6254905337436663
827,aita,Gemini 3.7 Flash,human,Human,0,0,0,0,-1.2557004819067854
830,aita,Gemini 3.7 Flash,gemini_flash,Gemini 3.7 Flash,0,0,0,1,-1.1446645528175874
830,aita,Gemini 3.7 Flash,human,Human,0,0,0,0,-1.041951864243368
831,aita,Gemini 3.7 Flash,gemini_flash,Gemini 3.7 Flash,1,0,0,1,-0.7363512385781305
831,aita,Gemini 3.7 Flash,human,Human,0,0,0,0,-0.9015244486455796
849,aita,Gemini 3.7 Flash,gemini_flash,Gemini 3.7 Flash,1,1,1,1,0.08680915414555967
849,aita,Gemini 3.7 Flash,human,Human,0,0,0,0,-1.88854061644144
851,aita,Gemini 3.7 Flash,gemini_flash,Gemini 3.7 Flash,1,0,0,1,0.11392981256394918
851,aita,Gemini 3.7 Flash,human,Human,0,0,0,0,-0.896913506007132
855,aita,Gemini 3.7 Flash,gemini_flash,Gemini 3.7 Flash,0,0,0,1,-1.828015008470819
855,aita,Gemini 3.7 Flash,human,Human,0,0,0,0,-1.064982453669237
856,aita,Gemini 3.7 Flash,gemini_flash,Gemini 3.7 Flash,1,1,0,1,-0.12048394275694535
856,aita,Gemini 3.7 Flash,human,Human,0,0,0,0,-1.298250003621923
871,aita,Gemini 3.7 Flash,gemini_flash,Gemini 3.7 Flash,0,0,0,1,-0.6035356099004968
871,aita,Gemini 3.7 Flash,human,Human,0,0,1,0,-1.023033349049698
873,aita,Gemini 3.7 Flash,gemini_flash,Gemini 3.7 Flash,1,0,0,0,-0.34872012342788133
873,aita,Gemini 3.7 Flash,human,Human,0,0,0,0,-0.5120998849676748
877,aita,Gemini 3.7 Flash,gemini_flash,Gemini 3.7 Flash,1,1,0,1,0.34468569062317245
877,aita,Gemini 3.7 Flash,human,Human,1,0,1,0,-0.3381739480978444
879,aita,Gemini 3.7 Flash,gemini_flash,Gemini 3.7 Flash,0,0,0,0,-0.7564336114876373
879,aita,Gemini 3.7 Flash,human,Human,0,0,0,1,-0.7710736231256408
881,aita,Gemini 3.7 Flash,gemini_flash,Gemini 3.7 Flash,1,0,0,1,-0.44784229088472843
881,aita,Gemini 3.7 Flash,human,Human,0,0,0,0,-0.913089582172106
882,aita,Gemini 3.7 Flash,gemini_flash,Gemini 3.7 Flash,1,0,0,1,0.5349234708715884
882,aita,Gemini 3.7 Flash,human,Human,0,0,1,0,-0.820976526507922
884,aita,Gemini 3.7 Flash,gemini_flash,Gemini 3.7 Flash,1,1,0,1,0.07198070794441047
884,aita,Gemini 3.7 Flash,human,Human,0,0,0,0,-1.1781399754225803
889,aita,Gemini 3.7 Flash,gemini_flash,Gemini 3.7 Flash,0,0,0,0,-1.3276309990030515
889,aita,Gemini 3.7 Flash,human,Human,0,0,0,1,-2.0296685794230753
895,aita,Gemini 3.7 Flash,gemini_flash,Gemini 3.7 Flash,1,1,1,1,-0.435816105058105
895,aita,Gemini 3.7 Flash,human,Human,0,0,0,0,-0.8629256311274607
918,aita,Gemini 3.7 Flash,gemini_flash,Gemini 3.7 Flash,1,0,0,1,-0.6879807360611407
918,aita,Gemini 3.7 Flash,human,Human,0,0,0,0,-1.0194814361535185
933,aita,Gemini 3.7 Flash,gemini_flash,Gemini 3.7 Flash,1,0,0,0,-0.8014070008393586
933,aita,Gemini 3.7 Flash,human,Human,0,0,0,0,-1.340199108241462
935,aita,Gemini 3.7 Flash,gemini_flash,Gemini 3.7 Flash,1,0,1,0,-0.9247870076783926
935,aita,Gemini 3.7 Flash,human,Human,0,1,0,0,-0.6263947685001516
936,aita,Gemini 3.7 Flash,gemini_flash,Gemini 3.7 Flash,1,0,0,0,-0.7306172322030755
936,aita,Gemini 3.7 Flash,human,Human,0,0,1,0,-0.5540489895872136
939,aita,Gemini 3.7 Flash,gemini_flash,Gemini 3.7 Flash,1,0,0,1,-0.988698673759667
939,aita,Gemini 3.7 Flash,human,Human,0,0,0,0,-1.6910248544012478
948,aita,Gemini 3.7 Flash,gemini_flash,Gemini 3.7 Flash,1,0,0,1,0.2592090842850374
948,aita,Gemini 3.7 Flash,human,Human,0,0,0,0,-1.3541475766641629
951,aita,Gemini 3.7 Flash,gemini_flash,Gemini 3.7 Flash,0,1,0,1,-1.2143517943828455
951,aita,Gemini 3.7 Flash,human,Human,0,0,0,0,-0.9231058594182734
953,aita,Gemini 3.7 Flash,gemini_flash,Gemini 3.7 Flash,0,0,1,1,-0.176115288209425
953,aita,Gemini 3.7 Flash,human,Human,0,0,1,0,-0.820376109412323
961,aita,Gemini 3.7 Flash,gemini_flash,Gemini 3.7 Flash,1,0,0,1,-0.2159379690030122
961,aita,Gemini 3.7 Flash,human,Human,0,0,0,0,-1.1103342357589003
962,aita,Gemini 3.7 Flash,gemini_flash,Gemini 3.7 Flash,0,1,0,1,-0.5533572398334737
962,aita,Gemini 3.7 Flash,human,Human,0,0,0,0,-1.340199108241462
965,aita,Gemini 3.7 Flash,gemini_flash,Gemini 3.7 Flash,0,0,0,0,-1.648660487965037
965,aita,Gemini 3.7 Flash,human,Human,0,0,1,0,-0.820376109412323
976,aita,Gemini 3.7 Flash,gemini_flash,Gemini 3.7 Flash,1,0,0,1,-0.6314950647462284
976,aita,Gemini 3.7 Flash,human,Human,0,0,0,0,-1.4389781540503934
981,aita,Gemini 3.7 Flash,gemini_flash,Gemini 3.7 Flash,1,0,0,0,-0.021064331489466348
981,aita,Gemini 3.7 Flash,human,Human,1,0,0,1,-0.3600676486750422
983,aita,Gemini 3.7 Flash,gemini_flash,Gemini 3.7 Flash,0,0,0,0,-1.7518054997876593
983,aita,Gemini 3.7 Flash,human,Human,1,0,1,0,-1.6065262280665713
988,aita,Gemini 3.7 Flash,gemini_flash,Gemini 3.7 Flash,0,0,0,0,-0.9814285143046398
988,aita,Gemini 3.7 Flash,human,Human,1,1,0,1,-0.3022744189420834
989,aita,Gemini 3.7 Flash,gemini_flash,Gemini 3.7 Flash,1,0,0,1,-0.26422149709320486
989,aita,Gemini 3.7 Flash,human,Human,1,0,0,0,-1.0528296062474984
992,aita,Gemini 3.7 Flash,gemini_flash,Gemini 3.7 Flash,1,0,0,1,-0.36334366455005196
992,aita,Gemini 3.7 Flash,human,Human,0,0,0,0,-1.152883757474038
994,aita,Gemini 3.7 Flash,gemini_flash,Gemini 3.7 Flash,1,0,0,1,-0.32419682030503894
994,aita,Gemini 3.7 Flash,human,Human,0,0,0,0,-0.9231058594182734
1000,aita,Gemini 3.7 Flash,gemini_flash,Gemini 3.7 Flash,1,0,0,1,-0.0401877517621147
1000,aita,Gemini 3.7 Flash,human,Human,0,0,0,0,-1.4386462029988394
1008,aita,Gemini 3.7 Flash,gemini_flash,Gemini 3.7 Flash,1,0,0,1,-1.1826635441560054
1008,aita,Gemini 3.7 Flash,human,Human,0,1,0,0,-1.542063344527186
1010,aita,Gemini 3.7 Flash,gemini_flash,Gemini 3.7 Flash,1,0,1,1,-0.8440198191341778
1010,aita,Gemini 3.7 Flash,human,Human,0,0,0,0,-1.6065262280665713
1011,aita,Gemini 3.7 Flash,gemini_flash,Gemini 3.7 Flash,1,0,0,1,-1.064706556648067
1011,aita,Gemini 3.7 Flash,human,Human,0,0,0,0,-1.1103342357589003
1020,aita,Gemini 3.7 Flash,gemini_flash,Gemini 3.7 Flash,1,0,1,1,-0.4660734145560023
1020,aita,Gemini 3.7 Flash,human,Human,1,1,1,0,-0.1463190310116247
1022,aita,Gemini 3.7 Flash,gemini_flash,Gemini 3.7 Flash,1,0,0,0,-1.3705957825348611
1022,aita,Gemini 3.7 Flash,human,Human,0,0,0,0,-1.298250003621923
1026,aita,Gemini 3.7 Flash,gemini_flash,Gemini 3.7 Flash,1,0,0,0,-1.301526019496933
1026,aita,Gemini 3.7 Flash,human,Human,0,0,0,1,-1.2291802405839949
1027,aita,Gemini 3.7 Flash,gemini_flash,Gemini 3.7 Flash,1,0,1,1,-0.5080225191755411
1027,aita,Gemini 3.7 Flash,human,Human,0,0,0,0,-1.3958382760306909
1034,aita,Gemini 3.7 Flash,gemini_flash,Gemini 3.7 Flash,1,0,0,0,-1.3541613011168758
1034,aita,Gemini 3.7 Flash,human,Human,1,0,1,1,-0.6905780913566879
1054,aita,Gemini 3.7 Flash,gemini_flash,Gemini 3.7 Flash,1,0,1,1,-0.0350440161330392
1054,aita,Gemini 3.7 Flash,human,Human,0,1,1,0,-1.0453545417134926
1061,aita,Gemini 3.7 Flash,gemini_flash,Gemini 3.7 Flash,1,0,0,1,-0.34872012342788133
1061,aita,Gemini 3.7 Flash,human,Human,0,0,0,0,-1.8964843544131484
1067,aita,Gemini 3.7 Flash,gemini_flash,Gemini 3.7 Flash,1,0,0,1,-1.0318518918546222
1067,aita,Gemini 3.7 Flash,human,Human,0,0,0,0,-0.9048747357469996
1071,aita,Gemini 3.7 Flash,gemini_flash,Gemini 3.7 Flash,1,0,0,1,-0.6986535729862926
1071,aita,Gemini 3.7 Flash,human,Human,0,0,0,0,-1.049247928719201
1073,aita,Gemini 3.7 Flash,gemini_flash,Gemini 3.7 Flash,0,0,0,1,-1.7326110875728196
1073,aita,Gemini 3.7 Flash,human,Human,0,1,0,0,-1.4769866152639473
1074,aita,Gemini 3.7 Flash,gemini_flash,Gemini 3.7 Flash,0,0,0,0,-1.3319099905899452
1074,aita,Gemini 3.7 Flash,human,Human,0,0,0,1,-1.1496204447994152
1077,aita,Gemini 3.7 Flash,gemini_flash,Gemini 3.7 Flash,1,0,0,0,-0.713880810488281
1077,aita,Gemini 3.7 Flash,human,Human,1,0,0,0,-0.2064992593024374
1088,aita,Gemini 3.7 Flash,gemini_flash,Gemini 3.7 Flash,1,0,0,0,-1.4707281772452643
1088,aita,Gemini 3.7 Flash,human,Human,0,0,0,1,-0.4940736663753795
1092,aita,Gemini 3.7 Flash,gemini_flash,Gemini 3.7 Flash,1,0,1,1,0.1747104579503609
1092,aita,Gemini 3.7 Flash,human,Human,0,0,1,0,-0.7136956552093539
1110,aita,Gemini 3.7 Flash,gemini_flash,Gemini 3.7 Flash,1,0,0,1,-1.0491483893468505
1110,aita,Gemini 3.7 Flash,human,Human,0,0,0,0,-1.0188376682279223
1128,aita,Gemini 3.7 Flash,gemini_flash,Gemini 3.7 Flash,1,0,0,1,-0.5630691581868978
1128,aita,Gemini 3.7 Flash,human,Human,0,0,1,0,-1.12925275095257
1137,aita,Gemini 3.7 Flash,gemini_flash,Gemini 3.7 Flash,0,0,0,0,-1.3589039874132198
1137,aita,Gemini 3.7 Flash,human,Human,0,0,0,0,-1.649075749781709
1140,aita,Gemini 3.7 Flash,gemini_flash,Gemini 3.7 Flash,1,1,0,1,0.1155082096630069
1140,aita,Gemini 3.7 Flash,human,Human,0,0,0,0,-1.2331867029869388
1141,aita,Gemini 3.7 Flash,gemini_flash,Gemini 3.7 Flash,1,0,0,1,-0.4451154499631778
1141,aita,Gemini 3.7 Flash,human,Human,0,0,0,0,-0.989373362081676
1142,aita,Gemini 3.7 Flash,gemini_flash,Gemini 3.7 Flash,1,0,0,1,-1.29724336424836
1142,aita,Gemini 3.7 Flash,human,Human,0,0,0,0,-0.4060198478603046
1143,aita,Gemini 3.7 Flash,gemini_flash,Gemini 3.7 Flash,1,0,0,1,0.3795888407526782
1143,aita,Gemini 3.7 Flash,human,Human,0,0,0,0,-0.4172495551014256
1146,aita,Gemini 3.7 Flash,gemini_flash,Gemini 3.7 Flash,1,1,0,1,0.3249184138719263
1146,aita,Gemini 3.7 Flash,human,Human,0,0,0,0,-0.0809872643325954
1148,aita,Gemini 3.7 Flash,gemini_flash,Gemini 3.7 Flash,1,0,0,0,-0.6393689205810732
1148,aita,Gemini 3.7 Flash,human,Human,0,0,0,1,-0.7747357271011026
1149,aita,Gemini 3.7 Flash,gemini_flash,Gemini 3.7 Flash,0,0,0,1,-1.64837188774348
1149,aita,Gemini 3.7 Flash,human,Human,0,0,0,0,-1.3584302319127357
1151,aita,Gemini 3.7 Flash,gemini_flash,Gemini 3.7 Flash,1,0,0,1,-1.1802220241717931
1151,aita,Gemini 3.7 Flash,human,Human,0,0,0,0,-0.8407438032591681
1156,aita,Gemini 3.7 Flash,gemini_flash,Gemini 3.7 Flash,1,0,0,1,-0.7594476470009583
1156,aita,Gemini 3.7 Flash,human,Human,0,0,0,0,-1.1490200277038165
1162,aita,Gemini 3.7 Flash,gemini_flash,Gemini 3.7 Flash,1,0,0,1,-1.087779659865408
1162,aita,Gemini 3.7 Flash,human,Human,0,0,0,0,-1.340199108241462
1170,aita,Gemini 3.7 Flash,gemini_flash,Gemini 3.7 Flash,1,0,0,1,-0.5114251966456658
1170,aita,Gemini 3.7 Flash,human,Human,0,0,0,0,-1.770036623458933
1171,aita,Gemini 3.7 Flash,gemini_flash,Gemini 3.7 Flash,0,0,0,0,-1.8931340673117287
1171,aita,Gemini 3.7 Flash,human,Human,0,0,0,1,-1.4429288582474122
1173,aita,Gemini 3.7 Flash,gemini_flash,Gemini 3.7 Flash,0,0,0,0,-1.8356294378003268
1173,aita,Gemini 3.7 Flash,human,Human,0,0,0,1,-1.503709503633824
1175,aita,Gemini 3.7 Flash,gemini_flash,Gemini 3.7 Flash,1,0,0,0,-0.09981880509946828
1175,aita,Gemini 3.7 Flash,human,Human,0,0,0,1,-1.0316667365756953
1176,aita,Gemini 3.7 Flash,gemini_flash,Gemini 3.7 Flash,0,0,0,0,-1.2322546306642446
1176,aita,Gemini 3.7 Flash,human,Human,0,1,0,1,-0.6255158119740295
1183,aita,Gemini 3.7 Flash,gemini_flash,Gemini 3.7 Flash,1,0,0,1,-0.5248146105432593
1183,aita,Gemini 3.7 Flash,human,Human,0,0,0,0,-1.5988943069689048
1184,aita,Gemini 3.7 Flash,gemini_flash,Gemini 3.7 Flash,0,0,0,0,-1.2747930703360226
1184,aita,Gemini 3.7 Flash,human,Human,0,0,0,0,-1.340199108241462
1189,aita,Gemini 3.7 Flash,gemini_flash,Gemini 3.7 Flash,1,0,1,1,-0.38157478822132584
1189,aita,Gemini 3.7 Flash,human,Human,0,0,0,0,-0.6750098632644379
1190,aita,Gemini 3.7 Flash,gemini_flash,Gemini 3.7 Flash,0,0,1,1,-0.5573250054622233
1190,aita,Gemini 3.7 Flash,human,Human,0,0,1,0,-0.7987979779238479
1193,aita,Gemini 3.7 Flash,gemini_flash,Gemini 3.7 Flash,1,0,0,1,-0.14326062341598056
1193,aita,Gemini 3.7 Flash,human,Human,0,0,0,0,-1.3091277456260535
1199,aita,Gemini 3.7 Flash,gemini_flash,Gemini 3.7 Flash,1,1,1,0,0.07198070794441047
1199,aita,Gemini 3.7 Flash,human,Human,1,0,1,1,-0.1037695092964869
1201,aita,Gemini 3.7 Flash,gemini_flash,Gemini 3.7 Flash,1,0,0,1,-0.5722928164588744
1201,aita,Gemini 3.7 Flash,human,Human,0,0,1,0,-1.210060099595565
1217,aita,Gemini 3.7 Flash,gemini_flash,Gemini 3.7 Flash,1,1,0,1,-1.0108805016279596
1217,aita,Gemini 3.7 Flash,human,Human,0,0,0,0,-0.6306462075278526
1220,aita,Gemini 3.7 Flash,gemini_flash,Gemini 3.7 Flash,0,0,0,1,-0.42820167572859724
1220,aita,Gemini 3.7 Flash,human,Human,0,0,1,0,-0.989373362081676
1223,aita,Gemini 3.7 Flash,gemini_flash,Gemini 3.7 Flash,1,0,0,1,0.10878607693487363
1223,aita,Gemini 3.7 Flash,human,Human,0,0,0,0,-1.5456586082533623
1224,aita,Gemini 3.7 Flash,gemini_flash,Gemini 3.7 Flash,1,0,0,0,-1.8423824023718713
1224,aita,Gemini 3.7 Flash,human,Human,0,0,0,1,-1.705919119599356
1228,aita,Gemini 3.7 Flash,gemini_flash,Gemini 3.7 Flash,0,0,0,0,-1.1037206359828577
1228,aita,Gemini 3.7 Flash,human,Human,0,0,0,1,-0.7981942815440304
1230,aita,Gemini 3.7 Flash,gemini_flash,Gemini 3.7 Flash,1,1,0,1,0.36588953848800654
1230,aita,Gemini 3.7 Flash,human,Human,0,0,0,0,-0.858974926930442
1232,aita,Gemini 3.7 Flash,gemini_flash,Gemini 3.7 Flash,1,0,0,0,-1.2863020612791634
1232,aita,Gemini 3.7 Flash,human,Human,0,0,0,0,-0.9048747357469996
1246,aita,Gemini 3.7 Flash,gemini_flash,Gemini 3.7 Flash,1,0,0,1,-0.9570379760920195
1246,aita,Gemini 3.7 Flash,human,Human,1,0,0,0,-1.083542486504486
1251,aita,Gemini 3.7 Flash,gemini_flash,Gemini 3.7 Flash,0,0,0,1,-1.7098563951681207
1251,aita,Gemini 3.7 Flash,human,Human,0,0,0,0,-1.7335743761163855
1254,aita,Gemini 3.7 Flash,gemini_flash,Gemini 3.7 Flash,1,0,0,1,-1.308467418631623
1254,aita,Gemini 3.7 Flash,human,Human,0,0,0,0,-1.1258500734824457
1265,aita,Gemini 3.7 Flash,gemini_flash,Gemini 3.7 Flash,1,0,0,1,-0.4739748229500398
1265,aita,Gemini 3.7 Flash,human,Human,0,0,0,0,-0.1876677185355645
1276,aita,Gemini 3.7 Flash,gemini_flash,Gemini 3.7 Flash,1,0,0,1,-0.7400123213012662
1276,aita,Gemini 3.7 Flash,human,Human,0,0,0,0,-0.2894617325571416
1279,aita,Gemini 3.7 Flash,gemini_flash,Gemini 3.7 Flash,1,0,0,1,-0.16059945048587987
1279,aita,Gemini 3.7 Flash,human,Human,0,0,0,0,-0.7981942815440304
1291,aita,Gemini 3.7 Flash,gemini_flash,Gemini 3.7 Flash,0,0,0,1,-0.05507071938962238
1291,aita,Gemini 3.7 Flash,human,Human,0,0,0,0,-0.8407438032591681
1303,aita,Gemini 3.7 Flash,gemini_flash,Gemini 3.7 Flash,1,0,0,1,-0.8062263237906364
1303,aita,Gemini 3.7 Flash,human,Human,0,0,0,0,-1.3584302319127357
1304,aita,Gemini 3.7 Flash,gemini_flash,Gemini 3.7 Flash,1,0,0,1,-0.8333469822090259
1304,aita,Gemini 3.7 Flash,human,Human,1,0,0,0,-1.1112265323602748
1308,aita,Gemini 3.7 Flash,gemini_flash,Gemini 3.7 Flash,1,0,0,1,-0.6382171974743617
1308,aita,Gemini 3.7 Flash,human,Human,0,0,0,0,-1.1948328620935769
1310,aita,Gemini 3.7 Flash,gemini_flash,Gemini 3.7 Flash,1,0,0,1,-1.2261218329883508
1310,aita,Gemini 3.7 Flash,human,Human,0,0,0,0,-1.4429288582474122
1322,aita,Gemini 3.7 Flash,gemini_flash,Gemini 3.7 Flash,1,1,0,1,-0.27884503821537543
1322,aita,Gemini 3.7 Flash,human,Human,0,0,0,0,-0.3363496677267773
1327,aita,Gemini 3.7 Flash,gemini_flash,Gemini 3.7 Flash,0,0,1,1,0.01071981456886617
1327,aita,Gemini 3.7 Flash,human,Human,0,0,0,0,-1.0145426056034212
1338,aita,Gemini 3.7 Flash,gemini_flash,Gemini 3.7 Flash,1,1,0,0,-1.1354739384619472
1338,aita,Gemini 3.7 Flash,human,Human,0,0,0,0,-0.748215485778312
1340,aita,Gemini 3.7 Flash,gemini_flash,Gemini 3.7 Flash,1,0,0,1,-0.9780258368345152
1340,aita,Gemini 3.7 Flash,human,Human,0,0,0,0,-0.9005920804984267
1343,aita,Gemini 3.7 Flash,gemini_flash,Gemini 3.7 Flash,0,0,0,1,-1.541379616666469
1343,aita,Gemini 3.7 Flash,human,Human,0,0,0,0,-0.9048747357469996
1350,aita,Gemini 3.7 Flash,gemini_flash,Gemini 3.7 Flash,0,0,0,1,-0.26061391454410154
1350,aita,Gemini 3.7 Flash,human,Human,0,0,0,0,-0.8086843142906815
1351,aita,Gemini 3.7 Flash,gemini_flash,Gemini 3.7 Flash,1,0,0,1,-1.0388599823949591
1351,aita,Gemini 3.7 Flash,human,Human,0,0,0,0,-1.148342696972454
1355,aita,Gemini 3.7 Flash,gemini_flash,Gemini 3.7 Flash,1,0,0,1,0.32886911806894514
1355,aita,Gemini 3.7 Flash,human,Human,1,0,0,0,-0.851237115290038
1362,aita,Gemini 3.7 Flash,gemini_flash,Gemini 3.7 Flash,1,1,0,1,0.18933399907253146
1362,aita,Gemini 3.7 Flash,human,Human,1,0,0,0,-0.5451594548400979
1368,aita,Gemini 3.7 Flash,gemini_flash,Gemini 3.7 Flash,0,0,0,0,-1.2540376672316982
1368,aita,Gemini 3.7 Flash,human,Human,0,0,1,1,-0.7981942815440304
1369,aita,Gemini 3.7 Flash,gemini_flash,Gemini 3.7 Flash,0,0,0,0,-1.6367835375644686
1369,aita,Gemini 3.7 Flash,human,Human,1,0,1,1,-0.4500441341636552
1370,aita,Gemini 3.7 Flash,gemini_flash,Gemini 3.7 Flash,1,1,0,0,-1.3130074578808808
1370,aita,Gemini 3.7 Flash,human,Human,1,0,0,1,-1.210060099595565
1371,aita,Gemini 3.7 Flash,gemini_flash,Gemini 3.7 Flash,1,0,0,1,-0.5120288930254835
1371,aita,Gemini 3.7 Flash,human,Human,0,0,0,0,-1.3094395625000956
1387,aita,Gemini 3.7 Flash,gemini_flash,Gemini 3.7 Flash,1,0,0,1,-0.6888730326625153
1387,aita,Gemini 3.7 Flash,human,Human,0,0,0,0,-0.8175738490377973
1388,aita,Gemini 3.7 Flash,gemini_flash,Gemini 3.7 Flash,1,0,0,1,0.5145659233743629
1388,aita,Gemini 3.7 Flash,human,Human,0,1,1,0,-0.3700966291215964
1390,aita,Gemini 3.7 Flash,gemini_flash,Gemini 3.7 Flash,1,0,0,0,-0.8780818766872576
1390,aita,Gemini 3.7 Flash,human,Human,0,0,0,0,-1.2250279105922162
1392,aita,Gemini 3.7 Flash,gemini_flash,Gemini 3.7 Flash,1,0,0,1,-0.9206478689182283
1392,aita,Gemini 3.7 Flash,human,Human,0,0,0,0,-0.8629256311274607
1402,aita,Gemini 3.7 Flash,gemini_flash,Gemini 3.7 Flash,1,0,0,1,-1.4026773724038257
1402,aita,Gemini 3.7 Flash,human,Human,0,0,0,0,-1.8964843544131484
1403,aita,Gemini 3.7 Flash,gemini_flash,Gemini 3.7 Flash,0,0,0,1,-0.988698673759667
1403,aita,Gemini 3.7 Flash,human,Human,0,0,0,0,-1.3541512403258422
1405,aita,Gemini 3.7 Flash,gemini_flash,Gemini 3.7 Flash,0,0,1,1,0.08740957124115867
1405,aita,Gemini 3.7 Flash,human,Human,0,0,1,0,-1.2136644028604495
1406,aita,Gemini 3.7 Flash,gemini_flash,Gemini 3.7 Flash,1,0,0,1,-0.7479560592729748
1406,aita,Gemini 3.7 Flash,human,Human,0,0,0,0,-0.7786854100457953
1414,aita,Gemini 3.7 Flash,gemini_flash,Gemini 3.7 Flash,1,0,0,1,-0.9619768066421165
1414,aita,Gemini 3.7 Flash,human,Human,0,0,0,0,-1.5456586082533623
1420,aita,Gemini 3.7 Flash,gemini_flash,Gemini 3.7 Flash,1,0,0,1,-0.24599037342193095
1420,aita,Gemini 3.7 Flash,human,Human,0,0,0,0,-1.6910248544012478
1422,aita,Gemini 3.7 Flash,gemini_flash,Gemini 3.7 Flash,1,0,0,0,-1.3884116443894632
1422,aita,Gemini 3.7 Flash,human,Human,0,0,0,0,-0.8744037902271902
1428,aita,Gemini 3.7 Flash,gemini_flash,Gemini 3.7 Flash,1,0,0,0,-1.0175169509540085
1428,aita,Gemini 3.7 Flash,human,Human,1,0,0,1,-1.0966029912381043
1431,aita,Gemini 3.7 Flash,gemini_flash,Gemini 3.7 Flash,1,0,0,1,-0.9360767322149763
1431,aita,Gemini 3.7 Flash,human,Human,0,0,0,0,-1.2557004819067854
1432,aita,Gemini 3.7 Flash,gemini_flash,Gemini 3.7 Flash,0,0,0,0,-1.0337185047977764
1432,aita,Gemini 3.7 Flash,human,Human,0,0,1,1,-0.3396999548281971
1441,aita,Gemini 3.7 Flash,gemini_flash,Gemini 3.7 Flash,1,0,0,1,-0.17977637093256083
1441,aita,Gemini 3.7 Flash,human,Human,0,1,0,0,-1.1690557704991074
1445,aita,Gemini 3.7 Flash,gemini_flash,Gemini 3.7 Flash,1,0,0,1,-0.27884503821537543
1445,aita,Gemini 3.7 Flash,human,Human,0,0,0,0,-1.457564718192509
1446,aita,Gemini 3.7 Flash,gemini_flash,Gemini 3.7 Flash,0,0,0,0,-1.4300287979574478
1446,aita,Gemini 3.7 Flash,human,Human,0,0,0,1,-0.7330752227031208
1450,aita,Gemini 3.7 Flash,gemini_flash,Gemini 3.7 Flash,1,0,0,0,-2.2417634219501137
1450,aita,Gemini 3.7 Flash,human,Human,0,0,0,1,-1.8010370826851518
1455,aita,Gemini 3.7 Flash,gemini_flash,Gemini 3.7 Flash,1,0,1,1,-0.18861240550564407
1455,aita,Gemini 3.7 Flash,human,Human,0,0,1,0,-1.2557004819067854
1456,aita,Gemini 3.7 Flash,gemini_flash,Gemini 3.7 Flash,0,0,0,0,-1.5155854327820664
1456,aita,Gemini 3.7 Flash,human,Human,0,0,0,0,-1.78157258326924
1465,aita,Gemini 3.7 Flash,gemini_flash,Gemini 3.7 Flash,0,0,0,0,-1.2212788321899573
1465,aita,Gemini 3.7 Flash,human,Human,1,0,0,1,-0.9583019994662676
1466,aita,Gemini 3.7 Flash,gemini_flash,Gemini 3.7 Flash,1,0,0,1,-1.3197571431682067
1466,aita,Gemini 3.7 Flash,human,Human,0,0,0,0,-0.7935672678679755
1471,aita,Gemini 3.7 Flash,gemini_flash,Gemini 3.7 Flash,1,0,0,1,0.07198070794441047
1471,aita,Gemini 3.7 Flash,human,Human,0,0,0,0,-1.0570387156975285
1488,aita,Gemini 3.7 Flash,gemini_flash,Gemini 3.7 Flash,1,0,0,1,-0.23531753649677903
1488,aita,Gemini 3.7 Flash,human,Human,0,0,0,0,-0.858974926930442
1495,aita,Gemini 3.7 Flash,gemini_flash,Gemini 3.7 Flash,1,0,0,0,0.02510099061743043
1495,aita,Gemini 3.7 Flash,human,Human,1,0,1,1,-0.4285723235543457
1498,aita,Gemini 3.7 Flash,gemini_flash,Gemini 3.7 Flash,1,1,0,0,0.07771471431946542
1498,aita,Gemini 3.7 Flash,human,Human,0,0,0,0,-0.4883819040194099
1511,aita,Gemini 3.7 Flash,gemini_flash,Gemini 3.7 Flash,1,0,1,1,0.4406933079009897
1511,aita,Gemini 3.7 Flash,human,Human,1,0,0,0,-0.4324134275879803
1514,aita,Gemini 3.7 Flash,gemini_flash,Gemini 3.7 Flash,0,0,0,1,0.012778459657056485
1514,aita,Gemini 3.7 Flash,human,Human,0,0,0,0,-1.551996311008235
1526,aita,Gemini 3.7 Flash,gemini_flash,Gemini 3.7 Flash,0,0,0,0,-1.4911558442759936
1526,aita,Gemini 3.7 Flash,human,Human,0,0,0,1,-0.7217711368389585
1537,aita,Gemini 3.7 Flash,gemini_flash,Gemini 3.7 Flash,1,0,1,1,-0.2825071421908373
1537,aita,Gemini 3.7 Flash,human,Human,0,0,1,0,-1.770036623458933
1538,aita,Gemini 3.7 Flash,gemini_flash,Gemini 3.7 Flash,1,0,0,0,-1.2865582085002818
1538,aita,Gemini 3.7 Flash,human,Human,1,0,0,0,-1.2984549087009016
1539,aita,Gemini 3.7 Flash,gemini_flash,Gemini 3.7 Flash,1,0,0,0,-0.7913978775894872
1539,aita,Gemini 3.7 Flash,human,Human,1,0,0,0,-0.9966000821537044
1541,aita,Gemini 3.7 Flash,gemini_flash,Gemini 3.7 Flash,1,0,0,1,0.07771471431946542
1541,aita,Gemini 3.7 Flash,human,Human,0,0,0,0,-1.0188810190579194
1546,aita,Gemini 3.7 Flash,gemini_flash,Gemini 3.7 Flash,0,0,0,0,-1.8052327635069276
1546,aita,Gemini 3.7 Flash,human,Human,1,0,0,1,-0.2266108059281641
1557,aita,Gemini 3.7 Flash,gemini_flash,Gemini 3.7 Flash,1,1,0,1,-0.6750225664648248
1557,aita,Gemini 3.7 Flash,human,Human,0,0,0,0,-0.4695503632525371
1558,aita,Gemini 3.7 Flash,gemini_flash,Gemini 3.7 Flash,0,0,0,1,-1.441663813620838
1558,aita,Gemini 3.7 Flash,human,Human,0,0,0,0,-0.5573250054622233
1559,aita,Gemini 3.7 Flash,gemini_flash,Gemini 3.7 Flash,0,0,0,1,-1.576055282546762
1559,aita,Gemini 3.7 Flash,human,Human,0,0,0,0,-1.874302526544856
1560,aita,Gemini 3.7 Flash,gemini_flash,Gemini 3.7 Flash,1,0,0,0,-1.6151619666929948
1560,aita,Gemini 3.7 Flash,human,Human,0,0,0,0,-1.8663598098254732
1569,aita,Gemini 3.7 Flash,gemini_flash,Gemini 3.7 Flash,1,1,1,1,-0.7159936910809049
1569,aita,Gemini 3.7 Flash,human,Human,0,0,0,0,-1.4496653523031238
1570,aita,Gemini 3.7 Flash,gemini_flash,Gemini 3.7 Flash,1,0,0,1,-0.8747480601016707
1570,aita,Gemini 3.7 Flash,human,Human,0,0,0,0,0.0029109449064821
1574,aita,Gemini 3.7 Flash,gemini_flash,Gemini 3.7 Flash,1,0,1,1,-0.4660734145560023
1574,aita,Gemini 3.7 Flash,human,Human,0,0,1,0,-0.7784270047927841
1581,aita,Gemini 3.7 Flash,gemini_flash,Gemini 3.7 Flash,1,0,1,1,0.1950680054475864
1581,aita,Gemini 3.7 Flash,human,Human,0,0,1,0,-0.531867161718921
1588,aita,Gemini 3.7 Flash,gemini_flash,Gemini 3.7 Flash,1,0,0,1,-0.6888730326625153
1588,aita,Gemini 3.7 Flash,human,Human,0,0,0,0,-1.3435853151957535
1591,aita,Gemini 3.7 Flash,gemini_flash,Gemini 3.7 Flash,1,0,0,1,0.3249184138719263
1591,aita,Gemini 3.7 Flash,human,Human,0,0,0,0,-0.6528280353961452
1592,aita,Gemini 3.7 Flash,gemini_flash,Gemini 3.7 Flash,0,0,0,0,-1.0528131357316655
1592,aita,Gemini 3.7 Flash,human,Human,0,0,1,1,-0.5965985113023513
1606,aita,Gemini 3.7 Flash,gemini_flash,Gemini 3.7 Flash,0,0,0,0,-0.984908287032063
1606,aita,Gemini 3.7 Flash,human,Human,0,0,0,1,-0.3788467990732101
1607,aita,Gemini 3.7 Flash,gemini_flash,Gemini 3.7 Flash,1,1,0,1,0.30668729020065244
1607,aita,Gemini 3.7 Flash,human,Human,0,0,1,0,-0.7747357271011026
1608,aita,Gemini 3.7 Flash,gemini_flash,Gemini 3.7 Flash,1,0,0,1,-0.5026327826749667
1608,aita,Gemini 3.7 Flash,human,Human,0,0,0,0,-1.6910248544012478
1613,aita,Gemini 3.7 Flash,gemini_flash,Gemini 3.7 Flash,1,1,0,1,0.19264413781100276
1613,aita,Gemini 3.7 Flash,human,Human,0,0,0,0,-1.1103342357589003
1616,aita,Gemini 3.7 Flash,gemini_flash,Gemini 3.7 Flash,1,0,0,1,-1.484803691640541
1616,aita,Gemini 3.7 Flash,human,Human,0,0,0,0,-1.629881337566869
1617,aita,Gemini 3.7 Flash,gemini_flash,Gemini 3.7 Flash,1,0,1,1,0.23067940731225256
1617,aita,Gemini 3.7 Flash,human,Human,0,0,0,0,-0.7784270047927841
1642,aita,Gemini 3.7 Flash,gemini_flash,Gemini 3.7 Flash,1,0,0,1,-1.1003179585127332
1642,aita,Gemini 3.7 Flash,human,Human,0,0,0,0,-1.331708364795185
1646,aita,Gemini 3.7 Flash,gemini_flash,Gemini 3.7 Flash,1,0,1,1,-0.5968161195817169
1646,aita,Gemini 3.7 Flash,human,Human,1,0,0,0,-0.7059545642847311
1656,aita,Gemini 3.7 Flash,gemini_flash,Gemini 3.7 Flash,0,0,0,0,-0.05786970047992951
1656,aita,Gemini 3.7 Flash,human,Human,0,0,1,1,-0.0424408371831813
1666,aita,Gemini 3.7 Flash,gemini_flash,Gemini 3.7 Flash,1,0,0,1,-1.3598359711829122
1666,aita,Gemini 3.7 Flash,human,Human,0,0,0,0,-1.4386462029988394
1668,aita,Gemini 3.7 Flash,gemini_flash,Gemini 3.7 Flash,1,0,0,1,0.07652176844599445
1668,aita,Gemini 3.7 Flash,human,Human,0,0,0,0,-0.6148296349736252
1669,aita,Gemini 3.7 Flash,gemini_flash,Gemini 3.7 Flash,0,0,0,0,-0.9886574924085608
1669,aita,Gemini 3.7 Flash,human,Human,0,0,0,1,-1.229567949841474
1686,aita,Gemini 3.7 Flash,gemini_flash,Gemini 3.7 Flash,1,0,0,1,0.012778459657056485
1686,aita,Gemini 3.7 Flash,human,Human,0,0,0,0,-1.2145566994618242
1690,aita,Gemini 3.7 Flash,gemini_flash,Gemini 3.7 Flash,0,0,0,0,-1.2865582085002818
1690,aita,Gemini 3.7 Flash,human,Human,0,0,0,1,-1.1391816542937143
1691,aita,Gemini 3.7 Flash,gemini_flash,Gemini 3.7 Flash,1,0,0,0,-0.8022756195936176
1691,aita,Gemini 3.7 Flash,human,Human,0,0,1,1,0.0874095712411586
1695,aita,Gemini 3.7 Flash,gemini_flash,Gemini 3.7 Flash,0,0,0,0,-0.9317646967117462
1695,aita,Gemini 3.7 Flash,human,Human,0,0,0,0,-0.859522953657336
1702,aita,Gemini 3.7 Flash,gemini_flash,Gemini 3.7 Flash,1,0,1,1,-0.6230444813987319
1702,aita,Gemini 3.7 Flash,human,Human,0,0,0,0,-1.0076044857529498
1706,aita,Gemini 3.7 Flash,gemini_flash,Gemini 3.7 Flash,0,1,0,1,-1.1798777542973127
1706,aita,Gemini 3.7 Flash,human,Human,0,0,0,0,-1.2335186540384928
1707,aita,Gemini 3.7 Flash,gemini_flash,Gemini 3.7 Flash,1,1,0,0,0.4406933079009897
1707,aita,Gemini 3.7 Flash,human,Human,0,0,0,1,-0.6750098632644379
1708,aita,Gemini 3.7 Flash,gemini_flash,Gemini 3.7 Flash,0,0,0,0,-1.8970847715087475
1708,aita,Gemini 3.7 Flash,human,Human,0,0,1,1,-0.470150780348136
1709,aita,Gemini 3.7 Flash,gemini_flash,Gemini 3.7 Flash,1,1,0,1,-0.8168991607157883
1709,aita,Gemini 3.7 Flash,human,Human,0,0,1,0,-0.7750243273226596
1711,aita,Gemini 3.7 Flash,gemini_flash,Gemini 3.7 Flash,1,0,0,1,-0.8339496573365175
1711,aita,Gemini 3.7 Flash,human,Human,0,0,1,0,-0.9237062765138724
1713,aita,Gemini 3.7 Flash,gemini_flash,Gemini 3.7 Flash,1,0,0,1,-0.18125902383850057
1713,aita,Gemini 3.7 Flash,human,Human,0,0,0,0,-0.7760124536757378
1714,aita,Gemini 3.7 Flash,gemini_flash,Gemini 3.7 Flash,0,0,0,0,-0.9673529999093633
1714,aita,Gemini 3.7 Flash,human,Human,0,0,0,1,-1.147742279876855
1718,aita,Gemini 3.7 Flash,gemini_flash,Gemini 3.7 Flash,0,0,0,0,-1.2547371933632194
1718,aita,Gemini 3.7 Flash,human,Human,0,0,0,1,-0.7981942815440304
1725,aita,Gemini 3.7 Flash,gemini_flash,Gemini 3.7 Flash,0,0,0,0,-0.6794343229619406
1725,aita,Gemini 3.7 Flash,human,Human,0,0,0,0,-1.1948328620935769
1741,aita,Gemini 3.7 Flash,gemini_flash,Gemini 3.7 Flash,1,0,0,1,-0.9811002269147648
1741,aita,Gemini 3.7 Flash,human,Human,0,0,0,0,-1.014230788729379
1746,aita,Gemini 3.7 Flash,gemini_flash,Gemini 3.7 Flash,1,0,0,1,-0.7120429868838862
1746,aita,Gemini 3.7 Flash,human,Human,0,0,0,0,-1.1599078304989805
1747,aita,Gemini 3.7 Flash,gemini_flash,Gemini 3.7 Flash,1,0,0,1,-1.1832804317674372
1747,aita,Gemini 3.7 Flash,human,Human,0,0,0,0,-2.0527951828144495
1756,aita,Gemini 3.7 Flash,gemini_flash,Gemini 3.7 Flash,1,0,0,1,0.3385639749906383
1756,aita,Gemini 3.7 Flash,human,Human,0,0,0,0,-1.8503395689718336
1758,aita,Gemini 3.7 Flash,gemini_flash,Gemini 3.7 Flash,1,0,0,0,-0.9060243277960576
1758,aita,Gemini 3.7 Flash,human,Human,1,0,0,1,-1.9226551529162264
1766,aita,Gemini 3.7 Flash,gemini_flash,Gemini 3.7 Flash,1,0,0,0,0.3379635578950393
1766,aita,Gemini 3.7 Flash,human,Human,0,0,0,0,-0.9237062765138724
1770,aita,Gemini 3.7 Flash,gemini_flash,Gemini 3.7 Flash,0,0,0,0,-1.629881337566869
1770,aita,Gemini 3.7 Flash,human,Human,0,0,0,1,-0.6114269575035005
1780,aita,Gemini 3.7 Flash,gemini_flash,Gemini 3.7 Flash,0,0,0,0,-1.2175754198891504
1780,aita,Gemini 3.7 Flash,human,Human,1,0,1,1,-0.4054194307647056
1781,aita,Gemini 3.7 Flash,gemini_flash,Gemini 3.7 Flash,0,0,0,0,-0.9313207058433801
1781,aita,Gemini 3.7 Flash,human,Human,0,0,0,0,-1.4429288582474122
1784,aita,Gemini 3.7 Flash,gemini_flash,Gemini 3.7 Flash,1,0,0,1,-0.7973913104698791
1784,aita,Gemini 3.7 Flash,human,Human,0,0,0,0,-0.9005920804984267
1796,aita,Gemini 3.7 Flash,gemini_flash,Gemini 3.7 Flash,0,0,0,0,-1.9644917198715885
1796,aita,Gemini 3.7 Flash,human,Human,1,0,0,1,-1.9111202143582455
1802,aita,Gemini 3.7 Flash,gemini_flash,Gemini 3.7 Flash,0,0,0,0,-1.6373839546600677
1802,aita,Gemini 3.7 Flash,human,Human,1,0,0,1,-0.2164859957299061
1803,aita,Gemini 3.7 Flash,gemini_flash,Gemini 3.7 Flash,0,0,0,0,-1.1677249068755742
1803,aita,Gemini 3.7 Flash,human,Human,0,0,0,1,-1.2859577914046827
1804,aita,Gemini 3.7 Flash,gemini_flash,Gemini 3.7 Flash,1,0,1,0,-0.9802079303133904
1804,aita,Gemini 3.7 Flash,human,Human,0,0,1,1,-0.7364779001732454
1807,aita,Gemini 3.7 Flash,gemini_flash,Gemini 3.7 Flash,1,1,1,1,-0.8333469822090259
1807,aita,Gemini 3.7 Flash,human,Human,0,0,0,0,-0.8351880850976393
1822,aita,Gemini 3.7 Flash,gemini_flash,Gemini 3.7 Flash,1,0,0,1,0.22218866386597602
1822,aita,Gemini 3.7 Flash,human,Human,0,1,0,0,-0.3403003719237961
1827,aita,Gemini 3.7 Flash,gemini_flash,Gemini 3.7 Flash,0,0,0,0,-0.763932949296617
1827,aita,Gemini 3.7 Flash,human,Human,0,0,0,1,-0.1654858906672719
1828,aita,Gemini 3.7 Flash,gemini_flash,Gemini 3.7 Flash,0,0,0,1,-0.7363512385781305
1828,aita,Gemini 3.7 Flash,human,Human,0,0,0,0,-1.1984542576483943
1834,aita,Gemini 3.7 Flash,gemini_flash,Gemini 3.7 Flash,1,1,0,1,-0.37189007764925225
1834,aita,Gemini 3.7 Flash,human,Human,0,0,0,0,-0.6340065554203062
1854,aita,Gemini 3.7 Flash,gemini_flash,Gemini 3.7 Flash,1,0,0,1,0.09386509200207105
1854,aita,Gemini 3.7 Flash,human,Human,0,0,0,0,-0.6720049558428262
1856,aita,Gemini 3.7 Flash,gemini_flash,Gemini 3.7 Flash,0,0,0,0,-1.4009797536278734
1856,aita,Gemini 3.7 Flash,human,Human,0,0,0,1,-1.3584302319127357
1865,aita,Gemini 3.7 Flash,gemini_flash,Gemini 3.7 Flash,0,0,0,0,-1.4190842157040324
1865,aita,Gemini 3.7 Flash,human,Human,0,0,0,1,-1.1412789367791936
1873,aita,Gemini 3.7 Flash,gemini_flash,Gemini 3.7 Flash,0,0,1,1,-0.6828370004320653
1873,aita,Gemini 3.7 Flash,human,Human,0,0,1,0,-1.6022435728179985
1874,aita,Gemini 3.7 Flash,gemini_flash,Gemini 3.7 Flash,1,0,0,1,-0.4700241187530211
1874,aita,Gemini 3.7 Flash,human,Human,0,0,0,0,-1.220377680263676
1875,aita,Gemini 3.7 Flash,gemini_flash,Gemini 3.7 Flash,1,0,0,1,-0.43087727450800806
1875,aita,Gemini 3.7 Flash,human,Human,0,0,0,0,-1.1830788059726771
1885,aita,Gemini 3.7 Flash,gemini_flash,Gemini 3.7 Flash,1,0,0,1,-0.16149174708725444
1885,aita,Gemini 3.7 Flash,human,Human,0,0,1,0,-0.9808826186353992
1887,aita,Gemini 3.7 Flash,gemini_flash,Gemini 3.7 Flash,0,0,0,1,-1.8161215875544179
1887,aita,Gemini 3.7 Flash,human,Human,0,0,0,0,-1.8964843544131484
1889,aita,Gemini 3.7 Flash,gemini_flash,Gemini 3.7 Flash,1,0,0,1,-1.334983359417869
1889,aita,Gemini 3.7 Flash,human,Human,0,0,0,0,-1.12925275095257
1890,aita,Gemini 3.7 Flash,gemini_flash,Gemini 3.7 Flash,1,1,0,1,-0.5208639063462406
1890,aita,Gemini 3.7 Flash,human,Human,0,0,0,0,-1.0683851311393615
1893,aita,Gemini 3.7 Flash,gemini_flash,Gemini 3.7 Flash,0,0,0,1,-1.1233051085556032
1893,aita,Gemini 3.7 Flash,human,Human,0,0,0,0,-1.2137513772872466
1896,aita,Gemini 3.7 Flash,gemini_flash,Gemini 3.7 Flash,0,0,0,1,-1.0534300233430973
1896,aita,Gemini 3.7 Flash,human,Human,0,0,0,0,-2.25825468282635
1902,aita,Gemini 3.7 Flash,gemini_flash,Gemini 3.7 Flash,0,0,0,1,-0.7077309513806561
1902,aita,Gemini 3.7 Flash,human,Human,0,0,0,0,-1.7098563951681207
1906,aita,Gemini 3.7 Flash,gemini_flash,Gemini 3.7 Flash,1,0,0,1,-1.3555569795960185
1906,aita,Gemini 3.7 Flash,human,Human,0,0,0,0,-1.224629119291377
1920,aita,Gemini 3.7 Flash,gemini_flash,Gemini 3.7 Flash,1,1,0,1,-1.171675611072593
1920,aita,Gemini 3.7 Flash,human,Human,0,1,1,0,-0.3898639058728426
1923,aita,Gemini 3.7 Flash,gemini_flash,Gemini 3.7 Flash,1,0,0,1,-0.820849864912807
1923,aita,Gemini 3.7 Flash,human,Human,0,0,0,0,-1.316739532546208
1928,aita,Gemini 3.7 Flash,gemini_flash,Gemini 3.7 Flash,1,1,0,1,0.41336774440362156
1928,aita,Gemini 3.7 Flash,human,Human,0,0,0,0,-1.3429848981001546
1934,aita,Gemini 3.7 Flash,gemini_flash,Gemini 3.7 Flash,0,0,0,0,-0.8168991607157883
1934,aita,Gemini 3.7 Flash,human,Human,0,1,1,1,-0.9428831969605532
1935,aita,Gemini 3.7 Flash,gemini_flash,Gemini 3.7 Flash,1,0,0,1,-0.709886755461265
1935,aita,Gemini 3.7 Flash,human,Human,1,0,0,0,-0.325968710307401
1942,aita,Gemini 3.7 Flash,gemini_flash,Gemini 3.7 Flash,1,1,1,0,-0.607432813923483
1942,aita,Gemini 3.7 Flash,human,Human,0,1,1,1,-0.9024167452469544
1948,aita,Gemini 3.7 Flash,gemini_flash,Gemini 3.7 Flash,1,0,0,0,-0.4785705318522213
1948,aita,Gemini 3.7 Flash,human,Human,0,0,1,1,-0.6871754138865632
1957,aita,Gemini 3.7 Flash,gemini_flash,Gemini 3.7 Flash,1,0,0,1,-0.5360354741953053
1957,aita,Gemini 3.7 Flash,human,Human,1,0,0,0,-1.2063979956201032
1964,aita,Gemini 3.7 Flash,gemini_flash,Gemini 3.7 Flash,1,0,0,1,-0.22750310252953862
1964,aita,Gemini 3.7 Flash,human,Human,0,0,0,0,-1.0267814061996308
1965,aita,Gemini 3.7 Flash,gemini_flash,Gemini 3.7 Flash,1,1,0,1,-0.9954351678153786
1965,aita,Gemini 3.7 Flash,human,Human,0,0,0,0,-1.1681109949760262
1984,aita,Gemini 3.7 Flash,gemini_flash,Gemini 3.7 Flash,0,0,1,1,-0.2020005283785246
1984,aita,Gemini 3.7 Flash,human,Human,1,0,0,0,-0.5466521685370714
1987,aita,Gemini 3.7 Flash,gemini_flash,Gemini 3.7 Flash,1,0,0,1,-0.2831890159747298
1987,aita,Gemini 3.7 Flash,human,Human,0,0,0,0,-1.5840124491467245
1988,aita,Gemini 3.7 Flash,gemini_flash,Gemini 3.7 Flash,1,0,0,1,-0.6528407385965322
1988,aita,Gemini 3.7 Flash,human,Human,0,0,0,0,-1.008204902848549
1990,aita,Gemini 3.7 Flash,gemini_flash,Gemini 3.7 Flash,1,0,0,1,-1.1677249068755742
1990,aita,Gemini 3.7 Flash,human,Human,0,0,0,0,-2.097933328882201
1994,aita,Gemini 3.7 Flash,gemini_flash,Gemini 3.7 Flash,0,0,0,0,-1.5307035004570986
1994,aita,Gemini 3.7 Flash,human,Human,0,0,0,0,-0.5914570337051684
2008,aita,Gemini 3.7 Flash,gemini_flash,Gemini 3.7 Flash,0,0,0,0,-1.3807972150599555
2008,aita,Gemini 3.7 Flash,human,Human,0,0,0,1,-1.621075113584871
2010,aita,Gemini 3.7 Flash,gemini_flash,Gemini 3.7 Flash,1,0,0,0,-0.7217276974559599
2010,aita,Gemini 3.7 Flash,human,Human,1,1,0,1,-0.22868108717073
2011,aita,Gemini 3.7 Flash,gemini_flash,Gemini 3.7 Flash,1,0,1,1,0.18538329487551275
2011,aita,Gemini 3.7 Flash,human,Human,0,0,1,0,-0.8893192108551363
2030,aita,Gemini 3.7 Flash,gemini_flash,Gemini 3.7 Flash,1,0,1,1,0.22218866386597602
2030,aita,Gemini 3.7 Flash,human,Human,1,0,0,0,-1.4617603990142851
2031,aita,Gemini 3.7 Flash,gemini_flash,Gemini 3.7 Flash,0,0,0,0,-1.1488933661087013
2031,aita,Gemini 3.7 Flash,human,Human,0,0,0,1,-0.989373362081676
2033,aita,Gemini 3.7 Flash,gemini_flash,Gemini 3.7 Flash,1,0,0,1,0.04486004952602085
2033,aita,Gemini 3.7 Flash,human,Human,0,1,1,0,-1.06117111426772
2035,aita,Gemini 3.7 Flash,gemini_flash,Gemini 3.7 Flash,0,0,0,0,-1.446204874122422
2035,aita,Gemini 3.7 Flash,human,Human,0,0,0,1,-0.9584413642617696
2036,aita,Gemini 3.7 Flash,gemini_flash,Gemini 3.7 Flash,1,0,0,1,-0.22192812259918554
2036,aita,Gemini 3.7 Flash,human,Human,0,0,0,0,-1.3928333686090788
2040,aita,Gemini 3.7 Flash,gemini_flash,Gemini 3.7 Flash,1,0,0,1,-0.6995458695876673
2040,aita,Gemini 3.7 Flash,human,Human,0,0,0,0,-1.5456586082533623
2048,aita,Gemini 3.7 Flash,gemini_flash,Gemini 3.7 Flash,1,0,0,0,-1.339524419919453
2048,aita,Gemini 3.7 Flash,human,Human,0,0,0,1,-1.0501540074680875
2051,aita,Gemini 3.7 Flash,gemini_flash,Gemini 3.7 Flash,1,0,0,1,-0.11524766839621642
2051,aita,Gemini 3.7 Flash,human,Human,0,0,0,0,-0.8440071159337909
2065,aita,Gemini 3.7 Flash,gemini_flash,Gemini 3.7 Flash,0,0,1,1,-0.6114793478722054
2065,aita,Gemini 3.7 Flash,human,Human,0,0,1,0,-1.499513822812048
2066,aita,Gemini 3.7 Flash,gemini_flash,Gemini 3.7 Flash,1,0,0,1,-0.7716030482790484
2066,aita,Gemini 3.7 Flash,human,Human,0,0,0,0,-1.2745320226736585
2068,aita,Gemini 3.7 Flash,gemini_flash,Gemini 3.7 Flash,1,1,0,1,-0.5968161195817169
2068,aita,Gemini 3.7 Flash,human,Human,0,0,0,0,-0.7904531906194077
2084,aita,Gemini 3.7 Flash,gemini_flash,Gemini 3.7 Flash,0,0,0,1,-1.3197571431682067
2084,aita,Gemini 3.7 Flash,human,Human,0,0,0,0,-1.2557004819067854
2089,aita,Gemini 3.7 Flash,gemini_flash,Gemini 3.7 Flash,1,1,0,1,-0.30041953390595777
2089,aita,Gemini 3.7 Flash,human,Human,1,0,0,0,-0.967120542271192
2107,aita,Gemini 3.7 Flash,gemini_flash,Gemini 3.7 Flash,1,0,0,0,-0.05786970047992951
2107,aita,Gemini 3.7 Flash,human,Human,0,0,0,0,-0.4276012586329983
2113,aita,Gemini 3.7 Flash,gemini_flash,Gemini 3.7 Flash,0,0,1,0,-0.8324546856076513
2113,aita,Gemini 3.7 Flash,human,Human,0,0,1,0,-1.3164811272931969
2120,aita,Gemini 3.7 Flash,gemini_flash,Gemini 3.7 Flash,1,0,0,1,-1.484803691640541
2120,aita,Gemini 3.7 Flash,human,Human,0,0,0,0,-1.340199108241462
2122,aita,Gemini 3.7 Flash,gemini_flash,Gemini 3.7 Flash,1,0,0,1,-0.7840444959223437
2122,aita,Gemini 3.7 Flash,human,Human,0,0,0,0,-1.5840124491467245
2123,aita,Gemini 3.7 Flash,gemini_flash,Gemini 3.7 Flash,1,0,0,1,-0.396802025723314
2123,aita,Gemini 3.7 Flash,human,Human,0,1,0,0,-0.2064992593024374
2133,aita,Gemini 3.7 Flash,gemini_flash,Gemini 3.7 Flash,0,0,0,1,-2.1180601092441935
2133,aita,Gemini 3.7 Flash,human,Human,1,0,0,0,-2.110720067652302
2134,aita,Gemini 3.7 Flash,gemini_flash,Gemini 3.7 Flash,1,0,0,1,-1.348231150488068
2134,aita,Gemini 3.7 Flash,human,Human,0,0,0,0,-0.9048747357469996
2135,aita,Gemini 3.7 Flash,gemini_flash,Gemini 3.7 Flash,1,0,0,1,-1.0780526197156632
2135,aita,Gemini 3.7 Flash,human,Human,0,0,0,0,-0.989373362081676
2136,aita,Gemini 3.7 Flash,gemini_flash,Gemini 3.7 Flash,0,0,0,0,-1.6186048042618997
2136,aita,Gemini 3.7 Flash,human,Human,0,1,0,0,-1.1215674182338726
2138,aita,Gemini 3.7 Flash,gemini_flash,Gemini 3.7 Flash,1,0,0,1,0.18411478614353327
2138,aita,Gemini 3.7 Flash,human,Human,0,0,0,0,-1.2557004819067854
2139,aita,Gemini 3.7 Flash,gemini_flash,Gemini 3.7 Flash,0,0,0,0,-0.6220563550456537
2139,aita,Gemini 3.7 Flash,human,Human,1,0,1,1,-0.233019500625228
2140,aita,Gemini 3.7 Flash,gemini_flash,Gemini 3.7 Flash,1,0,0,1,-0.596526498107834
2140,aita,Gemini 3.7 Flash,human,Human,0,0,1,0,-0.9428831969605532
2149,aita,Gemini 3.7 Flash,gemini_flash,Gemini 3.7 Flash,1,0,0,1,0.030031603324871703
2149,aita,Gemini 3.7 Flash,human,Human,0,0,0,0,-1.1948328620935769
2150,aita,Gemini 3.7 Flash,gemini_flash,Gemini 3.7 Flash,1,0,1,0,-0.6995458695876673
2150,aita,Gemini 3.7 Flash,human,Human,1,0,0,1,-0.3080494035101692
2152,aita,Gemini 3.7 Flash,gemini_flash,Gemini 3.7 Flash,1,0,0,0,-1.0394101786007444
2152,aita,Gemini 3.7 Flash,human,Human,1,0,0,1,-0.4519208049034272
2153,aita,Gemini 3.7 Flash,gemini_flash,Gemini 3.7 Flash,0,0,0,1,-0.5235780440674043
2153,aita,Gemini 3.7 Flash,human,Human,0,0,0,0,-0.5728805303540865
2156,aita,Gemini 3.7 Flash,gemini_flash,Gemini 3.7 Flash,1,0,0,0,-0.42109673418423066
2156,aita,Gemini 3.7 Flash,human,Human,0,0,0,0,-0.2706301917902688
2157,aita,Gemini 3.7 Flash,gemini_flash,Gemini 3.7 Flash,1,0,0,1,-0.4302603868965762
2157,aita,Gemini 3.7 Flash,human,Human,0,0,0,0,-1.1070709230842777
2167,aita,Gemini 3.7 Flash,gemini_flash,Gemini 3.7 Flash,1,0,0,1,-0.16149174708725444
2167,aita,Gemini 3.7 Flash,human,Human,0,0,0,0,-1.4611599819186862
2169,aita,Gemini 3.7 Flash,gemini_flash,Gemini 3.7 Flash,1,0,0,1,-0.9285184454688543
2169,aita,Gemini 3.7 Flash,human,Human,0,1,0,0,-1.5104449764372094
2179,aita,Gemini 3.7 Flash,gemini_flash,Gemini 3.7 Flash,1,1,0,1,-0.3904643229684415
2179,aita,Gemini 3.7 Flash,human,Human,0,0,0,0,-1.2514178266582126
2188,aita,Gemini 3.7 Flash,gemini_flash,Gemini 3.7 Flash,0,0,0,0,-1.7212821638991451
2188,aita,Gemini 3.7 Flash,human,Human,0,0,0,1,-1.4158081998290228
2194,aita,Gemini 3.7 Flash,gemini_flash,Gemini 3.7 Flash,1,0,0,1,-0.40375661608961844
2194,aita,Gemini 3.7 Flash,human,Human,0,0,0,0,-0.7595084895991143
2202,aita,Gemini 3.7 Flash,gemini_flash,Gemini 3.7 Flash,1,0,1,1,-0.16149174708725444
2202,aita,Gemini 3.7 Flash,human,Human,0,0,0,0,-1.8964843544131484
2213,aita,Gemini 3.7 Flash,gemini_flash,Gemini 3.7 Flash,0,0,0,0,-1.4042557695028832
2213,aita,Gemini 3.7 Flash,human,Human,1,0,0,1,-1.1687438650720638
2215,aita,Gemini 3.7 Flash,gemini_flash,Gemini 3.7 Flash,1,0,0,0,-0.2420396692249122
2215,aita,Gemini 3.7 Flash,human,Human,0,0,0,0,-0.6528280353961452
2217,aita,Gemini 3.7 Flash,gemini_flash,Gemini 3.7 Flash,1,0,0,1,-0.9279180283732553
2217,aita,Gemini 3.7 Flash,human,Human,0,0,0,0,-1.4003628660164416
2221,aita,Gemini 3.7 Flash,gemini_flash,Gemini 3.7 Flash,1,0,1,1,-0.9351844356136018
2221,aita,Gemini 3.7 Flash,human,Human,1,0,1,0,-1.0191696192794764
2232,aita,Gemini 3.7 Flash,gemini_flash,Gemini 3.7 Flash,1,1,1,1,-0.7229875691373016
2232,aita,Gemini 3.7 Flash,human,Human,0,0,0,0,-1.209800673090228
2245,aita,Gemini 3.7 Flash,gemini_flash,Gemini 3.7 Flash,0,0,0,1,-0.9235796149187574
2245,aita,Gemini 3.7 Flash,human,Human,0,0,0,0,-1.1795891540757557
2250,aita,Gemini 3.7 Flash,gemini_flash,Gemini 3.7 Flash,1,0,0,0,-0.16059945048587987
2250,aita,Gemini 3.7 Flash,human,Human,0,0,0,0,-0.4667481028780114
2257,aita,Gemini 3.7 Flash,gemini_flash,Gemini 3.7 Flash,0,1,0,0,-1.0887131378178885
2257,aita,Gemini 3.7 Flash,human,Human,0,0,0,1,-1.0148312058249784
2258,aita,Gemini 3.7 Flash,gemini_flash,Gemini 3.7 Flash,1,0,0,1,-0.6093132368779358
2258,aita,Gemini 3.7 Flash,human,Human,0,0,0,0,-1.2563008990023845
2259,aita,Gemini 3.7 Flash,gemini_flash,Gemini 3.7 Flash,1,1,0,0,-0.6448980218771495
2259,aita,Gemini 3.7 Flash,human,Human,0,0,0,0,-0.729724935601701
2276,aita,Gemini 3.7 Flash,gemini_flash,Gemini 3.7 Flash,1,0,0,1,-0.07329856377667765
2276,aita,Gemini 3.7 Flash,human,Human,0,0,0,0,-0.9811527058364714
2277,aita,Gemini 3.7 Flash,gemini_flash,Gemini 3.7 Flash,1,0,0,1,-1.4856959882419156
2277,aita,Gemini 3.7 Flash,human,Human,0,0,0,0,-1.2557004819067854
2279,aita,Gemini 3.7 Flash,gemini_flash,Gemini 3.7 Flash,1,0,0,0,-1.3442804462910491
2279,aita,Gemini 3.7 Flash,human,Human,0,0,0,1,-1.099935786571365
2280,aita,Gemini 3.7 Flash,gemini_flash,Gemini 3.7 Flash,0,0,0,1,-1.5795907249271088
2280,aita,Gemini 3.7 Flash,human,Human,0,0,0,0,-1.0765475871957633
2289,aita,Gemini 3.7 Flash,gemini_flash,Gemini 3.7 Flash,1,1,0,1,-0.3329685370461146
2289,aita,Gemini 3.7 Flash,human,Human,0,0,0,0,-1.3121285899077604
2295,aita,Gemini 3.7 Flash,gemini_flash,Gemini 3.7 Flash,0,0,0,1,-1.016624654352634
2295,aita,Gemini 3.7 Flash,human,Human,0,0,0,0,-1.6636155957613012
2304,aita,Gemini 3.7 Flash,gemini_flash,Gemini 3.7 Flash,0,0,0,1,-1.740113704666018
2304,aita,Gemini 3.7 Flash,human,Human,0,0,0,0,-1.3164811272931969
2322,aita,Gemini 3.7 Flash,gemini_flash,Gemini 3.7 Flash,1,1,0,1,-0.6528407385965322
2322,aita,Gemini 3.7 Flash,human,Human,0,1,1,0,-1.5849448172938776
2330,aita,Gemini 3.7 Flash,gemini_flash,Gemini 3.7 Flash,1,0,1,0,-1.011772798229334
2330,aita,Gemini 3.7 Flash,human,Human,0,0,0,0,-1.0076044857529498
2349,aita,Gemini 3.7 Flash,gemini_flash,Gemini 3.7 Flash,1,0,0,0,-0.09306584052792377
2349,aita,Gemini 3.7 Flash,human,Human,0,0,0,0,-0.6114269575035005
2352,aita,Gemini 3.7 Flash,gemini_flash,Gemini 3.7 Flash,1,1,0,1,-0.7275588246074314
2352,aita,Gemini 3.7 Flash,human,Human,0,0,0,0,-1.2557004819067854
2355,aita,Gemini 3.7 Flash,gemini_flash,Gemini 3.7 Flash,1,0,0,1,-0.49257718536296
2355,aita,Gemini 3.7 Flash,human,Human,0,0,0,0,-1.2557004819067854
2370,aita,Gemini 3.7 Flash,gemini_flash,Gemini 3.7 Flash,1,0,1,1,-0.7644600233495983
2370,aita,Gemini 3.7 Flash,human,Human,0,0,1,0,-0.7981942815440304
2371,aita,Gemini 3.7 Flash,gemini_flash,Gemini 3.7 Flash,0,0,0,1,-1.5596218223811027
2371,aita,Gemini 3.7 Flash,human,Human,0,0,1,0,-1.4998457738636022
2378,aita,Gemini 3.7 Flash,gemini_flash,Gemini 3.7 Flash,1,0,0,1,-1.2269271551629282
2378,aita,Gemini 3.7 Flash,human,Human,0,0,1,0,-1.1490200277038165
2382,aita,Gemini 3.7 Flash,gemini_flash,Gemini 3.7 Flash,1,0,0,1,-0.7445533818028502
2382,aita,Gemini 3.7 Flash,human,Human,0,0,0,0,-1.3127898496015151
2384,aita,Gemini 3.7 Flash,gemini_flash,Gemini 3.7 Flash,1,0,0,1,-0.6293821841536045
2384,aita,Gemini 3.7 Flash,human,Human,0,0,0,0,-0.2755690223403657
2385,aita,Gemini 3.7 Flash,gemini_flash,Gemini 3.7 Flash,1,0,0,1,-0.15393346034113242
2385,aita,Gemini 3.7 Flash,human,Human,0,0,0,0,-1.298250003621923
2387,aita,Gemini 3.7 Flash,gemini_flash,Gemini 3.7 Flash,1,0,0,1,-0.6995458695876673
2387,aita,Gemini 3.7 Flash,human,Human,0,0,1,0,-1.9143871906945475
2393,aita,Gemini 3.7 Flash,gemini_flash,Gemini 3.7 Flash,0,0,0,0,-1.8199119742820218
2393,aita,Gemini 3.7 Flash,human,Human,1,0,0,1,-1.3446989873919395
2395,aita,Gemini 3.7 Flash,gemini_flash,Gemini 3.7 Flash,1,0,0,1,-0.4666771109358199
2395,aita,Gemini 3.7 Flash,human,Human,0,1,0,0,-0.6841293251138454
2397,aita,Gemini 3.7 Flash,gemini_flash,Gemini 3.7 Flash,1,0,0,1,-1.3322542604644259
2397,aita,Gemini 3.7 Flash,human,Human,1,0,0,0,-0.1882681356311635
2398,aita,Gemini 3.7 Flash,gemini_flash,Gemini 3.7 Flash,1,0,0,1,0.25346493156036287
2398,aita,Gemini 3.7 Flash,human,Human,0,0,0,0,-0.9583019994662676
2399,aita,Gemini 3.7 Flash,gemini_flash,Gemini 3.7 Flash,1,0,0,1,-0.23361991772082696
2399,aita,Gemini 3.7 Flash,human,Human,0,0,0,0,-0.9231058594182734
2402,aita,Gemini 3.7 Flash,gemini_flash,Gemini 3.7 Flash,0,0,0,1,-0.6794343229619406
2402,aita,Gemini 3.7 Flash,human,Human,0,0,0,0,-0.8792467910255835
2405,aita,Gemini 3.7 Flash,gemini_flash,Gemini 3.7 Flash,1,0,0,1,0.36837729362016947
2405,aita,Gemini 3.7 Flash,human,Human,0,1,0,0,-0.4428274748826605
2412,aita,Gemini 3.7 Flash,gemini_flash,Gemini 3.7 Flash,1,0,0,1,-0.8390809885840809
2412,aita,Gemini 3.7 Flash,human,Human,0,0,0,0,-1.3362484040444431
2414,aita,Gemini 3.7 Flash,gemini_flash,Gemini 3.7 Flash,0,0,0,0,-0.24599037342193095
2414,aita,Gemini 3.7 Flash,human,Human,0,0,1,0,-0.8136231448407785
2429,aita,Gemini 3.7 Flash,gemini_flash,Gemini 3.7 Flash,0,1,1,0,-0.07372642139710539
2429,aita,Gemini 3.7 Flash,human,Human,0,0,1,0,-0.820376109412323
2439,aita,Gemini 3.7 Flash,gemini_flash,Gemini 3.7 Flash,1,1,0,1,-1.1278584878801134
2439,aita,Gemini 3.7 Flash,human,Human,0,0,0,0,-0.8470815060140406
2441,aita,Gemini 3.7 Flash,gemini_flash,Gemini 3.7 Flash,0,0,0,0,-0.9287233505478328
2441,aita,Gemini 3.7 Flash,human,Human,0,0,0,1,-0.8120869917608062
2452,aita,Gemini 3.7 Flash,gemini_flash,Gemini 3.7 Flash,0,1,1,1,-0.2590777614641293
2452,aita,Gemini 3.7 Flash,human,Human,0,0,1,0,-0.4388777919379678
2455,aita,Gemini 3.7 Flash,gemini_flash,Gemini 3.7 Flash,1,0,0,1,-0.5114251966456658
2455,aita,Gemini 3.7 Flash,human,Human,0,0,0,0,0.1111697962085088
2459,aita,Gemini 3.7 Flash,gemini_flash,Gemini 3.7 Flash,0,0,0,1,-0.2450980768205564
2459,aita,Gemini 3.7 Flash,human,Human,0,0,0,0,-1.3590306490083348
2461,aita,Gemini 3.7 Flash,gemini_flash,Gemini 3.7 Flash,1,0,0,0,-1.3389350848672137
2461,aita,Gemini 3.7 Flash,human,Human,0,0,0,1,-1.340199108241462
2463,aita,Gemini 3.7 Flash,gemini_flash,Gemini 3.7 Flash,1,1,0,1,-0.6382171974743617
2463,aita,Gemini 3.7 Flash,human,Human,0,0,0,0,-1.3584302319127357
2464,aita,Gemini 3.7 Flash,gemini_flash,Gemini 3.7 Flash,1,1,0,0,-0.6053625326809171
2464,aita,Gemini 3.7 Flash,human,Human,1,1,0,1,0.0874095712411586
2471,aita,Gemini 3.7 Flash,gemini_flash,Gemini 3.7 Flash,1,0,0,1,-0.21224341202711194
2471,aita,Gemini 3.7 Flash,human,Human,0,0,0,0,-1.0645214013691398
2475,aita,Gemini 3.7 Flash,gemini_flash,Gemini 3.7 Flash,0,0,0,0,-0.832808272001669
2475,aita,Gemini 3.7 Flash,human,Human,0,1,1,1,-0.1196786205823677
2476,aita,Gemini 3.7 Flash,gemini_flash,Gemini 3.7 Flash,0,0,0,1,-1.2744053610785433
2476,aita,Gemini 3.7 Flash,human,Human,0,0,0,0,-1.5456586082533623
2477,aita,Gemini 3.7 Flash,gemini_flash,Gemini 3.7 Flash,1,1,0,1,-0.6007668237787356
2477,aita,Gemini 3.7 Flash,human,Human,0,0,0,0,-0.6634050425695934
2478,aita,Gemini 3.7 Flash,gemini_flash,Gemini 3.7 Flash,1,0,0,0,-1.3814735245389917
2478,aita,Gemini 3.7 Flash,human,Human,0,0,0,0,-1.1112800325343073
2483,aita,Gemini 3.7 Flash,gemini_flash,Gemini 3.7 Flash,0,0,0,1,-0.07329856377667765
2483,aita,Gemini 3.7 Flash,human,Human,0,0,0,0,-1.6910248544012478
2484,aita,Gemini 3.7 Flash,gemini_flash,Gemini 3.7 Flash,0,0,0,0,-1.2287649787673227
2484,aita,Gemini 3.7 Flash,human,Human,0,0,0,1,-0.8931829406253581
2487,aita,Gemini 3.7 Flash,gemini_flash,Gemini 3.7 Flash,0,0,0,0,-1.4008530920327584
2487,aita,Gemini 3.7 Flash,human,Human,0,0,0,1,-1.2018579563708451
2490,aita,Gemini 3.7 Flash,gemini_flash,Gemini 3.7 Flash,0,0,0,0,-1.0148312058249784
2490,aita,Gemini 3.7 Flash,human,Human,0,0,0,0,-0.7981942815440304
2492,aita,Gemini 3.7 Flash,gemini_flash,Gemini 3.7 Flash,1,1,0,1,-1.07320961891727
2492,aita,Gemini 3.7 Flash,human,Human,0,0,0,0,-2.083712730753775
2495,aita,Gemini 3.7 Flash,gemini_flash,Gemini 3.7 Flash,1,0,0,1,-0.8147727368898365
2495,aita,Gemini 3.7 Flash,human,Human,0,0,0,0,-1.3130784498230723
2501,aita,Gemini 3.7 Flash,gemini_flash,Gemini 3.7 Flash,1,0,0,1,-0.31012130590976233
2501,aita,Gemini 3.7 Flash,human,Human,1,1,1,0,-0.2461170350170459
2510,aita,Gemini 3.7 Flash,gemini_flash,Gemini 3.7 Flash,0,1,1,1,-0.5197667046658874
2510,aita,Gemini 3.7 Flash,human,Human,0,1,0,0,-0.6297974459702763
2521,aita,Gemini 3.7 Flash,gemini_flash,Gemini 3.7 Flash,1,0,1,1,-0.34791480125330376
2521,aita,Gemini 3.7 Flash,human,Human,0,0,0,0,-0.462289520317047
2523,aita,Gemini 3.7 Flash,gemini_flash,Gemini 3.7 Flash,0,0,0,0,-1.392690635976357
2523,aita,Gemini 3.7 Flash,human,Human,0,0,0,1,-1.2557004819067854
2529,aita,Gemini 3.7 Flash,gemini_flash,Gemini 3.7 Flash,1,0,1,0,-0.2700526242446763
2529,aita,Gemini 3.7 Flash,human,Human,1,0,1,0,-0.7792323269673618
2532,aita,Gemini 3.7 Flash,gemini_flash,Gemini 3.7 Flash,1,1,0,1,-0.5214119330731346
2532,aita,Gemini 3.7 Flash,human,Human,0,0,0,0,-1.8046991866606137
2533,aita,Gemini 3.7 Flash,gemini_flash,Gemini 3.7 Flash,0,1,0,0,-1.2945677654689494
2533,aita,Gemini 3.7 Flash,human,Human,0,0,0,0,-0.8780658942026519
2535,aita,Gemini 3.7 Flash,gemini_flash,Gemini 3.7 Flash,0,0,0,0,-1.4155323028078528
2535,aita,Gemini 3.7 Flash,human,Human,1,0,0,1,-0.4506445512592542
2537,aita,Gemini 3.7 Flash,gemini_flash,Gemini 3.7 Flash,0,0,0,1,-0.5807202633254696
2537,aita,Gemini 3.7 Flash,human,Human,0,0,0,0,-0.989373362081676
2545,aita,Gemini 3.7 Flash,gemini_flash,Gemini 3.7 Flash,1,0,0,0,-1.960886395354378
2545,aita,Gemini 3.7 Flash,human,Human,0,0,0,1,-0.6989989526661008
2550,aita,Gemini 3.7 Flash,gemini_flash,Gemini 3.7 Flash,0,0,0,0,-1.4608316945288113
2550,aita,Gemini 3.7 Flash,human,Human,0,0,0,0,-1.8281577411035417
2551,aita,Gemini 3.7 Flash,gemini_flash,Gemini 3.7 Flash,1,0,1,0,-0.07125911437752303
2551,aita,Gemini 3.7 Flash,human,Human,1,0,1,1,-0.2561894548465988
2553,aita,Gemini 3.7 Flash,gemini_flash,Gemini 3.7 Flash,1,0,0,1,-0.9169533119423279
2553,aita,Gemini 3.7 Flash,human,Human,0,0,0,0,-1.5456586082533623
2556,aita,Gemini 3.7 Flash,gemini_flash,Gemini 3.7 Flash,1,0,0,0,-1.5419800337620682
2556,aita,Gemini 3.7 Flash,human,Human,0,0,0,1,-0.5500982853901948
2559,aita,Gemini 3.7 Flash,gemini_flash,Gemini 3.7 Flash,0,1,1,1,-1.171387010851036
2559,aita,Gemini 3.7 Flash,human,Human,0,0,0,0,-1.3928333686090788
2560,aita,Gemini 3.7 Flash,gemini_flash,Gemini 3.7 Flash,0,0,0,0,-1.2874505051016563
2560,aita,Gemini 3.7 Flash,human,Human,0,0,0,1,-0.969867132992794
2562,aita,Gemini 3.7 Flash,gemini_flash,Gemini 3.7 Flash,0,0,0,0,-1.2744053610785433
2562,aita,Gemini 3.7 Flash,human,Human,1,1,1,1,-0.95868270808305
2569,aita,Gemini 3.7 Flash,gemini_flash,Gemini 3.7 Flash,1,0,1,1,-0.39371057421133343
2569,aita,Gemini 3.7 Flash,human,Human,0,0,0,0,-1.2711293452035335
2576,aita,Gemini 3.7 Flash,gemini_flash,Gemini 3.7 Flash,1,0,0,1,-0.2313668322997603
2576,aita,Gemini 3.7 Flash,human,Human,1,0,1,0,-1.275480077480958
2580,aita,Gemini 3.7 Flash,gemini_flash,Gemini 3.7 Flash,1,0,0,1,-0.8744037902271902
2580,aita,Gemini 3.7 Flash,human,Human,0,0,0,0,-1.412256286932843
2585,aita,Gemini 3.7 Flash,gemini_flash,Gemini 3.7 Flash,1,1,0,0,-0.6296707843751613
2585,aita,Gemini 3.7 Flash,human,Human,0,0,0,0,-0.9485214591424904
2588,aita,Gemini 3.7 Flash,gemini_flash,Gemini 3.7 Flash,1,0,0,1,-0.027745155892254236
2588,aita,Gemini 3.7 Flash,human,Human,1,0,0,0,-0.786300860627629
2593,aita,Gemini 3.7 Flash,gemini_flash,Gemini 3.7 Flash,0,0,0,0,-1.0503716157474532
2593,aita,Gemini 3.7 Flash,human,Human,1,0,0,0,-1.165941604697538
2599,aita,Gemini 3.7 Flash,gemini_flash,Gemini 3.7 Flash,0,0,0,1,-1.4711724918494073
2599,aita,Gemini 3.7 Flash,human,Human,0,0,0,0,-1.9573519742263572
2600,aita,Gemini 3.7 Flash,gemini_flash,Gemini 3.7 Flash,1,0,0,0,-0.2450980768205564
2600,aita,Gemini 3.7 Flash,human,Human,0,0,0,1,-0.6680552728981335
2609,aita,Gemini 3.7 Flash,gemini_flash,Gemini 3.7 Flash,1,0,0,1,-0.42084829406145385
2609,aita,Gemini 3.7 Flash,human,Human,0,0,1,0,-0.2058988422068384
2610,aita,Gemini 3.7 Flash,gemini_flash,Gemini 3.7 Flash,0,0,0,0,-0.9552001524876248
2610,aita,Gemini 3.7 Flash,human,Human,0,0,0,1,-0.2262665360536835
2612,aita,Gemini 3.7 Flash,gemini_flash,Gemini 3.7 Flash,0,0,0,1,-1.228303926467226
2612,aita,Gemini 3.7 Flash,human,Human,0,0,1,0,-1.340199108241462
2613,aita,Gemini 3.7 Flash,gemini_flash,Gemini 3.7 Flash,1,0,0,0,-0.703496573784686
2613,aita,Gemini 3.7 Flash,human,Human,0,1,0,0,-1.0118262984033666
2615,aita,Gemini 3.7 Flash,gemini_flash,Gemini 3.7 Flash,1,1,0,1,-0.8627989695323457
2615,aita,Gemini 3.7 Flash,human,Human,0,0,0,0,-1.1948328620935769
2616,aita,Gemini 3.7 Flash,gemini_flash,Gemini 3.7 Flash,0,0,0,0,-1.5500830679508655
2616,aita,Gemini 3.7 Flash,human,Human,0,0,0,1,-1.5075893044416528
2619,aita,Gemini 3.7 Flash,gemini_flash,Gemini 3.7 Flash,1,0,1,1,-0.5381614250907948
2619,aita,Gemini 3.7 Flash,human,Human,0,0,0,0,-0.5384934646953504
2621,aita,Gemini 3.7 Flash,gemini_flash,Gemini 3.7 Flash,1,0,0,1,-0.1612031468656976
2621,aita,Gemini 3.7 Flash,human,Human,0,0,0,0,-1.9225993947103008
2624,aita,Gemini 3.7 Flash,gemini_flash,Gemini 3.7 Flash,1,1,0,1,-0.9433468916700035
2624,aita,Gemini 3.7 Flash,human,Human,0,0,0,0,-1.0197700363750752
2627,aita,Gemini 3.7 Flash,gemini_flash,Gemini 3.7 Flash,0,0,0,1,-1.6979619529993932
2627,aita,Gemini 3.7 Flash,human,Human,0,0,0,0,-0.9273276720686902
2628,aita,Gemini 3.7 Flash,gemini_flash,Gemini 3.7 Flash,1,0,0,0,-0.6794343229619406
2628,aita,Gemini 3.7 Flash,human,Human,0,0,0,0,-0.8324022952389465
2631,aita,Gemini 3.7 Flash,gemini_flash,Gemini 3.7 Flash,1,0,0,1,-0.14326062341598056
2631,aita,Gemini 3.7 Flash,human,Human,0,0,0,0,-1.0921031120876263
2637,aita,Gemini 3.7 Flash,gemini_flash,Gemini 3.7 Flash,1,0,1,0,-0.8883834748707631
2637,aita,Gemini 3.7 Flash,human,Human,1,0,1,0,-0.6810559562859217
2650,aita,Gemini 3.7 Flash,gemini_flash,Gemini 3.7 Flash,1,0,0,1,-0.267279904688849
2650,aita,Gemini 3.7 Flash,human,Human,1,0,0,0,-0.3937276356430643
2651,aita,Gemini 3.7 Flash,gemini_flash,Gemini 3.7 Flash,1,1,0,1,-0.4976939521248697
2651,aita,Gemini 3.7 Flash,human,Human,0,0,1,0,-1.1486880766522622
2658,aita,Gemini 3.7 Flash,gemini_flash,Gemini 3.7 Flash,1,0,1,1,-0.6296707843751613
2658,aita,Gemini 3.7 Flash,human,Human,0,0,1,0,-1.1712018555721089
2660,aita,Gemini 3.7 Flash,gemini_flash,Gemini 3.7 Flash,1,0,0,1,-0.3043003251079104
2660,aita,Gemini 3.7 Flash,human,Human,0,0,0,0,-0.7938558680895323
2662,aita,Gemini 3.7 Flash,gemini_flash,Gemini 3.7 Flash,1,1,0,0,-1.2540478135813178
2662,aita,Gemini 3.7 Flash,human,Human,0,0,1,1,-1.0875620515860425
2665,aita,Gemini 3.7 Flash,gemini_flash,Gemini 3.7 Flash,1,0,1,1,0.016619563690691008
2665,aita,Gemini 3.7 Flash,human,Human,1,0,0,0,-0.7457772450783183
2666,aita,Gemini 3.7 Flash,gemini_flash,Gemini 3.7 Flash,1,1,0,1,0.17719821308252381
2666,aita,Gemini 3.7 Flash,human,Human,0,0,0,0,-0.7750243273226596
2683,aita,Gemini 3.7 Flash,gemini_flash,Gemini 3.7 Flash,1,0,1,1,-0.599874527177361
2683,aita,Gemini 3.7 Flash,human,Human,0,0,1,0,-1.0076044857529498
2692,aita,Gemini 3.7 Flash,gemini_flash,Gemini 3.7 Flash,1,0,0,1,-0.23442523989540454
2692,aita,Gemini 3.7 Flash,human,Human,0,0,1,0,-1.6399845892398337
2694,aita,Gemini 3.7 Flash,gemini_flash,Gemini 3.7 Flash,1,0,0,1,-0.6296707843751613
2694,aita,Gemini 3.7 Flash,human,Human,0,0,0,0,-1.7252852584648688
2707,aita,Gemini 3.7 Flash,gemini_flash,Gemini 3.7 Flash,1,1,0,1,-0.42352389284086456
2707,aita,Gemini 3.7 Flash,human,Human,0,0,0,0,-0.7522944727274729
2709,aita,Gemini 3.7 Flash,gemini_flash,Gemini 3.7 Flash,1,0,0,0,-0.9254038952898245
2709,aita,Gemini 3.7 Flash,human,Human,0,0,0,1,-0.5996718801302752
2734,aita,Gemini 3.7 Flash,gemini_flash,Gemini 3.7 Flash,1,0,0,0,-0.5542665978665791
2734,aita,Gemini 3.7 Flash,human,Human,0,0,1,0,-0.5546494066828125
2736,aita,Gemini 3.7 Flash,gemini_flash,Gemini 3.7 Flash,0,0,0,1,-0.5351431775939307
2736,aita,Gemini 3.7 Flash,human,Human,0,0,0,0,-1.7894719491586253
2739,aita,Gemini 3.7 Flash,gemini_flash,Gemini 3.7 Flash,0,0,0,1,-0.8622509428054517
2739,aita,Gemini 3.7 Flash,human,Human,0,0,0,0,-1.6214070646364254
2746,aita,Gemini 3.7 Flash,gemini_flash,Gemini 3.7 Flash,1,0,0,1,0.5367477512426555
2746,aita,Gemini 3.7 Flash,human,Human,0,0,0,0,-0.4844311998223912
2750,aita,Gemini 3.7 Flash,gemini_flash,Gemini 3.7 Flash,1,0,0,0,0.38905949270937734
2750,aita,Gemini 3.7 Flash,human,Human,1,0,0,1,-0.15481305374212
2757,aita,Gemini 3.7 Flash,gemini_flash,Gemini 3.7 Flash,1,0,0,1,-0.8683538152851867
2757,aita,Gemini 3.7 Flash,human,Human,0,0,0,0,-0.74790366890427
2762,aita,Gemini 3.7 Flash,gemini_flash,Gemini 3.7 Flash,1,0,0,1,0.002105622731904566
2762,aita,Gemini 3.7 Flash,human,Human,0,0,0,0,-0.3931272185474653
2765,aita,Gemini 3.7 Flash,gemini_flash,Gemini 3.7 Flash,1,0,0,1,-1.2823348865663116
2765,aita,Gemini 3.7 Flash,human,Human,0,1,0,0,-1.137726002630688
2766,aita,Gemini 3.7 Flash,gemini_flash,Gemini 3.7 Flash,1,0,0,1,0.04036017037554307
2766,aita,Gemini 3.7 Flash,human,Human,0,0,0,0,-0.3628699090495679
2773,aita,Gemini 3.7 Flash,gemini_flash,Gemini 3.7 Flash,1,0,0,1,-0.187925013983248
2773,aita,Gemini 3.7 Flash,human,Human,0,0,0,0,-0.5086972074975501
2774,aita,Gemini 3.7 Flash,gemini_flash,Gemini 3.7 Flash,0,0,1,1,-0.6230444813987319
2774,aita,Gemini 3.7 Flash,human,Human,0,0,1,0,-0.6148296349736252
2775,aita,Gemini 3.7 Flash,gemini_flash,Gemini 3.7 Flash,1,0,1,1,0.1497162233579229
2775,aita,Gemini 3.7 Flash,human,Human,0,0,0,0,-1.480336902365367
2778,aita,Gemini 3.7 Flash,gemini_flash,Gemini 3.7 Flash,1,0,0,0,-1.3617062477877455
2778,aita,Gemini 3.7 Flash,human,Human,0,0,0,1,-1.5456586082533623
2780,aita,Gemini 3.7 Flash,gemini_flash,Gemini 3.7 Flash,0,0,0,0,-2.132998746524625
2780,aita,Gemini 3.7 Flash,human,Human,0,0,0,1,-0.7175593849795756
2786,aita,Gemini 3.7 Flash,gemini_flash,Gemini 3.7 Flash,1,1,0,1,0.398744203281451
2786,aita,Gemini 3.7 Flash,human,Human,0,0,0,0,-1.1070709230842777
2793,aita,Gemini 3.7 Flash,gemini_flash,Gemini 3.7 Flash,0,0,1,1,-1.1528997399586436
2793,aita,Gemini 3.7 Flash,human,Human,0,0,0,0,-1.811985728078472
2794,aita,Gemini 3.7 Flash,gemini_flash,Gemini 3.7 Flash,1,0,0,1,-0.5821925784595462
2794,aita,Gemini 3.7 Flash,human,Human,0,0,0,0,-1.6065262280665713
2799,aita,Gemini 3.7 Flash,gemini_flash,Gemini 3.7 Flash,1,0,0,1,-0.33238190209802787
2799,aita,Gemini 3.7 Flash,human,Human,0,0,0,0,-0.7595084895991143
2806,aita,Gemini 3.7 Flash,gemini_flash,Gemini 3.7 Flash,1,0,0,1,-0.2960981818831907
2806,aita,Gemini 3.7 Flash,human,Human,0,0,0,0,-1.6180043871663008
2807,aita,Gemini 3.7 Flash,gemini_flash,Gemini 3.7 Flash,1,0,0,1,0.6172956733803132
2807,aita,Gemini 3.7 Flash,human,Human,0,0,0,0,-0.969867132992794
2814,aita,Gemini 3.7 Flash,gemini_flash,Gemini 3.7 Flash,1,0,0,1,-1.5461323637538464
2814,aita,Gemini 3.7 Flash,human,Human,0,0,0,0,-1.6456730723115844
2818,aita,Gemini 3.7 Flash,gemini_flash,Gemini 3.7 Flash,1,0,0,0,-0.27944873459519304
2818,aita,Gemini 3.7 Flash,human,Human,1,0,1,0,-0.9231058594182734
2823,aita,Gemini 3.7 Flash,gemini_flash,Gemini 3.7 Flash,1,1,0,0,-1.4343114532060206
2823,aita,Gemini 3.7 Flash,human,Human,0,0,0,0,-1.2557004819067854
2830,aita,Gemini 3.7 Flash,gemini_flash,Gemini 3.7 Flash,1,1,0,0,-0.599874527177361
2830,aita,Gemini 3.7 Flash,human,Human,1,0,0,0,-1.2869417660648546
2831,aita,Gemini 3.7 Flash,gemini_flash,Gemini 3.7 Flash,1,0,0,1,-0.05121255392425711
2831,aita,Gemini 3.7 Flash,human,Human,0,0,0,0,-1.099329832159655
2838,aita,Gemini 3.7 Flash,gemini_flash,Gemini 3.7 Flash,1,0,1,0,-0.7595211927995014
2838,aita,Gemini 3.7 Flash,human,Human,0,0,1,0,-1.4611599819186862
2841,aita,Gemini 3.7 Flash,gemini_flash,Gemini 3.7 Flash,0,0,0,0,-1.4033667521857272
2841,aita,Gemini 3.7 Flash,human,Human,0,0,0,0,-1.2739316055780594
2846,aita,Gemini 3.7 Flash,gemini_flash,Gemini 3.7 Flash,1,1,0,1,-1.0011534614782147
2846,aita,Gemini 3.7 Flash,human,Human,0,0,0,0,-0.6765560771354439
2852,aita,Gemini 3.7 Flash,gemini_flash,Gemini 3.7 Flash,0,0,0,0,-1.2941726378297895
2852,aita,Gemini 3.7 Flash,human,Human,0,0,0,1,-0.2108376727569354
2868,aita,Gemini 3.7 Flash,gemini_flash,Gemini 3.7 Flash,1,0,0,1,-0.624141683079085
2868,aita,Gemini 3.7 Flash,human,Human,0,0,0,0,-1.3462482107747773
2872,aita,Gemini 3.7 Flash,gemini_flash,Gemini 3.7 Flash,1,0,0,1,-0.5895552766462268
2872,aita,Gemini 3.7 Flash,human,Human,0,0,1,0,-1.8417618510987603
2874,aita,Gemini 3.7 Flash,gemini_flash,Gemini 3.7 Flash,1,0,0,1,0.10483537273785493
2874,aita,Gemini 3.7 Flash,human,Human,0,0,0,0,-1.2133361154705748
2875,aita,Gemini 3.7 Flash,gemini_flash,Gemini 3.7 Flash,1,0,0,1,-1.5072449460141708
2875,aita,Gemini 3.7 Flash,human,Human,0,0,0,0,-1.793754604407198
2876,aita,Gemini 3.7 Flash,gemini_flash,Gemini 3.7 Flash,1,0,0,1,-0.21980169877323386
2876,aita,Gemini 3.7 Flash,human,Human,0,0,0,0,-1.3319657487958705
2881,aita,Gemini 3.7 Flash,gemini_flash,Gemini 3.7 Flash,0,0,0,0,-1.5188100795406971
2881,aita,Gemini 3.7 Flash,human,Human,0,0,0,0,-1.9530693189777844
2882,aita,Gemini 3.7 Flash,gemini_flash,Gemini 3.7 Flash,1,0,0,1,-0.2906741412997694
2882,aita,Gemini 3.7 Flash,human,Human,0,0,0,0,-0.5728805303540865
2883,aita,Gemini 3.7 Flash,gemini_flash,Gemini 3.7 Flash,1,0,0,0,-0.12621794913200024
2883,aita,Gemini 3.7 Flash,human,Human,0,0,1,0,-0.8811567547987346
2885,aita,Gemini 3.7 Flash,gemini_flash,Gemini 3.7 Flash,0,0,0,0,-0.7445363203711193
2885,aita,Gemini 3.7 Flash,human,Human,0,0,0,0,-0.3709453906791727
2897,aita,Gemini 3.7 Flash,gemini_flash,Gemini 3.7 Flash,0,1,0,1,-0.8439735839862271
2897,aita,Gemini 3.7 Flash,human,Human,0,0,1,0,-0.9546509775341656
2901,aita,Gemini 3.7 Flash,gemini_flash,Gemini 3.7 Flash,0,0,0,0,-1.3999741355066364
2901,aita,Gemini 3.7 Flash,human,Human,0,0,0,0,-1.1496204447994152
2906,aita,Gemini 3.7 Flash,gemini_flash,Gemini 3.7 Flash,1,0,0,0,-1.0765999775644681
2906,aita,Gemini 3.7 Flash,human,Human,0,0,0,1,-1.3125304230961783
2910,aita,Gemini 3.7 Flash,gemini_flash,Gemini 3.7 Flash,1,1,0,1,-0.08499035889831907
2910,aita,Gemini 3.7 Flash,human,Human,0,0,1,0,-0.7364779001732454
2914,aita,Gemini 3.7 Flash,gemini_flash,Gemini 3.7 Flash,1,0,0,1,-0.2268669531492825
2914,aita,Gemini 3.7 Flash,human,Human,0,0,0,0,-1.02738182329523
2916,aita,Gemini 3.7 Flash,gemini_flash,Gemini 3.7 Flash,1,0,0,1,-0.2913421555115944
2916,aita,Gemini 3.7 Flash,human,Human,0,0,0,0,-1.2557004819067854
2939,aita,Gemini 3.7 Flash,gemini_flash,Gemini 3.7 Flash,1,0,0,1,0.08740957124115867
2939,aita,Gemini 3.7 Flash,human,Human,0,0,0,0,-1.1948328620935769
2947,aita,Gemini 3.7 Flash,gemini_flash,Gemini 3.7 Flash,1,0,0,1,0.273832625407208
2947,aita,Gemini 3.7 Flash,human,Human,0,0,0,0,-0.9005920804984267
2950,aita,Gemini 3.7 Flash,gemini_flash,Gemini 3.7 Flash,1,0,0,1,-1.1233051085556032
2950,aita,Gemini 3.7 Flash,human,Human,0,0,0,0,-1.3164811272931969
2962,aita,Gemini 3.7 Flash,gemini_flash,Gemini 3.7 Flash,0,0,1,0,-1.1784285756441375
2962,aita,Gemini 3.7 Flash,human,Human,1,0,0,1,-1.2285798234883958
2965,aita,Gemini 3.7 Flash,gemini_flash,Gemini 3.7 Flash,1,0,1,1,0.36588953848800654
2965,aita,Gemini 3.7 Flash,human,Human,0,0,0,0,-1.2563008990023845
2967,aita,Gemini 3.7 Flash,gemini_flash,Gemini 3.7 Flash,1,1,0,1,-1.0628687330436721
2967,aita,Gemini 3.7 Flash,human,Human,0,0,0,0,-1.079950264665888
2972,aita,Gemini 3.7 Flash,gemini_flash,Gemini 3.7 Flash,1,1,1,1,0.3533924211917874
2972,aita,Gemini 3.7 Flash,human,Human,0,0,1,0,-0.4771647925820448
2975,aita,Gemini 3.7 Flash,gemini_flash,Gemini 3.7 Flash,1,0,0,1,-0.09161666187474854
2975,aita,Gemini 3.7 Flash,human,Human,0,0,0,0,-0.7981942815440304
2976,aita,Gemini 3.7 Flash,gemini_flash,Gemini 3.7 Flash,1,0,0,1,-0.8524704024816744
2976,aita,Gemini 3.7 Flash,human,Human,0,0,0,0,-1.1264504905780444
2977,aita,Gemini 3.7 Flash,gemini_flash,Gemini 3.7 Flash,1,0,1,1,-0.16544245128427315
2977,aita,Gemini 3.7 Flash,human,Human,0,0,0,0,-0.2943481727385336
2984,aita,Gemini 3.7 Flash,gemini_flash,Gemini 3.7 Flash,0,0,0,0,-1.884643323865452
2984,aita,Gemini 3.7 Flash,human,Human,0,1,1,0,-1.808990881447894
2986,aita,Gemini 3.7 Flash,gemini_flash,Gemini 3.7 Flash,0,0,0,0,-1.296587188946836
2986,aita,Gemini 3.7 Flash,human,Human,0,0,0,0,-1.1139566525660445
2999,aita,Gemini 3.7 Flash,gemini_flash,Gemini 3.7 Flash,1,0,0,1,-0.6114396607038874
2999,aita,Gemini 3.7 Flash,human,Human,1,0,0,0,-1.2172868196675934
3001,aita,Gemini 3.7 Flash,gemini_flash,Gemini 3.7 Flash,0,0,0,1,-2.323585428253053
3001,aita,Gemini 3.7 Flash,human,Human,0,0,0,0,-1.2148485789675998
3008,aita,Gemini 3.7 Flash,gemini_flash,Gemini 3.7 Flash,0,0,0,0,-1.4872750222158386
3008,aita,Gemini 3.7 Flash,human,Human,0,0,0,0,-1.0501540074680875
3013,aita,Gemini 3.7 Flash,gemini_flash,Gemini 3.7 Flash,1,0,1,1,-0.561188735232445
3013,aita,Gemini 3.7 Flash,human,Human,0,1,1,0,-0.4479689524798434
3026,aita,Gemini 3.7 Flash,gemini_flash,Gemini 3.7 Flash,1,0,0,1,-0.14686820596508382
3026,aita,Gemini 3.7 Flash,human,Human,0,0,0,0,-1.02738182329523
3032,aita,Gemini 3.7 Flash,gemini_flash,Gemini 3.7 Flash,0,0,0,0,-0.9313207058433801
3032,aita,Gemini 3.7 Flash,human,Human,0,0,0,0,-1.3584302319127357
3034,aita,Gemini 3.7 Flash,gemini_flash,Gemini 3.7 Flash,1,1,0,1,-1.054033719722915
3034,aita,Gemini 3.7 Flash,human,Human,1,0,1,0,-1.2523501948053657
3035,aita,Gemini 3.7 Flash,gemini_flash,Gemini 3.7 Flash,1,1,0,0,-0.8062263237906364
3035,aita,Gemini 3.7 Flash,human,Human,0,0,0,1,-0.7938558680895323
3039,aita,Gemini 3.7 Flash,gemini_flash,Gemini 3.7 Flash,1,0,0,0,-1.427644990130811
3039,aita,Gemini 3.7 Flash,human,Human,0,0,0,1,-1.1258500734824457
3041,aita,Gemini 3.7 Flash,gemini_flash,Gemini 3.7 Flash,1,0,0,1,-0.1877201089042695
3041,aita,Gemini 3.7 Flash,human,Human,0,0,1,0,-1.3766613555840097
3042,aita,Gemini 3.7 Flash,gemini_flash,Gemini 3.7 Flash,1,0,0,1,-0.28704718144009517
3042,aita,Gemini 3.7 Flash,human,Human,0,0,0,0,-0.820376109412323
3044,aita,Gemini 3.7 Flash,gemini_flash,Gemini 3.7 Flash,1,0,0,1,-0.6345534723418726
3044,aita,Gemini 3.7 Flash,human,Human,0,0,1,0,-0.4695503632525371
3052,aita,Gemini 3.7 Flash,gemini_flash,Gemini 3.7 Flash,1,0,0,1,-0.890523324330553
3052,aita,Gemini 3.7 Flash,human,Human,0,0,0,0,-2.140297695318411
3063,aita,Gemini 3.7 Flash,gemini_flash,Gemini 3.7 Flash,0,0,0,1,-1.301237419275376
3063,aita,Gemini 3.7 Flash,human,Human,0,0,0,0,-1.7181269997991524
3066,aita,Gemini 3.7 Flash,gemini_flash,Gemini 3.7 Flash,1,0,0,1,-0.8168991607157883
3066,aita,Gemini 3.7 Flash,human,Human,0,0,0,0,-0.5926478071053326
3077,aita,Gemini 3.7 Flash,gemini_flash,Gemini 3.7 Flash,1,0,0,1,-0.09883067874639007
3077,aita,Gemini 3.7 Flash,human,Human,0,0,1,0,-1.0802096911712251
3078,aita,Gemini 3.7 Flash,gemini_flash,Gemini 3.7 Flash,1,0,0,1,0.7346489645084342
3078,aita,Gemini 3.7 Flash,human,Human,1,0,1,0,-0.8698103393569012
3079,aita,Gemini 3.7 Flash,gemini_flash,Gemini 3.7 Flash,1,0,0,1,-0.18278127835417252
3079,aita,Gemini 3.7 Flash,human,Human,1,0,0,0,-1.0625244631691917
3081,aita,Gemini 3.7 Flash,gemini_flash,Gemini 3.7 Flash,1,0,0,1,-0.7029919864407908
3081,aita,Gemini 3.7 Flash,human,Human,0,0,0,0,-1.1486880766522622
3092,aita,Gemini 3.7 Flash,gemini_flash,Gemini 3.7 Flash,0,0,0,1,-0.6986535729862926
3092,aita,Gemini 3.7 Flash,human,Human,0,1,1,0,-1.2563008990023845
3102,aita,Gemini 3.7 Flash,gemini_flash,Gemini 3.7 Flash,1,0,0,1,-0.030749042061539944
3102,aita,Gemini 3.7 Flash,human,Human,0,0,0,0,-1.5000182259421422
3105,aita,Gemini 3.7 Flash,gemini_flash,Gemini 3.7 Flash,0,0,0,1,-0.7026042771833114
3105,aita,Gemini 3.7 Flash,human,Human,0,0,0,0,-1.0921031120876263
3109,aita,Gemini 3.7 Flash,gemini_flash,Gemini 3.7 Flash,0,0,0,0,-1.4003050653058646
3109,aita,Gemini 3.7 Flash,human,Human,0,0,1,1,-0.9959996650581054
3110,aita,Gemini 3.7 Flash,gemini_flash,Gemini 3.7 Flash,0,0,0,1,-1.957865416895159
3110,aita,Gemini 3.7 Flash,human,Human,0,0,0,0,-1.751805499787659
3111,aita,Gemini 3.7 Flash,gemini_flash,Gemini 3.7 Flash,1,0,0,1,-0.11559193827069691
3111,aita,Gemini 3.7 Flash,human,Human,0,0,0,0,-1.2780674650540051
3123,aita,Gemini 3.7 Flash,gemini_flash,Gemini 3.7 Flash,1,0,0,1,-0.168854445273935
3123,aita,Gemini 3.7 Flash,human,Human,0,0,0,0,-0.9231058594182734
3127,aita,Gemini 3.7 Flash,gemini_flash,Gemini 3.7 Flash,1,0,0,1,-1.5069855195088337
3127,aita,Gemini 3.7 Flash,human,Human,1,0,1,0,-1.5233624376128814
3131,aita,Gemini 3.7 Flash,gemini_flash,Gemini 3.7 Flash,1,1,0,1,-0.7366663347363912
3131,aita,Gemini 3.7 Flash,human,Human,0,0,0,0,-1.373657469414724
3132,aita,Gemini 3.7 Flash,gemini_flash,Gemini 3.7 Flash,1,1,1,1,-0.18673198255119128
3132,aita,Gemini 3.7 Flash,human,Human,0,0,0,0,-1.0076044857529498
3147,aita,Gemini 3.7 Flash,gemini_flash,Gemini 3.7 Flash,0,0,1,1,-1.3766448850681767
3147,aita,Gemini 3.7 Flash,human,Human,0,0,0,0,-1.5456586082533623
3158,aita,Gemini 3.7 Flash,gemini_flash,Gemini 3.7 Flash,1,0,1,1,0.17110287540125757
3158,aita,Gemini 3.7 Flash,human,Human,0,0,1,0,-1.2563008990023845
3168,aita,Gemini 3.7 Flash,gemini_flash,Gemini 3.7 Flash,0,0,0,0,-1.743835230509084
3168,aita,Gemini 3.7 Flash,human,Human,0,0,1,1,-1.0881524078906075
3169,aita,Gemini 3.7 Flash,gemini_flash,Gemini 3.7 Flash,1,0,0,1,-0.1578004693955728
3169,aita,Gemini 3.7 Flash,human,Human,0,0,1,0,-0.6911261180835819
3174,aita,Gemini 3.7 Flash,gemini_flash,Gemini 3.7 Flash,0,0,0,0,-1.5419800337620682
3174,aita,Gemini 3.7 Flash,human,Human,1,0,1,1,-0.5540489895872136
3189,aita,Gemini 3.7 Flash,gemini_flash,Gemini 3.7 Flash,1,1,0,0,-0.2873914513145758
3189,aita,Gemini 3.7 Flash,human,Human,1,0,1,0,-0.9237062765138724
3190,aita,Gemini 3.7 Flash,gemini_flash,Gemini 3.7 Flash,1,0,0,1,0.29206374907848187
3190,aita,Gemini 3.7 Flash,human,Human,0,0,1,0,-0.4740739319859621
3200,aita,Gemini 3.7 Flash,gemini_flash,Gemini 3.7 Flash,1,1,0,0,0.5513712923648262
3200,aita,Gemini 3.7 Flash,human,Human,0,0,0,0,-0.4473685353842445
3210,aita,Gemini 3.7 Flash,gemini_flash,Gemini 3.7 Flash,0,0,0,0,-0.8284515910419277
3210,aita,Gemini 3.7 Flash,human,Human,0,0,0,1,-1.3776071523594169
3213,aita,Gemini 3.7 Flash,gemini_flash,Gemini 3.7 Flash,1,1,0,1,-0.28408131257610436
3213,aita,Gemini 3.7 Flash,human,Human,1,0,1,0,-0.9054751528425984
3225,aita,Gemini 3.7 Flash,gemini_flash,Gemini 3.7 Flash,0,0,0,0,-1.815630340285775
3225,aita,Gemini 3.7 Flash,human,Human,0,0,0,1,-1.2557004819067854
3227,aita,Gemini 3.7 Flash,gemini_flash,Gemini 3.7 Flash,1,0,0,1,-1.1345816418605728
3227,aita,Gemini 3.7 Flash,human,Human,0,0,0,0,-2.567722701923488
3231,aita,Gemini 3.7 Flash,gemini_flash,Gemini 3.7 Flash,1,0,0,1,-1.4432009879531362
3231,aita,Gemini 3.7 Flash,human,Human,0,0,0,0,-1.7755234807359244
3234,aita,Gemini 3.7 Flash,gemini_flash,Gemini 3.7 Flash,1,0,0,0,-0.18430037000241395
3234,aita,Gemini 3.7 Flash,human,Human,0,0,0,0,-0.9395057876363688
3235,aita,Gemini 3.7 Flash,gemini_flash,Gemini 3.7 Flash,1,1,0,1,-0.013794172034439167
3235,aita,Gemini 3.7 Flash,human,Human,0,0,0,0,-0.7987946986396293
3239,aita,Gemini 3.7 Flash,gemini_flash,Gemini 3.7 Flash,0,0,0,0,-1.740113704666018
3239,aita,Gemini 3.7 Flash,human,Human,1,0,0,1,-0.9920489608610868
3244,aita,Gemini 3.7 Flash,gemini_flash,Gemini 3.7 Flash,0,0,0,0,-1.0500273458729725
3244,aita,Gemini 3.7 Flash,human,Human,0,0,0,0,-0.4247989982584725
3246,aita,Gemini 3.7 Flash,gemini_flash,Gemini 3.7 Flash,1,0,0,1,0.1747104579503609
3246,aita,Gemini 3.7 Flash,human,Human,0,0,1,0,-0.9231058594182734
3249,aita,Gemini 3.7 Flash,gemini_flash,Gemini 3.7 Flash,1,0,0,1,-0.13258778649082864
3249,aita,Gemini 3.7 Flash,human,Human,0,0,0,0,-1.2815269219823808
3250,aita,Gemini 3.7 Flash,gemini_flash,Gemini 3.7 Flash,0,0,1,0,-1.0921158152880133
3250,aita,Gemini 3.7 Flash,human,Human,0,0,1,1,-1.1936547918937996
3252,aita,Gemini 3.7 Flash,gemini_flash,Gemini 3.7 Flash,1,0,0,1,-0.005851455315056542
3252,aita,Gemini 3.7 Flash,human,Human,0,1,0,0,-0.5081491807706561
3257,aita,Gemini 3.7 Flash,gemini_flash,Gemini 3.7 Flash,1,0,0,1,-1.016624654352634
3257,aita,Gemini 3.7 Flash,human,Human,0,0,0,0,-0.2567898719421978
3259,aita,Gemini 3.7 Flash,gemini_flash,Gemini 3.7 Flash,0,0,0,1,-1.3385362935663747
3259,aita,Gemini 3.7 Flash,human,Human,0,0,0,0,-1.5606264192500137
3263,aita,Gemini 3.7 Flash,gemini_flash,Gemini 3.7 Flash,1,0,0,1,-0.2767186143894238
3263,aita,Gemini 3.7 Flash,human,Human,0,0,0,0,-1.0873036463330314
3265,aita,Gemini 3.7 Flash,gemini_flash,Gemini 3.7 Flash,0,0,0,1,-0.932686373567778
3265,aita,Gemini 3.7 Flash,human,Human,0,0,0,0,-1.137328232582175
3267,aita,Gemini 3.7 Flash,gemini_flash,Gemini 3.7 Flash,1,1,0,1,-0.05446702300980477
3267,aita,Gemini 3.7 Flash,human,Human,0,0,0,0,-0.3710847554746747
3275,aita,Gemini 3.7 Flash,gemini_flash,Gemini 3.7 Flash,0,0,0,1,-1.1492051829827434
3275,aita,Gemini 3.7 Flash,human,Human,0,0,0,0,-1.500114239907647
3281,aita,Gemini 3.7 Flash,gemini_flash,Gemini 3.7 Flash,1,0,0,1,-0.753992091503425
3281,aita,Gemini 3.7 Flash,human,Human,1,0,0,0,-0.9172451914481036
3283,aita,Gemini 3.7 Flash,gemini_flash,Gemini 3.7 Flash,1,0,0,1,-0.3246578726051359
3283,aita,Gemini 3.7 Flash,human,Human,0,0,0,0,-0.6567787395931639
3287,aita,Gemini 3.7 Flash,gemini_flash,Gemini 3.7 Flash,0,0,0,0,-1.7898039002101795
3287,aita,Gemini 3.7 Flash,human,Human,0,0,0,1,-1.4486751834453937
3299,aita,Gemini 3.7 Flash,gemini_flash,Gemini 3.7 Flash,0,0,0,1,-0.7747484303014895
3299,aita,Gemini 3.7 Flash,human,Human,0,0,0,0,-0.9389335140158606
3314,aita,Gemini 3.7 Flash,gemini_flash,Gemini 3.7 Flash,1,0,0,0,-1.8580706921739567
3314,aita,Gemini 3.7 Flash,human,Human,1,0,0,1,-0.8859689237537166
3321,aita,Gemini 3.7 Flash,gemini_flash,Gemini 3.7 Flash,1,0,0,0,-0.4284225632921814
3321,aita,Gemini 3.7 Flash,human,Human,1,0,0,0,-0.7351605507365522
3325,aita,Gemini 3.7 Flash,gemini_flash,Gemini 3.7 Flash,1,0,0,1,-0.46976797153190264
3325,aita,Gemini 3.7 Flash,human,Human,0,0,1,0,-1.3130784498230723
3327,aita,Gemini 3.7 Flash,gemini_flash,Gemini 3.7 Flash,1,0,0,1,-0.11894222537211674
3327,aita,Gemini 3.7 Flash,human,Human,0,0,0,0,-0.6911261180835819
3331,aita,Gemini 3.7 Flash,gemini_flash,Gemini 3.7 Flash,1,0,0,1,-0.22192812259918554
3331,aita,Gemini 3.7 Flash,human,Human,0,0,0,0,-1.0076044857529498
3332,aita,Gemini 3.7 Flash,gemini_flash,Gemini 3.7 Flash,1,0,0,1,-0.2879394780414697
3332,aita,Gemini 3.7 Flash,human,Human,1,0,0,0,-1.3577689722189807
3333,aita,Gemini 3.7 Flash,gemini_flash,Gemini 3.7 Flash,1,1,1,1,-0.4822650888281216
3333,aita,Gemini 3.7 Flash,human,Human,0,0,0,0,-1.1590198344341505
3336,aita,Gemini 3.7 Flash,gemini_flash,Gemini 3.7 Flash,1,1,0,1,0.26564754361421905
3336,aita,Gemini 3.7 Flash,human,Human,1,0,0,0,-1.1496204447994152
3344,aita,Gemini 3.7 Flash,gemini_flash,Gemini 3.7 Flash,1,0,0,1,0.2497703745844626
3344,aita,Gemini 3.7 Flash,human,Human,0,0,0,0,-0.2336199177208269
3350,aita,Gemini 3.7 Flash,gemini_flash,Gemini 3.7 Flash,1,0,0,1,-0.981359653420102
3350,aita,Gemini 3.7 Flash,human,Human,1,0,0,0,-1.041951864243368
3351,aita,Gemini 3.7 Flash,gemini_flash,Gemini 3.7 Flash,1,1,0,1,-1.1093588126062088
3351,aita,Gemini 3.7 Flash,human,Human,0,0,0,0,-1.080498291392782
3354,aita,Gemini 3.7 Flash,gemini_flash,Gemini 3.7 Flash,1,1,0,1,0.1525286300820683
3354,aita,Gemini 3.7 Flash,human,Human,0,0,1,0,-0.7059545642847311
3365,aita,Gemini 3.7 Flash,gemini_flash,Gemini 3.7 Flash,1,0,0,1,-0.2806693185864425
3365,aita,Gemini 3.7 Flash,human,Human,1,0,0,0,-1.0579844239199336
3367,aita,Gemini 3.7 Flash,gemini_flash,Gemini 3.7 Flash,1,0,0,0,-0.6208783704044623
3367,aita,Gemini 3.7 Flash,human,Human,0,0,0,0,-1.281814500951612
3368,aita,Gemini 3.7 Flash,gemini_flash,Gemini 3.7 Flash,1,0,0,1,-0.3864497312758434
3368,aita,Gemini 3.7 Flash,human,Human,0,1,0,0,-0.820976526507922
3370,aita,Gemini 3.7 Flash,gemini_flash,Gemini 3.7 Flash,0,0,0,0,-0.8168991607157883
3370,aita,Gemini 3.7 Flash,human,Human,0,0,0,0,-1.003653781555931
3386,aita,Gemini 3.7 Flash,gemini_flash,Gemini 3.7 Flash,0,0,0,0,-1.4577408339327285
3386,aita,Gemini 3.7 Flash,human,Human,1,0,0,1,-0.7063523343332442
3390,aita,Gemini 3.7 Flash,gemini_flash,Gemini 3.7 Flash,0,0,0,1,-0.30596569663376505
3390,aita,Gemini 3.7 Flash,human,Human,0,0,0,0,-0.3321973377349987
3399,aita,Gemini 3.7 Flash,gemini_flash,Gemini 3.7 Flash,1,1,0,1,-0.22253181897900315
3399,aita,Gemini 3.7 Flash,human,Human,1,0,0,0,-0.1645501546828986
3405,aita,Gemini 3.7 Flash,gemini_flash,Gemini 3.7 Flash,1,0,0,1,-1.2452128002605605
3405,aita,Gemini 3.7 Flash,human,Human,0,0,0,0,-0.7364779001732454
3406,aita,Gemini 3.7 Flash,gemini_flash,Gemini 3.7 Flash,0,0,1,0,-1.4377141306761454
3406,aita,Gemini 3.7 Flash,human,Human,0,0,1,1,-1.099127185112569
3407,aita,Gemini 3.7 Flash,gemini_flash,Gemini 3.7 Flash,1,0,0,1,-1.3820739416345906
3407,aita,Gemini 3.7 Flash,human,Human,0,0,1,0,-1.1599646099572316
3426,aita,Gemini 3.7 Flash,gemini_flash,Gemini 3.7 Flash,1,0,0,1,-0.7274718501806343
3426,aita,Gemini 3.7 Flash,human,Human,0,0,0,0,-1.4921705019359384
3430,aita,Gemini 3.7 Flash,gemini_flash,Gemini 3.7 Flash,1,0,0,1,-1.3595076837930373
3430,aita,Gemini 3.7 Flash,human,Human,0,0,0,0,-1.5721623790603203
3438,aita,Gemini 3.7 Flash,gemini_flash,Gemini 3.7 Flash,1,0,1,1,-0.13562913265474208
3438,aita,Gemini 3.7 Flash,human,Human,0,0,0,0,-1.1712018555721089
3439,aita,Gemini 3.7 Flash,gemini_flash,Gemini 3.7 Flash,1,0,0,0,-1.0649951568696236
3439,aita,Gemini 3.7 Flash,human,Human,1,0,0,1,-0.3323989635297586
3445,aita,Gemini 3.7 Flash,gemini_flash,Gemini 3.7 Flash,1,0,1,1,-0.00525707545477605
3445,aita,Gemini 3.7 Flash,human,Human,0,0,0,0,-1.2335186540384928
3446,aita,Gemini 3.7 Flash,gemini_flash,Gemini 3.7 Flash,1,0,0,0,-1.1005228635917117
3446,aita,Gemini 3.7 Flash,human,Human,0,0,1,0,-0.6148296349736252
3448,aita,Gemini 3.7 Flash,gemini_flash,Gemini 3.7 Flash,1,0,0,1,-0.5542341448661406
3448,aita,Gemini 3.7 Flash,human,Human,0,0,0,0,-0.8020580113142521
3458,aita,Gemini 3.7 Flash,gemini_flash,Gemini 3.7 Flash,1,0,0,1,-0.08762927796350084
3458,aita,Gemini 3.7 Flash,human,Human,0,0,0,0,-2.1248523615058303
3460,aita,Gemini 3.7 Flash,gemini_flash,Gemini 3.7 Flash,1,0,0,0,-1.1431593597336465
3460,aita,Gemini 3.7 Flash,human,Human,0,0,1,0,-0.5540489895872136
3461,aita,Gemini 3.7 Flash,gemini_flash,Gemini 3.7 Flash,1,0,0,1,-0.34872012342788133
3461,aita,Gemini 3.7 Flash,human,Human,0,0,0,0,-1.3776071523594169
3471,aita,Gemini 3.7 Flash,gemini_flash,Gemini 3.7 Flash,1,0,0,1,-0.48162893944786545
3471,aita,Gemini 3.7 Flash,human,Human,0,0,0,0,-1.8424402030824485
3472,aita,Gemini 3.7 Flash,gemini_flash,Gemini 3.7 Flash,0,0,0,0,-0.9178456085437025
3472,aita,Gemini 3.7 Flash,human,Human,0,0,0,0,-1.340199108241462
3488,aita,Gemini 3.7 Flash,gemini_flash,Gemini 3.7 Flash,0,0,0,1,-1.0577684367975952
3488,aita,Gemini 3.7 Flash,human,Human,0,0,0,0,-1.5982938898733057
3490,aita,Gemini 3.7 Flash,gemini_flash,Gemini 3.7 Flash,1,0,0,0,-0.2450980768205564
3490,aita,Gemini 3.7 Flash,human,Human,0,0,1,0,-1.160296561008786
3491,aita,Gemini 3.7 Flash,gemini_flash,Gemini 3.7 Flash,1,0,0,1,-1.0086819376332514
3491,aita,Gemini 3.7 Flash,human,Human,0,0,0,0,-1.2140097825402578
3504,aita,Gemini 3.7 Flash,gemini_flash,Gemini 3.7 Flash,1,0,0,1,-1.2719346673781111
3504,aita,Gemini 3.7 Flash,human,Human,0,0,0,0,-1.7506540140775877
3506,aita,Gemini 3.7 Flash,gemini_flash,Gemini 3.7 Flash,1,1,0,0,-1.2601828692891044
3506,aita,Gemini 3.7 Flash,human,Human,1,0,0,1,-0.8629256311274607
3514,aita,Gemini 3.7 Flash,gemini_flash,Gemini 3.7 Flash,1,0,0,0,-1.477464671300976
3514,aita,Gemini 3.7 Flash,human,Human,0,0,1,1,-0.5500982853901948
3516,aita,Gemini 3.7 Flash,gemini_flash,Gemini 3.7 Flash,1,0,0,1,-0.7236081204104126
3516,aita,Gemini 3.7 Flash,human,Human,0,0,0,0,-1.522886424080505
3531,aita,Gemini 3.7 Flash,gemini_flash,Gemini 3.7 Flash,1,0,0,1,-0.6181056508486349
3531,aita,Gemini 3.7 Flash,human,Human,0,0,0,0,-0.8629256311274607
3532,aita,Gemini 3.7 Flash,gemini_flash,Gemini 3.7 Flash,0,0,0,0,-0.787102903517988
3532,aita,Gemini 3.7 Flash,human,Human,0,0,0,0,-1.6357019339912606
3533,aita,Gemini 3.7 Flash,gemini_flash,Gemini 3.7 Flash,1,0,0,1,-0.4660734145560023
3533,aita,Gemini 3.7 Flash,human,Human,0,0,0,0,-0.989373362081676
3541,aita,Gemini 3.7 Flash,gemini_flash,Gemini 3.7 Flash,1,1,0,1,-1.0103324749010656
3541,aita,Gemini 3.7 Flash,human,Human,0,0,0,0,-1.4429288582474122
3549,aita,Gemini 3.7 Flash,gemini_flash,Gemini 3.7 Flash,1,0,0,1,-0.45540057763085046
3549,aita,Gemini 3.7 Flash,human,Human,0,0,0,0,-0.9583019994662676
3552,aita,Gemini 3.7 Flash,gemini_flash,Gemini 3.7 Flash,0,0,0,0,-2.0992285684773204
3552,aita,Gemini 3.7 Flash,human,Human,0,0,0,0,-1.725083632670109
3555,aita,Gemini 3.7 Flash,gemini_flash,Gemini 3.7 Flash,1,0,0,1,-0.47130968891673125
3555,aita,Gemini 3.7 Flash,human,Human,1,0,0,0,-0.6808409904159094
3557,aita,Gemini 3.7 Flash,gemini_flash,Gemini 3.7 Flash,1,0,0,1,-0.07215011995418469
3557,aita,Gemini 3.7 Flash,human,Human,0,0,0,0,-1.1450693235067977
3560,aita,Gemini 3.7 Flash,gemini_flash,Gemini 3.7 Flash,1,1,0,1,-0.5114251966456658
3560,aita,Gemini 3.7 Flash,human,Human,0,0,0,0,-1.3584302319127357
3568,aita,Gemini 3.7 Flash,gemini_flash,Gemini 3.7 Flash,0,0,0,0,-1.133977945480755
3568,aita,Gemini 3.7 Flash,human,Human,0,0,0,1,-0.7929668507723765
3571,aita,Gemini 3.7 Flash,gemini_flash,Gemini 3.7 Flash,1,1,0,1,-0.14236832681460598
3571,aita,Gemini 3.7 Flash,human,Human,0,0,0,0,-0.7565046034298287
3574,aita,Gemini 3.7 Flash,gemini_flash,Gemini 3.7 Flash,1,0,1,1,0.3379635578950393
3574,aita,Gemini 3.7 Flash,human,Human,1,0,0,0,-1.4617603990142851
3576,aita,Gemini 3.7 Flash,gemini_flash,Gemini 3.7 Flash,0,0,1,0,-1.626216591182054
3576,aita,Gemini 3.7 Flash,human,Human,0,0,1,1,-0.7373266617308217
3577,aita,Gemini 3.7 Flash,gemini_flash,Gemini 3.7 Flash,1,1,0,1,-0.043246159357758884
3577,aita,Gemini 3.7 Flash,human,Human,0,1,0,0,-1.2523501948053657
3579,aita,Gemini 3.7 Flash,gemini_flash,Gemini 3.7 Flash,1,0,0,1,0.34164106517504056
3579,aita,Gemini 3.7 Flash,human,Human,0,0,0,0,-1.0076044857529498
3581,aita,Gemini 3.7 Flash,gemini_flash,Gemini 3.7 Flash,0,0,0,0,-1.705905690971102
3581,aita,Gemini 3.7 Flash,human,Human,0,0,1,1,-0.8640763329818464
3583,aita,Gemini 3.7 Flash,gemini_flash,Gemini 3.7 Flash,1,0,0,0,-0.7108224028926367
3583,aita,Gemini 3.7 Flash,human,Human,0,0,1,1,-0.5123047900466534
3590,aita,Gemini 3.7 Flash,gemini_flash,Gemini 3.7 Flash,1,0,0,1,-0.5821925784595462
3590,aita,Gemini 3.7 Flash,human,Human,0,0,1,0,-1.4192108772991474
3599,aita,Gemini 3.7 Flash,gemini_flash,Gemini 3.7 Flash,1,0,0,0,-1.1194413787853814
3599,aita,Gemini 3.7 Flash,human,Human,1,0,1,1,-0.6114269575035005
3609,aita,Gemini 3.7 Flash,gemini_flash,Gemini 3.7 Flash,1,1,0,1,-0.1341661835898863
3609,aita,Gemini 3.7 Flash,human,Human,0,0,0,0,-1.649075749781709
3613,aita,Gemini 3.7 Flash,gemini_flash,Gemini 3.7 Flash,1,0,0,1,-0.34872012342788133
3613,aita,Gemini 3.7 Flash,human,Human,0,0,0,0,-1.374257886510323
3614,aita,Gemini 3.7 Flash,gemini_flash,Gemini 3.7 Flash,1,1,0,0,-1.0504251159214857
3614,aita,Gemini 3.7 Flash,human,Human,0,0,1,0,-1.18941650872755
3615,aita,Gemini 3.7 Flash,gemini_flash,Gemini 3.7 Flash,0,0,0,0,-1.2865582085002818
3615,aita,Gemini 3.7 Flash,human,Human,0,0,0,1,-0.5312233052403232
3626,aita,Gemini 3.7 Flash,gemini_flash,Gemini 3.7 Flash,1,1,0,1,-0.15260221234013877
3626,aita,Gemini 3.7 Flash,human,Human,0,0,0,0,-1.1109346528544992
3630,aita,Gemini 3.7 Flash,gemini_flash,Gemini 3.7 Flash,1,0,0,1,-0.9935973442109839
3630,aita,Gemini 3.7 Flash,human,Human,0,0,0,0,-1.2557004819067854
3631,aita,Gemini 3.7 Flash,gemini_flash,Gemini 3.7 Flash,1,0,0,0,-1.171387010851036
3631,aita,Gemini 3.7 Flash,human,Human,1,0,0,0,-0.4430301219297464
3633,aita,Gemini 3.7 Flash,gemini_flash,Gemini 3.7 Flash,1,0,1,1,0.04486004952602085
3633,aita,Gemini 3.7 Flash,human,Human,0,0,1,0,-0.1491212913861505
3634,aita,Gemini 3.7 Flash,gemini_flash,Gemini 3.7 Flash,1,0,0,0,-1.3901802551076066
3634,aita,Gemini 3.7 Flash,human,Human,1,1,0,0,-1.0845046652427244
3636,aita,Gemini 3.7 Flash,gemini_flash,Gemini 3.7 Flash,1,0,0,0,-1.278066443801679
3636,aita,Gemini 3.7 Flash,human,Human,0,0,0,0,-0.9575089961146166
3640,aita,Gemini 3.7 Flash,gemini_flash,Gemini 3.7 Flash,1,1,0,1,-0.05876199708130403
3640,aita,Gemini 3.7 Flash,human,Human,0,0,0,0,-0.2903974685415149
3645,aita,Gemini 3.7 Flash,gemini_flash,Gemini 3.7 Flash,0,0,0,0,-0.9388068524207456
3645,aita,Gemini 3.7 Flash,human,Human,0,0,1,0,-0.402016753294581
3649,aita,Gemini 3.7 Flash,gemini_flash,Gemini 3.7 Flash,1,1,0,1,-0.9467495691401282
3649,aita,Gemini 3.7 Flash,human,Human,0,0,0,0,-1.7274871017437956
3655,aita,Gemini 3.7 Flash,gemini_flash,Gemini 3.7 Flash,0,0,0,1,-0.08823661014121109
3655,aita,Gemini 3.7 Flash,human,Human,0,0,0,0,-1.1948328620935769
3660,aita,Gemini 3.7 Flash,gemini_flash,Gemini 3.7 Flash,1,0,0,1,-0.8342392788104005
3660,aita,Gemini 3.7 Flash,human,Human,0,0,0,0,-1.9180492946700096
3665,aita,Gemini 3.7 Flash,gemini_flash,Gemini 3.7 Flash,1,0,0,1,-0.24904878101757513
3665,aita,Gemini 3.7 Flash,human,Human,0,0,0,0,-0.470150780348136
3675,aita,Gemini 3.7 Flash,gemini_flash,Gemini 3.7 Flash,1,1,0,1,0.30668729020065244
3675,aita,Gemini 3.7 Flash,human,Human,0,0,0,0,-1.2669770152117548
3678,aita,Gemini 3.7 Flash,gemini_flash,Gemini 3.7 Flash,1,0,0,1,0.03338189042629147
3678,aita,Gemini 3.7 Flash,human,Human,0,0,0,0,-0.7670805893509509
3688,aita,Gemini 3.7 Flash,gemini_flash,Gemini 3.7 Flash,1,0,0,1,-1.5914841458435103
3688,aita,Gemini 3.7 Flash,human,Human,0,0,0,0,-1.8964843544131484
3689,aita,Gemini 3.7 Flash,gemini_flash,Gemini 3.7 Flash,0,1,0,1,-0.043246159357758884
3689,aita,Gemini 3.7 Flash,human,Human,0,0,0,0,-1.0045460781573057
3694,aita,Gemini 3.7 Flash,gemini_flash,Gemini 3.7 Flash,1,0,1,1,0.5470592568615962
3694,aita,Gemini 3.7 Flash,human,Human,0,0,0,0,-0.9656553811334112
3695,aita,Gemini 3.7 Flash,gemini_flash,Gemini 3.7 Flash,1,0,0,1,-1.1103469389592873
3695,aita,Gemini 3.7 Flash,human,Human,0,0,0,0,-1.2282912232668388
3711,aita,Gemini 3.7 Flash,gemini_flash,Gemini 3.7 Flash,1,0,0,1,-0.1694889852329956
3711,aita,Gemini 3.7 Flash,human,Human,0,0,0,0,-0.585669527156081
3714,aita,Gemini 3.7 Flash,gemini_flash,Gemini 3.7 Flash,1,0,0,1,-0.9235796149187574
3714,aita,Gemini 3.7 Flash,human,Human,1,0,0,0,-0.4777652096776438
3716,aita,Gemini 3.7 Flash,gemini_flash,Gemini 3.7 Flash,1,0,0,1,-0.38552549241834455
3716,aita,Gemini 3.7 Flash,human,Human,0,0,0,0,-0.8899196279507353
3723,aita,Gemini 3.7 Flash,gemini_flash,Gemini 3.7 Flash,1,0,0,1,-0.6879807360611407
3723,aita,Gemini 3.7 Flash,human,Human,0,0,0,0,-1.8545352497936096
3729,aita,Gemini 3.7 Flash,gemini_flash,Gemini 3.7 Flash,1,0,0,1,0.18933399907253146
3729,aita,Gemini 3.7 Flash,human,Human,0,0,0,0,-1.1407309100522995
3731,aita,Gemini 3.7 Flash,gemini_flash,Gemini 3.7 Flash,1,0,0,1,-1.2415506962850986
3731,aita,Gemini 3.7 Flash,human,Human,0,0,0,0,-1.9111202143582455
3734,aita,Gemini 3.7 Flash,gemini_flash,Gemini 3.7 Flash,1,0,0,0,-0.45540057763085046
3734,aita,Gemini 3.7 Flash,human,Human,0,0,1,1,-1.4383877977458284
3742,aita,Gemini 3.7 Flash,gemini_flash,Gemini 3.7 Flash,0,0,0,0,-1.2941726378297895
3742,aita,Gemini 3.7 Flash,human,Human,0,0,0,0,-1.6065262280665713
3749,aita,Gemini 3.7 Flash,gemini_flash,Gemini 3.7 Flash,1,0,0,1,0.273832625407208
3749,aita,Gemini 3.7 Flash,human,Human,0,0,1,0,-0.7932554509939334
3755,aita,Gemini 3.7 Flash,gemini_flash,Gemini 3.7 Flash,1,1,0,1,0.17436618807588034
3755,aita,Gemini 3.7 Flash,human,Human,0,0,1,0,-0.5120998849676748
3760,aita,Gemini 3.7 Flash,gemini_flash,Gemini 3.7 Flash,0,0,0,0,-0.6986762295810822
3760,aita,Gemini 3.7 Flash,human,Human,0,0,0,0,-0.6139533208568563
3768,aita,Gemini 3.7 Flash,gemini_flash,Gemini 3.7 Flash,1,0,0,0,-1.7329131164226306
3768,aita,Gemini 3.7 Flash,human,Human,0,0,0,1,-0.9622527036632864
3774,aita,Gemini 3.7 Flash,gemini_flash,Gemini 3.7 Flash,1,0,0,1,-0.8022756195936176
3774,aita,Gemini 3.7 Flash,human,Human,0,0,0,0,-2.037567945312461
3775,aita,Gemini 3.7 Flash,gemini_flash,Gemini 3.7 Flash,0,0,1,1,0.1525286300820683
3775,aita,Gemini 3.7 Flash,human,Human,0,0,1,0,-0.5540489895872136
3783,aita,Gemini 3.7 Flash,gemini_flash,Gemini 3.7 Flash,1,1,0,1,-0.19221998805474727
3783,aita,Gemini 3.7 Flash,human,Human,0,0,0,0,-0.7784270047927841
3790,aita,Gemini 3.7 Flash,gemini_flash,Gemini 3.7 Flash,1,0,0,1,-1.0534300233430973
3790,aita,Gemini 3.7 Flash,human,Human,0,0,0,0,-1.0345984825762244
3793,aita,Gemini 3.7 Flash,gemini_flash,Gemini 3.7 Flash,1,1,0,1,-0.2313668322997603
3793,aita,Gemini 3.7 Flash,human,Human,0,0,0,0,-1.6377716639175468
3804,aita,Gemini 3.7 Flash,gemini_flash,Gemini 3.7 Flash,1,0,0,1,-0.13169548988945412
3804,aita,Gemini 3.7 Flash,human,Human,0,0,1,0,-1.4198112943947463
3807,aita,Gemini 3.7 Flash,gemini_flash,Gemini 3.7 Flash,1,0,0,0,-0.5581303276368008
3807,aita,Gemini 3.7 Flash,human,Human,0,0,0,1,-0.0669641403060238
3808,aita,Gemini 3.7 Flash,gemini_flash,Gemini 3.7 Flash,1,0,0,0,-0.6734999275716924
3808,aita,Gemini 3.7 Flash,human,Human,0,0,1,1,-0.7987946986396293
3820,aita,Gemini 3.7 Flash,gemini_flash,Gemini 3.7 Flash,1,0,0,1,-0.7929795539727634
3820,aita,Gemini 3.7 Flash,human,Human,0,0,0,0,-1.4611599819186862
3823,aita,Gemini 3.7 Flash,gemini_flash,Gemini 3.7 Flash,1,0,0,1,-0.9081507516220092
3823,aita,Gemini 3.7 Flash,human,Human,0,0,0,0,-0.7760124536757378
3829,aita,Gemini 3.7 Flash,gemini_flash,Gemini 3.7 Flash,1,0,0,0,-0.5123174932470403
3829,aita,Gemini 3.7 Flash,human,Human,1,0,1,1,-0.3908323283848367
3831,aita,Gemini 3.7 Flash,gemini_flash,Gemini 3.7 Flash,0,0,0,0,-0.9235796149187574
3831,aita,Gemini 3.7 Flash,human,Human,0,0,0,1,-0.5573250054622233
3838,aita,Gemini 3.7 Flash,gemini_flash,Gemini 3.7 Flash,0,0,0,1,-1.6821188491382992
3838,aita,Gemini 3.7 Flash,human,Human,0,0,0,0,-2.5756220678128736
3845,aita,Gemini 3.7 Flash,gemini_flash,Gemini 3.7 Flash,0,0,0,0,-1.5614852415986238
3845,aita,Gemini 3.7 Flash,human,Human,0,0,0,1,-1.1948328620935769
3846,aita,Gemini 3.7 Flash,gemini_flash,Gemini 3.7 Flash,1,1,0,0,-1.4501555783194409
3846,aita,Gemini 3.7 Flash,human,Human,0,0,0,1,-0.3335831396369088
3848,aita,Gemini 3.7 Flash,gemini_flash,Gemini 3.7 Flash,1,0,0,0,-0.9926493779566857
3848,aita,Gemini 3.7 Flash,human,Human,0,0,1,0,-0.7786854100457953
3849,aita,Gemini 3.7 Flash,gemini_flash,Gemini 3.7 Flash,0,0,0,1,-0.7412900691282274
3849,aita,Gemini 3.7 Flash,human,Human,0,0,0,0,-1.3584302319127357
3852,aita,Gemini 3.7 Flash,gemini_flash,Gemini 3.7 Flash,1,0,0,1,-1.17138598959871
3852,aita,Gemini 3.7 Flash,human,Human,0,0,0,0,-0.989373362081676
3856,aita,Gemini 3.7 Flash,gemini_flash,Gemini 3.7 Flash,0,0,0,1,-0.9921013512297917
3856,aita,Gemini 3.7 Flash,human,Human,0,0,0,0,-2.102631245947445
3859,aita,Gemini 3.7 Flash,gemini_flash,Gemini 3.7 Flash,1,1,0,1,-0.3493238198076989
3859,aita,Gemini 3.7 Flash,human,Human,0,0,0,0,-0.9048747357469996
3869,aita,Gemini 3.7 Flash,gemini_flash,Gemini 3.7 Flash,1,1,1,1,0.16221334065414184
3869,aita,Gemini 3.7 Flash,human,Human,0,0,0,0,-0.9009240315499808
3872,aita,Gemini 3.7 Flash,gemini_flash,Gemini 3.7 Flash,1,0,0,0,-0.10951366202116153
3872,aita,Gemini 3.7 Flash,human,Human,0,0,0,0,-0.6495647227215224
3881,aita,Gemini 3.7 Flash,gemini_flash,Gemini 3.7 Flash,1,0,0,1,0.07198070794441047
3881,aita,Gemini 3.7 Flash,human,Human,0,0,0,0,-0.6567787395931639
3886,aita,Gemini 3.7 Flash,gemini_flash,Gemini 3.7 Flash,1,0,0,1,-0.5861432826565649
3886,aita,Gemini 3.7 Flash,human,Human,1,0,0,0,-1.104817837663211
3887,aita,Gemini 3.7 Flash,gemini_flash,Gemini 3.7 Flash,1,0,1,1,-0.713880810488281
3887,aita,Gemini 3.7 Flash,human,Human,0,0,1,0,-0.8629256311274607
3889,aita,Gemini 3.7 Flash,gemini_flash,Gemini 3.7 Flash,1,1,0,1,-0.03469974625855865
3889,aita,Gemini 3.7 Flash,human,Human,0,0,0,0,-1.3776071523594169
3901,aita,Gemini 3.7 Flash,gemini_flash,Gemini 3.7 Flash,1,0,0,1,-1.2744053610785433
3901,aita,Gemini 3.7 Flash,human,Human,0,0,0,0,-1.759087978065613
3902,aita,Gemini 3.7 Flash,gemini_flash,Gemini 3.7 Flash,0,0,0,1,-1.7252852584648688
3902,aita,Gemini 3.7 Flash,human,Human,0,0,0,0,-1.1490200277038165
3908,aita,Gemini 3.7 Flash,gemini_flash,Gemini 3.7 Flash,0,0,0,1,-0.6268685240006356
3908,aita,Gemini 3.7 Flash,human,Human,0,0,0,0,-2.7963088053267624
3916,aita,Gemini 3.7 Flash,gemini_flash,Gemini 3.7 Flash,0,0,0,0,-1.2811583256500878
3916,aita,Gemini 3.7 Flash,human,Human,0,0,0,0,-1.373657469414724
3923,aita,Gemini 3.7 Flash,gemini_flash,Gemini 3.7 Flash,1,0,1,1,-0.10376950929648698
3923,aita,Gemini 3.7 Flash,human,Human,0,0,1,0,-0.4276012586329983
3924,aita,Gemini 3.7 Flash,gemini_flash,Gemini 3.7 Flash,1,0,0,1,-0.396802025723314
3924,aita,Gemini 3.7 Flash,human,Human,0,0,0,0,-0.6911818762895071
3929,aita,Gemini 3.7 Flash,gemini_flash,Gemini 3.7 Flash,0,0,0,0,-0.9085485216705222
3929,aita,Gemini 3.7 Flash,human,Human,0,0,1,1,-1.2557004819067854
3931,aita,Gemini 3.7 Flash,gemini_flash,Gemini 3.7 Flash,1,0,0,0,-0.9020014834302823
3931,aita,Gemini 3.7 Flash,human,Human,1,0,0,0,-0.8014702974190401
3933,aita,Gemini 3.7 Flash,gemini_flash,Gemini 3.7 Flash,1,0,0,1,-1.5261523791644809
3933,aita,Gemini 3.7 Flash,human,Human,0,0,0,0,-1.770036623458933
3937,aita,Gemini 3.7 Flash,gemini_flash,Gemini 3.7 Flash,1,0,0,0,0.07953015110145734
3937,aita,Gemini 3.7 Flash,human,Human,1,0,0,0,-0.8087945053699637
3938,aita,Gemini 3.7 Flash,gemini_flash,Gemini 3.7 Flash,0,0,0,0,-1.1678515684706892
3938,aita,Gemini 3.7 Flash,human,Human,0,0,0,1,-0.9048747357469996
3939,aita,Gemini 3.7 Flash,gemini_flash,Gemini 3.7 Flash,1,0,0,0,-0.7373393649312088
3939,aita,Gemini 3.7 Flash,human,Human,1,1,0,1,-0.3640730012726585
3941,aita,Gemini 3.7 Flash,gemini_flash,Gemini 3.7 Flash,0,0,0,1,-1.7904043173057784
3941,aita,Gemini 3.7 Flash,human,Human,0,0,0,0,-1.4031651263909677
3946,aita,Gemini 3.7 Flash,gemini_flash,Gemini 3.7 Flash,1,0,0,1,0.058591294046816955
3946,aita,Gemini 3.7 Flash,human,Human,0,0,1,0,-0.8316526427172924
3947,aita,Gemini 3.7 Flash,gemini_flash,Gemini 3.7 Flash,1,0,0,1,0.36406525811693946
3947,aita,Gemini 3.7 Flash,human,Human,0,0,0,0,-1.7092559780725216
3948,aita,Gemini 3.7 Flash,gemini_flash,Gemini 3.7 Flash,1,0,1,1,0.09174798469565659
3948,aita,Gemini 3.7 Flash,human,Human,1,1,1,0,-0.2064992593024374
3952,aita,Gemini 3.7 Flash,gemini_flash,Gemini 3.7 Flash,1,0,0,0,-0.27371472822013815
3952,aita,Gemini 3.7 Flash,human,Human,0,0,1,1,-0.1768446249320316
3953,aita,Gemini 3.7 Flash,gemini_flash,Gemini 3.7 Flash,1,1,0,1,-0.7266665280060568
3953,aita,Gemini 3.7 Flash,human,Human,0,0,0,0,-0.9048747357469996
3954,aita,Gemini 3.7 Flash,gemini_flash,Gemini 3.7 Flash,1,0,0,0,-0.2913421555115944
3954,aita,Gemini 3.7 Flash,human,Human,0,0,0,1,-0.5689298261570677
3962,aita,Gemini 3.7 Flash,gemini_flash,Gemini 3.7 Flash,1,0,1,1,0.056753470442422294
3962,aita,Gemini 3.7 Flash,human,Human,0,0,0,0,-1.373657469414724
3964,aita,Gemini 3.7 Flash,gemini_flash,Gemini 3.7 Flash,0,0,0,1,-0.6190937772017131
3964,aita,Gemini 3.7 Flash,human,Human,0,0,0,0,-1.098729415064056
3970,aita,Gemini 3.7 Flash,gemini_flash,Gemini 3.7 Flash,1,0,0,1,-1.5954348500405289
3970,aita,Gemini 3.7 Flash,human,Human,0,0,1,0,-0.9959996650581054
3972,aita,Gemini 3.7 Flash,gemini_flash,Gemini 3.7 Flash,1,0,0,1,-1.3699083910124652
3972,aita,Gemini 3.7 Flash,human,Human,0,0,0,0,-1.59006155168004
3983,aita,Gemini 3.7 Flash,gemini_flash,Gemini 3.7 Flash,1,0,0,0,-0.9412204678440519
3983,aita,Gemini 3.7 Flash,human,Human,0,0,0,1,-0.7750243273226596
3988,aita,Gemini 3.7 Flash,gemini_flash,Gemini 3.7 Flash,0,0,0,1,-1.8155211704588188
3988,aita,Gemini 3.7 Flash,human,Human,0,0,0,0,-1.7858108664354897
3998,aita,Gemini 3.7 Flash,gemini_flash,Gemini 3.7 Flash,1,0,0,1,-0.15754104289023574
3998,aita,Gemini 3.7 Flash,human,Human,0,0,0,0,-2.0485001201899484
14,aita,Llama 4 Scout,scout,Llama 4 Scout,1,1,0,1,0.16221334065414184
14,aita,Llama 4 Scout,human,Human,0,1,1,0,-0.4479812713027699
28,aita,Llama 4 Scout,scout,Llama 4 Scout,1,0,1,1,0.04486004952602085
28,aita,Llama 4 Scout,human,Human,0,0,0,0,-0.7562451769244916
34,aita,Llama 4 Scout,scout,Llama 4 Scout,1,1,0,1,-0.9932520530841773
34,aita,Llama 4 Scout,human,Human,0,0,0,0,-1.8238761071072944
40,aita,Llama 4 Scout,scout,Llama 4 Scout,1,1,0,1,0.026628925854746965
40,aita,Llama 4 Scout,human,Human,0,0,0,0,-0.9959996650581054
45,aita,Llama 4 Scout,scout,Llama 4 Scout,1,1,0,1,-0.3357619538315653
45,aita,Llama 4 Scout,human,Human,1,0,0,0,-0.1779659465317601
66,aita,Llama 4 Scout,scout,Llama 4 Scout,1,1,0,0,-0.34872012342788133
66,aita,Llama 4 Scout,human,Human,1,0,0,1,-0.5424965592610741
71,aita,Llama 4 Scout,scout,Llama 4 Scout,1,1,0,1,-0.18861240550564407
71,aita,Llama 4 Scout,human,Human,0,0,0,0,-0.9474242574621372
75,aita,Llama 4 Scout,scout,Llama 4 Scout,1,1,1,1,0.3239404338684677
75,aita,Llama 4 Scout,human,Human,0,0,0,0,-1.6065262280665713
80,aita,Llama 4 Scout,scout,Llama 4 Scout,1,1,1,1,-0.11478661609611945
80,aita,Llama 4 Scout,human,Human,0,0,1,0,-0.9966000821537044
89,aita,Llama 4 Scout,scout,Llama 4 Scout,1,1,1,1,-0.21812006248188742
89,aita,Llama 4 Scout,human,Human,0,0,0,0,-1.5456586082533623
102,aita,Llama 4 Scout,scout,Llama 4 Scout,1,1,0,1,-0.13841762261758733
102,aita,Llama 4 Scout,human,Human,1,0,0,0,-1.3283056873250605
115,aita,Llama 4 Scout,scout,Llama 4 Scout,1,1,1,1,-0.061272377950054246
115,aita,Llama 4 Scout,human,Human,0,0,1,0,-1.0076044857529498
121,aita,Llama 4 Scout,scout,Llama 4 Scout,0,1,1,1,-0.4086954466397154
121,aita,Llama 4 Scout,human,Human,0,0,0,0,-0.9048747357469996
125,aita,Llama 4 Scout,scout,Llama 4 Scout,1,1,0,0,-0.8622509428054517
125,aita,Llama 4 Scout,human,Human,1,0,0,1,-0.6567787395931639
137,aita,Llama 4 Scout,scout,Llama 4 Scout,1,1,0,1,-0.10403612126370765
137,aita,Llama 4 Scout,human,Human,0,0,0,0,-0.9048747357469996
146,aita,Llama 4 Scout,scout,Llama 4 Scout,1,0,0,0,-0.38157478822132584
146,aita,Llama 4 Scout,human,Human,0,0,1,1,-0.4883819040194099
163,aita,Llama 4 Scout,scout,Llama 4 Scout,1,1,1,1,0.5449328330356444
163,aita,Llama 4 Scout,human,Human,0,0,0,0,-0.912101455819028
178,aita,Llama 4 Scout,scout,Llama 4 Scout,1,1,0,1,-0.012815362200898073
178,aita,Llama 4 Scout,human,Human,0,0,0,0,-0.3937276356430643
184,aita,Llama 4 Scout,scout,Llama 4 Scout,1,0,0,1,-0.7324005343811117
184,aita,Llama 4 Scout,human,Human,0,0,0,0,-0.7978623304924762
187,aita,Llama 4 Scout,scout,Llama 4 Scout,1,1,1,1,0.08740957124115867
187,aita,Llama 4 Scout,human,Human,0,0,1,0,-0.3473143841577048
192,aita,Llama 4 Scout,scout,Llama 4 Scout,1,1,0,1,0.4832428296161275
192,aita,Llama 4 Scout,human,Human,0,0,0,0,-0.1110519875744405
203,aita,Llama 4 Scout,scout,Llama 4 Scout,1,1,0,1,-0.13841762261758733
203,aita,Llama 4 Scout,human,Human,0,0,0,0,-0.5007957991035127
211,aita,Llama 4 Scout,scout,Llama 4 Scout,1,1,0,1,0.08742663267288941
211,aita,Llama 4 Scout,human,Human,0,0,0,0,-2.140297695318411
216,aita,Llama 4 Scout,scout,Llama 4 Scout,1,1,1,1,0.6106421626225336
216,aita,Llama 4 Scout,human,Human,0,0,1,0,-0.9656553811334112
219,aita,Llama 4 Scout,scout,Llama 4 Scout,1,1,1,1,0.1333093800577161
219,aita,Llama 4 Scout,human,Human,0,0,0,0,-0.9665168458913744
233,aita,Llama 4 Scout,scout,Llama 4 Scout,1,1,1,1,-0.28378386876547246
233,aita,Llama 4 Scout,human,Human,1,1,0,0,-1.035530466345917
242,aita,Llama 4 Scout,scout,Llama 4 Scout,1,1,0,1,-0.8548975611383083
242,aita,Llama 4 Scout,human,Human,0,0,1,0,-1.868570692643108
254,aita,Llama 4 Scout,scout,Llama 4 Scout,1,1,0,1,0.03542133982544604
254,aita,Llama 4 Scout,human,Human,0,0,0,0,-1.1948328620935769
263,aita,Llama 4 Scout,scout,Llama 4 Scout,1,0,0,0,-0.05391899628291086
263,aita,Llama 4 Scout,human,Human,1,0,0,0,-0.2864568251355299
268,aita,Llama 4 Scout,scout,Llama 4 Scout,1,1,0,1,-0.176115288209425
268,aita,Llama 4 Scout,human,Human,0,0,1,0,-0.989373362081676
297,aita,Llama 4 Scout,scout,Llama 4 Scout,1,1,0,1,0.1604300384761057
297,aita,Llama 4 Scout,human,Human,0,0,0,0,-0.3937276356430643
307,aita,Llama 4 Scout,scout,Llama 4 Scout,1,1,0,1,0.07198070794441047
307,aita,Llama 4 Scout,human,Human,0,0,1,0,-0.9048747357469996
311,aita,Llama 4 Scout,scout,Llama 4 Scout,1,1,0,1,-0.12388105592221377
311,aita,Llama 4 Scout,human,Human,1,0,0,0,-0.4670923727524919
333,aita,Llama 4 Scout,scout,Llama 4 Scout,1,1,0,1,-0.6986535729862926
333,aita,Llama 4 Scout,human,Human,0,0,0,0,-0.9474242574621372
360,aita,Llama 4 Scout,scout,Llama 4 Scout,1,0,0,1,-0.825188278367305
360,aita,Llama 4 Scout,human,Human,0,0,0,0,-1.099386611617906
364,aita,Llama 4 Scout,scout,Llama 4 Scout,1,1,0,1,0.9504976280465354
364,aita,Llama 4 Scout,human,Human,0,0,0,0,-1.720489160547494
367,aita,Llama 4 Scout,scout,Llama 4 Scout,1,1,1,0,0.3239404338684677
367,aita,Llama 4 Scout,human,Human,0,0,0,0,-0.9048747357469996
392,aita,Llama 4 Scout,scout,Llama 4 Scout,1,1,1,1,0.6622861241637654
392,aita,Llama 4 Scout,human,Human,0,0,0,0,-0.5540489895872136
400,aita,Llama 4 Scout,scout,Llama 4 Scout,1,0,0,1,-0.8293962780120072
400,aita,Llama 4 Scout,human,Human,0,0,0,0,-0.8440071159337909
431,aita,Llama 4 Scout,scout,Llama 4 Scout,1,1,0,1,-0.08193195130267494
431,aita,Llama 4 Scout,human,Human,0,0,0,0,-1.2557004819067854
455,aita,Llama 4 Scout,scout,Llama 4 Scout,1,0,0,1,-0.012517918390266058
455,aita,Llama 4 Scout,human,Human,0,0,0,0,-1.1604981868035458
462,aita,Llama 4 Scout,scout,Llama 4 Scout,1,1,0,0,0.3838232183486483
462,aita,Llama 4 Scout,human,Human,0,0,1,1,-0.0584177272068235
492,aita,Llama 4 Scout,scout,Llama 4 Scout,0,0,1,1,0.24671196698881837
492,aita,Llama 4 Scout,human,Human,0,0,1,0,-0.989373362081676
505,aita,Llama 4 Scout,scout,Llama 4 Scout,1,1,1,1,0.12718080909561258
505,aita,Llama 4 Scout,human,Human,0,1,0,0,-1.1885234606462365
507,aita,Llama 4 Scout,scout,Llama 4 Scout,1,0,1,0,-0.9042000474249905
507,aita,Llama 4 Scout,human,Human,1,0,0,1,-0.2630842238670732
509,aita,Llama 4 Scout,scout,Llama 4 Scout,1,1,0,1,0.025109834206505588
509,aita,Llama 4 Scout,human,Human,0,0,0,0,-1.3776071523594169
521,aita,Llama 4 Scout,scout,Llama 4 Scout,0,0,0,1,-1.355079944811316
521,aita,Llama 4 Scout,human,Human,0,0,1,0,-1.6065262280665713
539,aita,Llama 4 Scout,scout,Llama 4 Scout,1,0,0,1,-0.09585103947071871
539,aita,Llama 4 Scout,human,Human,0,0,1,0,-1.222845817113341
579,aita,Llama 4 Scout,scout,Llama 4 Scout,1,1,0,1,-0.030749042061539944
579,aita,Llama 4 Scout,human,Human,0,0,0,0,-2.152173624466654
581,aita,Llama 4 Scout,scout,Llama 4 Scout,1,1,1,1,0.6622861241637654
581,aita,Llama 4 Scout,human,Human,0,0,0,0,-1.1073303495896143
585,aita,Llama 4 Scout,scout,Llama 4 Scout,1,1,0,1,0.015063792328220582
585,aita,Llama 4 Scout,human,Human,0,0,0,0,-1.0258356094242238
607,aita,Llama 4 Scout,scout,Llama 4 Scout,1,1,0,1,0.6319192145024839
607,aita,Llama 4 Scout,human,Human,0,0,0,0,-1.8046981654082876
611,aita,Llama 4 Scout,scout,Llama 4 Scout,1,1,1,1,-0.3758407818462709
611,aita,Llama 4 Scout,human,Human,0,0,1,0,-0.267279904688849
614,aita,Llama 4 Scout,scout,Llama 4 Scout,1,1,0,1,0.41336774440362156
614,aita,Llama 4 Scout,human,Human,1,0,0,0,-0.4110677537376765
648,aita,Llama 4 Scout,scout,Llama 4 Scout,0,0,0,0,-1.0306477783792056
648,aita,Llama 4 Scout,human,Human,0,0,0,0,-1.2288916403624377
656,aita,Llama 4 Scout,scout,Llama 4 Scout,1,0,0,0,-0.6257200801781426
656,aita,Llama 4 Scout,human,Human,0,0,0,0,-0.9655854989965472
671,aita,Llama 4 Scout,scout,Llama 4 Scout,1,1,0,1,-0.011352413136042183
671,aita,Llama 4 Scout,human,Human,0,0,0,0,-1.1109346528544992
685,aita,Llama 4 Scout,scout,Llama 4 Scout,1,1,1,0,-1.1170129291040347
685,aita,Llama 4 Scout,human,Human,0,0,1,0,-0.1114637741572611
703,aita,Llama 4 Scout,scout,Llama 4 Scout,1,1,0,1,-0.6750225664648248
703,aita,Llama 4 Scout,human,Human,0,0,0,0,-1.4009797536278734
705,aita,Llama 4 Scout,scout,Llama 4 Scout,1,1,1,1,0.13940471773898233
705,aita,Llama 4 Scout,human,Human,0,0,1,0,-0.3595196219481482
709,aita,Llama 4 Scout,scout,Llama 4 Scout,1,1,0,1,0.32150641988226447
709,aita,Llama 4 Scout,human,Human,0,1,0,0,-0.734063349056199
722,aita,Llama 4 Scout,scout,Llama 4 Scout,1,1,1,1,0.19165601145792455
722,aita,Llama 4 Scout,human,Human,0,0,0,0,-0.4965443600758117
735,aita,Llama 4 Scout,scout,Llama 4 Scout,1,1,0,0,-0.5542665978665791
735,aita,Llama 4 Scout,human,Human,0,0,1,0,-0.820976526507922
745,aita,Llama 4 Scout,scout,Llama 4 Scout,1,1,0,1,0.19328470326955016
745,aita,Llama 4 Scout,human,Human,0,0,0,0,-1.0076044857529498
747,aita,Llama 4 Scout,scout,Llama 4 Scout,1,1,1,1,0.04791845712166509
747,aita,Llama 4 Scout,human,Human,0,0,0,0,-2.331808726907611
748,aita,Llama 4 Scout,scout,Llama 4 Scout,1,1,0,1,0.29206374907848187
748,aita,Llama 4 Scout,human,Human,1,0,0,0,-0.6451739188983195
768,aita,Llama 4 Scout,scout,Llama 4 Scout,1,0,0,1,0.12520306658470004
768,aita,Llama 4 Scout,human,Human,0,0,0,0,-0.969867132992794
778,aita,Llama 4 Scout,scout,Llama 4 Scout,1,0,1,1,0.2698819212101893
778,aita,Llama 4 Scout,human,Human,0,0,1,0,-0.9656553811334112
779,aita,Llama 4 Scout,scout,Llama 4 Scout,1,1,0,0,-0.5683421122618557
779,aita,Llama 4 Scout,human,Human,0,0,0,0,-0.9389335140158606
782,aita,Llama 4 Scout,scout,Llama 4 Scout,1,1,1,1,0.006878710535231702
782,aita,Llama 4 Scout,human,Human,0,0,0,0,-0.7136086807825568
786,aita,Llama 4 Scout,scout,Llama 4 Scout,1,0,0,1,-0.5728954915863661
786,aita,Llama 4 Scout,human,Human,0,0,1,0,-0.5120998849676748
787,aita,Llama 4 Scout,scout,Llama 4 Scout,1,1,0,1,0.3558801763239504
787,aita,Llama 4 Scout,human,Human,0,0,0,0,-1.6642160128569004
808,aita,Llama 4 Scout,scout,Llama 4 Scout,1,1,1,1,0.026628925854746965
808,aita,Llama 4 Scout,human,Human,0,0,1,0,-1.026436026519823
822,aita,Llama 4 Scout,scout,Llama 4 Scout,1,0,1,1,0.36588953848800654
822,aita,Llama 4 Scout,human,Human,0,0,0,0,-1.1712018555721089
824,aita,Llama 4 Scout,scout,Llama 4 Scout,1,1,1,1,0.2360391300636664
824,aita,Llama 4 Scout,human,Human,0,0,0,0,-1.2335186540384928
825,aita,Llama 4 Scout,scout,Llama 4 Scout,1,1,1,1,-1.190894861096945
825,aita,Llama 4 Scout,human,Human,0,0,0,0,-0.820976526507922
829,aita,Llama 4 Scout,scout,Llama 4 Scout,1,1,0,1,0.4832428296161275
829,aita,Llama 4 Scout,human,Human,0,0,0,0,-0.6573791566887629
841,aita,Llama 4 Scout,scout,Llama 4 Scout,1,1,0,1,-0.16059945048587987
841,aita,Llama 4 Scout,human,Human,0,0,1,0,-0.3856521540134595
849,aita,Llama 4 Scout,scout,Llama 4 Scout,1,1,1,1,0.12935867586069738
849,aita,Llama 4 Scout,human,Human,0,0,0,0,-1.88854061644144
851,aita,Llama 4 Scout,scout,Llama 4 Scout,1,1,0,1,0.4297059657334751
851,aita,Llama 4 Scout,human,Human,0,0,0,0,-0.896913506007132
860,aita,Llama 4 Scout,scout,Llama 4 Scout,1,0,0,1,-0.16059945048587987
860,aita,Llama 4 Scout,human,Human,0,0,0,0,-1.9688009596098668
882,aita,Llama 4 Scout,scout,Llama 4 Scout,1,1,1,1,0.19689228581865348
882,aita,Llama 4 Scout,human,Human,0,0,1,0,-0.820976526507922
939,aita,Llama 4 Scout,scout,Llama 4 Scout,1,0,1,1,-0.03658016921301144
939,aita,Llama 4 Scout,human,Human,0,0,0,0,-1.6910248544012478
940,aita,Llama 4 Scout,scout,Llama 4 Scout,1,0,0,0,-0.9263818752932831
940,aita,Llama 4 Scout,human,Human,0,0,0,0,-0.9048747357469996
951,aita,Llama 4 Scout,scout,Llama 4 Scout,1,1,0,1,-0.14236832681460598
951,aita,Llama 4 Scout,human,Human,0,0,0,0,-0.9231058594182734
953,aita,Llama 4 Scout,scout,Llama 4 Scout,0,1,0,1,-0.4537189413395039
953,aita,Llama 4 Scout,human,Human,0,0,1,0,-0.820376109412323
961,aita,Llama 4 Scout,scout,Llama 4 Scout,1,1,1,1,0.11808214255572791
961,aita,Llama 4 Scout,human,Human,0,0,0,0,-1.1103342357589003
962,aita,Llama 4 Scout,scout,Llama 4 Scout,1,1,1,1,0.4874452649559733
962,aita,Llama 4 Scout,human,Human,0,0,0,0,-1.340199108241462
965,aita,Llama 4 Scout,scout,Llama 4 Scout,1,1,0,1,0.36588953848800654
965,aita,Llama 4 Scout,human,Human,0,0,1,0,-0.820376109412323
976,aita,Llama 4 Scout,scout,Llama 4 Scout,1,1,1,1,0.32150641988226447
976,aita,Llama 4 Scout,human,Human,0,0,0,0,-1.4389781540503934
983,aita,Llama 4 Scout,scout,Llama 4 Scout,1,1,0,1,-0.6114396607038874
983,aita,Llama 4 Scout,human,Human,1,0,1,0,-1.6065262280665713
988,aita,Llama 4 Scout,scout,Llama 4 Scout,1,1,0,1,-0.3111094322628406
988,aita,Llama 4 Scout,human,Human,1,1,0,0,-0.3022744189420834
1010,aita,Llama 4 Scout,scout,Llama 4 Scout,1,1,1,1,-0.713966763662752
1010,aita,Llama 4 Scout,human,Human,0,0,0,0,-1.6065262280665713
1011,aita,Llama 4 Scout,scout,Llama 4 Scout,1,1,0,1,0.12935867586069738
1011,aita,Llama 4 Scout,human,Human,0,0,0,0,-1.1103342357589003
1021,aita,Llama 4 Scout,scout,Llama 4 Scout,1,1,1,1,0.28139091215333
1021,aita,Llama 4 Scout,human,Human,0,0,0,0,-0.7513063463743946
1027,aita,Llama 4 Scout,scout,Llama 4 Scout,0,1,0,1,0.1333093800577161
1027,aita,Llama 4 Scout,human,Human,0,0,0,0,-1.3958382760306909
1030,aita,Llama 4 Scout,scout,Llama 4 Scout,1,1,0,1,0.026628925854746965
1030,aita,Llama 4 Scout,human,Human,1,0,0,0,-1.3200165696735435
1049,aita,Llama 4 Scout,scout,Llama 4 Scout,1,1,0,1,0.3805130796101771
1049,aita,Llama 4 Scout,human,Human,0,0,0,0,-1.340199108241462
1071,aita,Llama 4 Scout,scout,Llama 4 Scout,1,1,0,1,0.156479334279087
1071,aita,Llama 4 Scout,human,Human,0,0,0,0,-1.049247928719201
1073,aita,Llama 4 Scout,scout,Llama 4 Scout,1,1,0,1,-0.34145928049239127
1073,aita,Llama 4 Scout,human,Human,0,1,0,0,-1.4769866152639473
1077,aita,Llama 4 Scout,scout,Llama 4 Scout,1,1,0,1,0.3765623754131584
1077,aita,Llama 4 Scout,human,Human,1,0,0,0,-0.2064992593024374
1084,aita,Llama 4 Scout,scout,Llama 4 Scout,1,1,0,1,0.09136027543817726
1084,aita,Llama 4 Scout,human,Human,0,0,0,0,-2.0488434573651046
1117,aita,Llama 4 Scout,scout,Llama 4 Scout,1,1,0,1,0.2360391300636664
1117,aita,Llama 4 Scout,human,Human,0,0,1,0,-0.820376109412323
1125,aita,Llama 4 Scout,scout,Llama 4 Scout,1,1,1,1,-0.5683421122618557
1125,aita,Llama 4 Scout,human,Human,1,0,1,0,-0.3828498936389338
1136,aita,Llama 4 Scout,scout,Llama 4 Scout,1,1,1,1,-0.026885312291318186
1136,aita,Llama 4 Scout,human,Human,0,0,0,0,-2.071026306485723
1137,aita,Llama 4 Scout,scout,Llama 4 Scout,1,1,0,1,0.738599668705453
1137,aita,Llama 4 Scout,human,Human,0,0,0,0,-1.649075749781709
1140,aita,Llama 4 Scout,scout,Llama 4 Scout,1,1,1,1,-0.6518526122434539
1140,aita,Llama 4 Scout,human,Human,0,0,0,0,-1.2331867029869388
1141,aita,Llama 4 Scout,scout,Llama 4 Scout,1,1,1,1,0.1470406245785122
1141,aita,Llama 4 Scout,human,Human,0,0,0,0,-0.989373362081676
1142,aita,Llama 4 Scout,scout,Llama 4 Scout,1,1,0,1,0.2592090842850374
1142,aita,Llama 4 Scout,human,Human,0,0,0,0,-0.4060198478603046
1149,aita,Llama 4 Scout,scout,Llama 4 Scout,1,1,0,1,-0.33327419869940234
1149,aita,Llama 4 Scout,human,Human,0,0,0,0,-1.3584302319127357
1170,aita,Llama 4 Scout,scout,Llama 4 Scout,1,1,1,1,-0.2748943340183567
1170,aita,Llama 4 Scout,human,Human,0,0,0,0,-1.770036623458933
1171,aita,Llama 4 Scout,scout,Llama 4 Scout,1,1,0,1,0.07593141214142918
1171,aita,Llama 4 Scout,human,Human,0,0,0,0,-1.4429288582474122
1172,aita,Llama 4 Scout,scout,Llama 4 Scout,1,1,1,1,-0.21502861096990689
1172,aita,Llama 4 Scout,human,Human,0,0,1,0,-1.3584302319127357
1175,aita,Llama 4 Scout,scout,Llama 4 Scout,1,0,1,1,0.08740957124115867
1175,aita,Llama 4 Scout,human,Human,0,0,0,0,-1.0316667365756953
1176,aita,Llama 4 Scout,scout,Llama 4 Scout,1,1,0,1,-0.26400280986671404
1176,aita,Llama 4 Scout,human,Human,0,1,0,0,-0.6255158119740295
1185,aita,Llama 4 Scout,scout,Llama 4 Scout,1,0,0,1,-0.030749042061539944
1185,aita,Llama 4 Scout,human,Human,0,0,1,0,-1.686742199152675
1192,aita,Llama 4 Scout,scout,Llama 4 Scout,1,1,1,1,0.637653220877539
1192,aita,Llama 4 Scout,human,Human,0,0,1,0,-1.0683851311393615
1232,aita,Llama 4 Scout,scout,Llama 4 Scout,1,1,0,1,-0.7141694107098379
1232,aita,Llama 4 Scout,human,Human,0,0,0,0,-0.9048747357469996
1242,aita,Llama 4 Scout,scout,Llama 4 Scout,1,1,0,1,0.006861649103500789
1242,aita,Llama 4 Scout,human,Human,0,0,1,0,-0.9048747357469996
1259,aita,Llama 4 Scout,scout,Llama 4 Scout,1,1,0,1,-0.18861240550564407
1259,aita,Llama 4 Scout,human,Human,0,0,0,0,-0.9048747357469996
1264,aita,Llama 4 Scout,scout,Llama 4 Scout,0,0,0,1,-0.1943464118806989
1264,aita,Llama 4 Scout,human,Human,0,0,0,0,-1.0921031120876263
1318,aita,Llama 4 Scout,scout,Llama 4 Scout,1,1,0,1,-0.6569963478725295
1318,aita,Llama 4 Scout,human,Human,0,0,1,0,-1.3964386931262895
1343,aita,Llama 4 Scout,scout,Llama 4 Scout,1,0,1,1,-0.668272881177499
1343,aita,Llama 4 Scout,human,Human,0,0,0,0,-0.9048747357469996
1350,aita,Llama 4 Scout,scout,Llama 4 Scout,1,1,0,1,0.7239761275832823
1350,aita,Llama 4 Scout,human,Human,0,0,0,0,-0.8086843142906815
1351,aita,Llama 4 Scout,scout,Llama 4 Scout,1,1,0,1,-0.16059945048587987
1351,aita,Llama 4 Scout,human,Human,0,0,0,0,-1.148342696972454
1363,aita,Llama 4 Scout,scout,Llama 4 Scout,1,1,0,1,0.3765623754131584
1363,aita,Llama 4 Scout,human,Human,0,0,0,0,-1.1496204447994152
1368,aita,Llama 4 Scout,scout,Llama 4 Scout,1,1,0,1,-0.4202605801662418
1368,aita,Llama 4 Scout,human,Human,0,0,1,0,-0.7981942815440304
1382,aita,Llama 4 Scout,scout,Llama 4 Scout,1,1,0,1,-0.1943464118806989
1382,aita,Llama 4 Scout,human,Human,0,0,0,0,-0.9346709929447998
1388,aita,Llama 4 Scout,scout,Llama 4 Scout,1,1,1,1,0.08740957124115867
1388,aita,Llama 4 Scout,human,Human,0,1,1,0,-0.3700966291215964
1389,aita,Llama 4 Scout,scout,Llama 4 Scout,1,1,0,1,-0.18861240550564407
1389,aita,Llama 4 Scout,human,Human,0,0,0,0,-1.4611599819186862
1392,aita,Llama 4 Scout,scout,Llama 4 Scout,1,1,0,1,-0.4056370390440712
1392,aita,Llama 4 Scout,human,Human,0,0,0,0,-0.8629256311274607
1394,aita,Llama 4 Scout,scout,Llama 4 Scout,1,1,1,1,0.13241708345634162
1394,aita,Llama 4 Scout,human,Human,1,0,0,0,-0.550370415095919
1405,aita,Llama 4 Scout,scout,Llama 4 Scout,1,0,1,1,0.5373481683382544
1405,aita,Llama 4 Scout,human,Human,0,0,1,0,-1.2136644028604495
1414,aita,Llama 4 Scout,scout,Llama 4 Scout,1,1,0,1,0.11239365948397695
1414,aita,Llama 4 Scout,human,Human,0,0,0,0,-1.5456586082533623
1420,aita,Llama 4 Scout,scout,Llama 4 Scout,1,1,0,1,-0.6789732706618435
1420,aita,Llama 4 Scout,human,Human,0,0,0,0,-1.6910248544012478
1428,aita,Llama 4 Scout,scout,Llama 4 Scout,1,1,0,1,0.14246312533462657
1428,aita,Llama 4 Scout,human,Human,1,0,0,0,-1.0966029912381043
1432,aita,Llama 4 Scout,scout,Llama 4 Scout,1,1,1,0,-0.45845898522649464
1432,aita,Llama 4 Scout,human,Human,0,0,1,0,-0.3396999548281971
1446,aita,Llama 4 Scout,scout,Llama 4 Scout,1,1,0,1,-0.08766595767772978
1446,aita,Llama 4 Scout,human,Human,0,0,0,0,-0.7330752227031208
1465,aita,Llama 4 Scout,scout,Llama 4 Scout,1,1,0,1,-0.40474474244269676
1465,aita,Llama 4 Scout,human,Human,1,0,0,0,-0.9583019994662676
1466,aita,Llama 4 Scout,scout,Llama 4 Scout,1,1,0,1,0.03057963005176567
1466,aita,Llama 4 Scout,human,Human,0,0,0,0,-0.7935672678679755
1467,aita,Llama 4 Scout,scout,Llama 4 Scout,1,0,1,1,0.5850312793328483
1467,aita,Llama 4 Scout,human,Human,0,0,1,0,-0.5303310086389487
1484,aita,Llama 4 Scout,scout,Llama 4 Scout,1,1,0,1,0.1598263420962881
1484,aita,Llama 4 Scout,human,Human,0,0,1,0,-0.4276012586329983
1504,aita,Llama 4 Scout,scout,Llama 4 Scout,1,1,0,1,0.25066267118583707
1504,aita,Llama 4 Scout,human,Human,1,0,0,0,-0.1843174314341448
1511,aita,Llama 4 Scout,scout,Llama 4 Scout,1,1,1,1,0.05212089246151097
1511,aita,Llama 4 Scout,human,Human,1,0,0,0,-0.4324134275879803
1512,aita,Llama 4 Scout,scout,Llama 4 Scout,1,1,1,1,-0.3357619538315653
1512,aita,Llama 4 Scout,human,Human,0,0,0,0,-0.3634703261451669
1514,aita,Llama 4 Scout,scout,Llama 4 Scout,1,0,0,1,-0.31684343863789544
1514,aita,Llama 4 Scout,human,Human,0,0,0,0,-1.551996311008235
1526,aita,Llama 4 Scout,scout,Llama 4 Scout,1,1,0,1,-0.176115288209425
1526,aita,Llama 4 Scout,human,Human,0,0,0,0,-0.7217711368389585
1527,aita,Llama 4 Scout,scout,Llama 4 Scout,1,1,1,0,-0.26061391454410154
1527,aita,Llama 4 Scout,human,Human,1,0,0,0,-0.1910703960056892
1537,aita,Llama 4 Scout,scout,Llama 4 Scout,1,1,1,1,0.4382523788326753
1537,aita,Llama 4 Scout,human,Human,0,0,1,0,-1.770036623458933
1562,aita,Llama 4 Scout,scout,Llama 4 Scout,1,1,0,1,-0.36614592492457765
1562,aita,Llama 4 Scout,human,Human,1,0,1,0,-0.7209223752813823
1574,aita,Llama 4 Scout,scout,Llama 4 Scout,0,1,1,1,0.04486004952602085
1574,aita,Llama 4 Scout,human,Human,0,0,1,0,-0.7784270047927841
1592,aita,Llama 4 Scout,scout,Llama 4 Scout,1,0,0,1,0.12915377078171875
1592,aita,Llama 4 Scout,human,Human,0,0,1,0,-0.5965985113023513
1606,aita,Llama 4 Scout,scout,Llama 4 Scout,0,1,0,1,-0.4660734145560023
1606,aita,Llama 4 Scout,human,Human,0,0,0,0,-0.3788467990732101
1608,aita,Llama 4 Scout,scout,Llama 4 Scout,1,1,0,1,0.2631597884820561
1608,aita,Llama 4 Scout,human,Human,0,0,0,0,-1.6910248544012478
1614,aita,Llama 4 Scout,scout,Llama 4 Scout,1,1,0,1,0.1333093800577161
1614,aita,Llama 4 Scout,human,Human,1,1,1,0,-0.988366722708113
1648,aita,Llama 4 Scout,scout,Llama 4 Scout,1,1,1,0,0.27042063141754613
1648,aita,Llama 4 Scout,human,Human,0,0,1,0,-0.8392076501791959
1666,aita,Llama 4 Scout,scout,Llama 4 Scout,1,1,0,1,0.5941257191589424
1666,aita,Llama 4 Scout,human,Human,0,0,0,0,-1.4386462029988394
1669,aita,Llama 4 Scout,scout,Llama 4 Scout,1,1,0,1,0.36588953848800654
1669,aita,Llama 4 Scout,human,Human,0,0,0,0,-1.229567949841474
1698,aita,Llama 4 Scout,scout,Llama 4 Scout,1,1,0,1,0.38660841729144335
1698,aita,Llama 4 Scout,human,Human,1,0,0,0,-1.107601458043013
1707,aita,Llama 4 Scout,scout,Llama 4 Scout,1,0,1,0,-0.9619768066421165
1707,aita,Llama 4 Scout,human,Human,0,0,0,1,-0.6750098632644379
1710,aita,Llama 4 Scout,scout,Llama 4 Scout,1,1,1,1,0.40941704020660286
1710,aita,Llama 4 Scout,human,Human,0,0,1,0,-0.9966000821537044
1714,aita,Llama 4 Scout,scout,Llama 4 Scout,1,0,0,1,-0.5852509860551904
1714,aita,Llama 4 Scout,human,Human,0,0,0,0,-1.147742279876855
1715,aita,Llama 4 Scout,scout,Llama 4 Scout,1,1,0,1,-0.15393346034113242
1715,aita,Llama 4 Scout,human,Human,1,0,1,0,-0.74790366890427
1731,aita,Llama 4 Scout,scout,Llama 4 Scout,1,1,1,1,-0.7266665280060568
1731,aita,Llama 4 Scout,human,Human,0,0,0,0,-1.297575315299914
1738,aita,Llama 4 Scout,scout,Llama 4 Scout,1,1,0,1,-1.004127537056415
1738,aita,Llama 4 Scout,human,Human,0,0,0,0,-0.9048747357469996
1741,aita,Llama 4 Scout,scout,Llama 4 Scout,1,1,0,1,0.4568266241518647
1741,aita,Llama 4 Scout,human,Human,0,0,0,0,-1.014230788729379
1758,aita,Llama 4 Scout,scout,Llama 4 Scout,1,1,0,1,-0.10016307497394883
1758,aita,Llama 4 Scout,human,Human,1,0,0,0,-1.9226551529162264
1780,aita,Llama 4 Scout,scout,Llama 4 Scout,1,1,1,0,-0.05786970047992951
1780,aita,Llama 4 Scout,human,Human,1,0,1,0,-0.4054194307647056
1788,aita,Llama 4 Scout,scout,Llama 4 Scout,0,0,0,1,-0.06605478227291844
1788,aita,Llama 4 Scout,human,Human,0,0,0,0,-0.4054194307647056
1791,aita,Llama 4 Scout,scout,Llama 4 Scout,1,1,0,0,-0.4781094795521243
1791,aita,Llama 4 Scout,human,Human,0,0,1,0,-0.2302172402507022
1794,aita,Llama 4 Scout,scout,Llama 4 Scout,1,1,0,1,0.041252466976917646
1794,aita,Llama 4 Scout,human,Human,0,0,0,0,-1.5677795935234993
1802,aita,Llama 4 Scout,scout,Llama 4 Scout,1,1,0,1,-0.46887567493052806
1802,aita,Llama 4 Scout,human,Human,1,0,0,0,-0.2164859957299061
1803,aita,Llama 4 Scout,scout,Llama 4 Scout,1,1,0,1,-0.08435581893925848
1803,aita,Llama 4 Scout,human,Human,0,0,0,0,-1.2859577914046827
1807,aita,Llama 4 Scout,scout,Llama 4 Scout,1,1,1,1,0.026628925854746965
1807,aita,Llama 4 Scout,human,Human,0,0,0,0,-0.8351880850976393
1821,aita,Llama 4 Scout,scout,Llama 4 Scout,1,1,0,1,0.34951937490202867
1821,aita,Llama 4 Scout,human,Human,0,0,0,0,-1.4763872194206744
1827,aita,Llama 4 Scout,scout,Llama 4 Scout,1,1,0,1,0.058591294046816955
1827,aita,Llama 4 Scout,human,Human,0,0,0,0,-0.1654858906672719
1828,aita,Llama 4 Scout,scout,Llama 4 Scout,1,0,0,1,-0.02748572938691718
1828,aita,Llama 4 Scout,human,Human,0,0,0,0,-1.1984542576483943
1840,aita,Llama 4 Scout,scout,Llama 4 Scout,1,1,0,1,0.15154050372898997
1840,aita,Llama 4 Scout,human,Human,0,0,1,0,-1.643934272184526
1854,aita,Llama 4 Scout,scout,Llama 4 Scout,1,1,0,0,0.15124305991835807
1854,aita,Llama 4 Scout,human,Human,0,0,0,0,-0.6720049558428262
1855,aita,Llama 4 Scout,scout,Llama 4 Scout,1,1,0,1,-0.6528407385965322
1855,aita,Llama 4 Scout,human,Human,0,0,0,0,-1.5533398778321552
1856,aita,Llama 4 Scout,scout,Llama 4 Scout,1,1,0,1,0.2360391300636664
1856,aita,Llama 4 Scout,human,Human,0,0,0,0,-1.3584302319127357
1858,aita,Llama 4 Scout,scout,Llama 4 Scout,1,1,1,1,-0.53943815166543
1858,aita,Llama 4 Scout,human,Human,0,0,0,0,-1.0683851311393615
1859,aita,Llama 4 Scout,scout,Llama 4 Scout,1,1,0,0,0.41336774440362156
1859,aita,Llama 4 Scout,human,Human,0,0,1,0,-0.9048747357469996
1870,aita,Llama 4 Scout,scout,Llama 4 Scout,0,1,1,0,-1.06117111426772
1870,aita,Llama 4 Scout,human,Human,0,0,1,1,-0.2561894548465988
1902,aita,Llama 4 Scout,scout,Llama 4 Scout,1,1,0,1,-0.13960736302959376
1902,aita,Llama 4 Scout,human,Human,0,0,0,0,-1.7098563951681207
1910,aita,Llama 4 Scout,scout,Llama 4 Scout,1,1,1,1,0.36588953848800654
1910,aita,Llama 4 Scout,human,Human,0,0,0,0,-0.9622527036632864
1923,aita,Llama 4 Scout,scout,Llama 4 Scout,1,0,0,1,-0.550370415095919
1923,aita,Llama 4 Scout,human,Human,0,0,0,0,-1.316739532546208
1934,aita,Llama 4 Scout,scout,Llama 4 Scout,1,1,0,1,0.1747104579503609
1934,aita,Llama 4 Scout,human,Human,0,1,1,0,-0.9428831969605532
1935,aita,Llama 4 Scout,scout,Llama 4 Scout,1,1,0,1,0.2360391300636664
1935,aita,Llama 4 Scout,human,Human,1,0,0,0,-0.325968710307401
1942,aita,Llama 4 Scout,scout,Llama 4 Scout,1,1,1,0,-0.9780258368345152
1942,aita,Llama 4 Scout,human,Human,0,1,1,0,-0.9024167452469544
1946,aita,Llama 4 Scout,scout,Llama 4 Scout,1,1,0,1,0.21940346492318108
1946,aita,Llama 4 Scout,human,Human,0,0,0,0,-1.374847221562562
1964,aita,Llama 4 Scout,scout,Llama 4 Scout,1,1,1,1,0.36588953848800654
1964,aita,Llama 4 Scout,human,Human,0,0,0,0,-1.0267814061996308
1970,aita,Llama 4 Scout,scout,Llama 4 Scout,1,0,1,1,-0.07699312075257791
1970,aita,Llama 4 Scout,human,Human,0,0,0,0,-0.8324022952389465
1978,aita,Llama 4 Scout,scout,Llama 4 Scout,1,0,0,1,-0.4284627233909616
1978,aita,Llama 4 Scout,human,Human,0,0,0,0,-1.3584302319127357
1979,aita,Llama 4 Scout,scout,Llama 4 Scout,1,1,1,1,0.26889379485711096
1979,aita,Llama 4 Scout,human,Human,0,0,1,0,-0.9048747357469996
2008,aita,Llama 4 Scout,scout,Llama 4 Scout,1,1,0,1,-0.07759681713239552
2008,aita,Llama 4 Scout,human,Human,0,0,0,0,-1.621075113584871
2027,aita,Llama 4 Scout,scout,Llama 4 Scout,1,1,1,1,0.36588953848800654
2027,aita,Llama 4 Scout,human,Human,1,0,0,0,-1.1450693235067977
2035,aita,Llama 4 Scout,scout,Llama 4 Scout,1,1,0,1,0.16221334065414184
2035,aita,Llama 4 Scout,human,Human,0,0,0,0,-0.9584413642617696
2036,aita,Llama 4 Scout,scout,Llama 4 Scout,1,1,1,1,0.5449328330356444
2036,aita,Llama 4 Scout,human,Human,0,0,0,0,-1.3928333686090788
2047,aita,Llama 4 Scout,scout,Llama 4 Scout,1,1,0,1,0.12512429826472715
2047,aita,Llama 4 Scout,human,Human,0,0,0,0,-1.064982453669237
2065,aita,Llama 4 Scout,scout,Llama 4 Scout,1,0,1,1,0.1333093800577161
2065,aita,Llama 4 Scout,human,Human,0,0,1,0,-1.499513822812048
2066,aita,Llama 4 Scout,scout,Llama 4 Scout,1,1,0,1,0.7239761275832823
2066,aita,Llama 4 Scout,human,Human,0,0,0,0,-1.2745320226736585
2081,aita,Llama 4 Scout,scout,Llama 4 Scout,0,1,0,0,-0.5688901389887497
2081,aita,Llama 4 Scout,human,Human,1,0,1,1,-0.4046923520739917
2084,aita,Llama 4 Scout,scout,Llama 4 Scout,1,0,0,1,-0.16059945048587987
2084,aita,Llama 4 Scout,human,Human,0,0,0,0,-1.2557004819067854
2089,aita,Llama 4 Scout,scout,Llama 4 Scout,1,1,0,1,0.3756381365556595
2089,aita,Llama 4 Scout,human,Human,1,0,0,0,-0.967120542271192
2107,aita,Llama 4 Scout,scout,Llama 4 Scout,1,1,0,1,0.3084019704083354
2107,aita,Llama 4 Scout,human,Human,0,0,0,0,-0.4276012586329983
2108,aita,Llama 4 Scout,scout,Llama 4 Scout,0,1,0,0,-0.15673572071565822
2108,aita,Llama 4 Scout,human,Human,0,0,0,0,-0.397077922744484
2113,aita,Llama 4 Scout,scout,Llama 4 Scout,1,0,0,1,0.4118361733684125
2113,aita,Llama 4 Scout,human,Human,0,0,1,0,-1.3164811272931969
2120,aita,Llama 4 Scout,scout,Llama 4 Scout,1,0,0,1,-0.06943483400645589
2120,aita,Llama 4 Scout,human,Human,0,0,0,0,-1.340199108241462
2133,aita,Llama 4 Scout,scout,Llama 4 Scout,1,1,0,1,-0.48825524242429497
2133,aita,Llama 4 Scout,human,Human,1,0,0,0,-2.110720067652302
2140,aita,Llama 4 Scout,scout,Llama 4 Scout,1,1,1,1,-0.07215011995418469
2140,aita,Llama 4 Scout,human,Human,0,0,1,0,-0.9428831969605532
2142,aita,Llama 4 Scout,scout,Llama 4 Scout,1,0,1,1,-0.30536527953816606
2142,aita,Llama 4 Scout,human,Human,0,0,1,0,-1.3772617726796086
2152,aita,Llama 4 Scout,scout,Llama 4 Scout,1,0,0,1,0.44220308302969413
2152,aita,Llama 4 Scout,human,Human,1,0,0,0,-0.4519208049034272
2156,aita,Llama 4 Scout,scout,Llama 4 Scout,1,1,1,0,0.452875919954846
2156,aita,Llama 4 Scout,human,Human,0,0,0,0,-0.2706301917902688
2158,aita,Llama 4 Scout,scout,Llama 4 Scout,1,0,1,0,0.0904679788368028
2158,aita,Llama 4 Scout,human,Human,1,0,1,1,-0.3788467990732101
2169,aita,Llama 4 Scout,scout,Llama 4 Scout,1,1,1,1,0.3805130796101771
2169,aita,Llama 4 Scout,human,Human,0,1,0,0,-1.5104449764372094
2170,aita,Llama 4 Scout,scout,Llama 4 Scout,1,1,1,1,0.4832428296161275
2170,aita,Llama 4 Scout,human,Human,0,0,0,0,-0.7412773659278404
2171,aita,Llama 4 Scout,scout,Llama 4 Scout,1,1,1,1,-0.04413845595913346
2171,aita,Llama 4 Scout,human,Human,1,0,1,0,0.2410202046328489
2174,aita,Llama 4 Scout,scout,Llama 4 Scout,1,1,1,1,0.4874452649559733
2174,aita,Llama 4 Scout,human,Human,0,0,0,0,-1.3584302319127357
2205,aita,Llama 4 Scout,scout,Llama 4 Scout,1,0,1,1,0.35679509866191217
2205,aita,Llama 4 Scout,human,Human,0,0,0,0,-1.8503395689718336
2207,aita,Llama 4 Scout,scout,Llama 4 Scout,1,1,0,1,0.5324357157394255
2207,aita,Llama 4 Scout,human,Human,0,0,0,0,-1.4270847331339922
2215,aita,Llama 4 Scout,scout,Llama 4 Scout,1,1,0,1,0.26528621230800775
2215,aita,Llama 4 Scout,human,Human,0,0,0,0,-0.6528280353961452
2234,aita,Llama 4 Scout,scout,Llama 4 Scout,1,1,0,1,0.07593141214142918
2234,aita,Llama 4 Scout,human,Human,0,0,1,0,-0.820376109412323
2237,aita,Llama 4 Scout,scout,Llama 4 Scout,1,1,1,1,0.4150824246113045
2237,aita,Llama 4 Scout,human,Human,0,0,0,0,-0.521194324793769
2259,aita,Llama 4 Scout,scout,Llama 4 Scout,1,1,0,1,0.3239404338684677
2259,aita,Llama 4 Scout,human,Human,0,0,0,0,-0.729724935601701
2271,aita,Llama 4 Scout,scout,Llama 4 Scout,1,0,1,0,-0.3172422299387345
2271,aita,Llama 4 Scout,human,Human,0,0,1,1,-0.4276012586329983
2276,aita,Llama 4 Scout,scout,Llama 4 Scout,1,0,0,1,0.21482596567929535
2276,aita,Llama 4 Scout,human,Human,0,0,0,0,-0.9811527058364714
2279,aita,Llama 4 Scout,scout,Llama 4 Scout,1,1,0,1,-0.5886629800448522
2279,aita,Llama 4 Scout,human,Human,0,0,0,0,-1.099935786571365
2284,aita,Llama 4 Scout,scout,Llama 4 Scout,1,1,1,1,0.36406525811693946
2284,aita,Llama 4 Scout,human,Human,0,0,1,0,-0.7325271959762267
2330,aita,Llama 4 Scout,scout,Llama 4 Scout,1,1,1,0,-0.3207941428349142
2330,aita,Llama 4 Scout,human,Human,0,0,0,0,-1.0076044857529498
2352,aita,Llama 4 Scout,scout,Llama 4 Scout,1,1,1,1,-0.2603577673229831
2352,aita,Llama 4 Scout,human,Human,0,0,0,0,-1.2557004819067854
2385,aita,Llama 4 Scout,scout,Llama 4 Scout,1,1,1,1,-0.27884503821537543
2385,aita,Llama 4 Scout,human,Human,0,0,0,0,-1.298250003621923
2414,aita,Llama 4 Scout,scout,Llama 4 Scout,1,0,1,1,0.36588953848800654
2414,aita,Llama 4 Scout,human,Human,0,0,1,0,-0.8136231448407785
2429,aita,Llama 4 Scout,scout,Llama 4 Scout,0,1,1,1,0.460434206700968
2429,aita,Llama 4 Scout,human,Human,0,0,1,0,-0.820376109412323
2431,aita,Llama 4 Scout,scout,Llama 4 Scout,1,1,1,0,-0.5114251966456658
2431,aita,Llama 4 Scout,human,Human,0,0,1,0,-0.4054194307647056
2441,aita,Llama 4 Scout,scout,Llama 4 Scout,1,1,1,1,0.4832428296161275
2441,aita,Llama 4 Scout,human,Human,0,0,0,0,-0.8120869917608062
2452,aita,Llama 4 Scout,scout,Llama 4 Scout,1,1,1,0,0.2360391300636664
2452,aita,Llama 4 Scout,human,Human,0,0,1,0,-0.4388777919379678
2459,aita,Llama 4 Scout,scout,Llama 4 Scout,1,1,0,1,-0.4269265703109893
2459,aita,Llama 4 Scout,human,Human,0,0,0,0,-1.3590306490083348
2473,aita,Llama 4 Scout,scout,Llama 4 Scout,1,1,0,1,-0.40474474244269676
2473,aita,Llama 4 Scout,human,Human,0,0,0,0,-0.9231058594182734
2476,aita,Llama 4 Scout,scout,Llama 4 Scout,1,1,0,1,-0.1296150622972686
2476,aita,Llama 4 Scout,human,Human,0,0,0,0,-1.5456586082533623
2478,aita,Llama 4 Scout,scout,Llama 4 Scout,1,1,1,1,-0.11478661609611945
2478,aita,Llama 4 Scout,human,Human,0,0,0,0,-1.1112800325343073
2510,aita,Llama 4 Scout,scout,Llama 4 Scout,0,1,0,1,-0.09927077837257425
2510,aita,Llama 4 Scout,human,Human,0,1,0,0,-0.6297974459702763
2522,aita,Llama 4 Scout,scout,Llama 4 Scout,1,1,0,1,0.19409002544412768
2522,aita,Llama 4 Scout,human,Human,0,0,0,0,-0.9474242574621372
2555,aita,Llama 4 Scout,scout,Llama 4 Scout,1,1,0,1,0.5556056699607963
2555,aita,Llama 4 Scout,human,Human,0,0,0,0,-1.7666339459888083
2569,aita,Llama 4 Scout,scout,Llama 4 Scout,1,1,0,1,-0.2305615101251828
2569,aita,Llama 4 Scout,human,Human,0,0,0,0,-1.2711293452035335
2599,aita,Llama 4 Scout,scout,Llama 4 Scout,1,1,1,1,0.04486004952602085
2599,aita,Llama 4 Scout,human,Human,0,0,0,0,-1.9573519742263572
2613,aita,Llama 4 Scout,scout,Llama 4 Scout,1,1,0,1,-0.1721645840124063
2613,aita,Llama 4 Scout,human,Human,0,1,0,0,-1.0118262984033666
2616,aita,Llama 4 Scout,scout,Llama 4 Scout,1,1,0,1,-0.3357619538315653
2616,aita,Llama 4 Scout,human,Human,0,0,0,0,-1.5075893044416528
2640,aita,Llama 4 Scout,scout,Llama 4 Scout,1,1,1,1,-0.34791480125330376
2640,aita,Llama 4 Scout,human,Human,0,0,1,0,-1.6643019660313711
2650,aita,Llama 4 Scout,scout,Llama 4 Scout,1,1,1,1,0.0017613528574240145
2650,aita,Llama 4 Scout,human,Human,1,0,0,0,-0.3937276356430643
2658,aita,Llama 4 Scout,scout,Llama 4 Scout,1,1,1,1,-0.3357619538315653
2658,aita,Llama 4 Scout,human,Human,0,0,1,0,-1.1712018555721089
2668,aita,Llama 4 Scout,scout,Llama 4 Scout,1,1,0,1,0.12935867586069738
2668,aita,Llama 4 Scout,human,Human,0,0,0,0,-0.7978623304924762
2669,aita,Llama 4 Scout,scout,Llama 4 Scout,1,1,0,1,0.7346489645084342
2669,aita,Llama 4 Scout,human,Human,0,0,0,0,-1.7481142220959778
2672,aita,Llama 4 Scout,scout,Llama 4 Scout,1,1,1,1,-0.03963857680865562
2672,aita,Llama 4 Scout,human,Human,0,0,0,0,-0.8896310277291783
2680,aita,Llama 4 Scout,scout,Llama 4 Scout,1,1,1,0,-0.03568787261163697
2680,aita,Llama 4 Scout,human,Human,0,1,0,0,-0.7756247444182585
2683,aita,Llama 4 Scout,scout,Llama 4 Scout,1,1,1,1,0.36588953848800654
2683,aita,Llama 4 Scout,human,Human,0,0,1,0,-1.0076044857529498
2689,aita,Llama 4 Scout,scout,Llama 4 Scout,1,1,1,1,-0.3940719055175448
2689,aita,Llama 4 Scout,human,Human,0,0,0,0,-0.9763415581338154
2707,aita,Llama 4 Scout,scout,Llama 4 Scout,1,1,1,1,0.7239761275832823
2707,aita,Llama 4 Scout,human,Human,0,0,0,0,-0.7522944727274729
2709,aita,Llama 4 Scout,scout,Llama 4 Scout,1,1,0,1,-0.2913421555115944
2709,aita,Llama 4 Scout,human,Human,0,0,0,0,-0.5996718801302752
2713,aita,Llama 4 Scout,scout,Llama 4 Scout,1,1,1,1,0.12935867586069738
2713,aita,Llama 4 Scout,human,Human,0,0,0,0,-1.355425324491124
2716,aita,Llama 4 Scout,scout,Llama 4 Scout,1,1,0,1,0.2360391300636664
2716,aita,Llama 4 Scout,human,Human,0,0,0,0,-1.340199108241462
2734,aita,Llama 4 Scout,scout,Llama 4 Scout,1,1,0,1,-0.6199860738030878
2734,aita,Llama 4 Scout,human,Human,0,0,1,0,-0.5546494066828125
2736,aita,Llama 4 Scout,scout,Llama 4 Scout,1,1,0,1,-0.38157478822132584
2736,aita,Llama 4 Scout,human,Human,0,0,0,0,-1.7894719491586253
2750,aita,Llama 4 Scout,scout,Llama 4 Scout,1,1,0,0,0.5556056699607963
2750,aita,Llama 4 Scout,human,Human,1,0,0,0,-0.15481305374212
2769,aita,Llama 4 Scout,scout,Llama 4 Scout,1,1,0,1,0.6541010423707765
2769,aita,Llama 4 Scout,human,Human,0,1,0,0,-1.7290333156148017
2786,aita,Llama 4 Scout,scout,Llama 4 Scout,1,1,0,1,0.4440959853711144
2786,aita,Llama 4 Scout,human,Human,0,0,0,0,-1.1070709230842777
2787,aita,Llama 4 Scout,scout,Llama 4 Scout,1,1,1,1,-0.043246159357758884
2787,aita,Llama 4 Scout,human,Human,0,0,0,0,-0.8629256311274607
2792,aita,Llama 4 Scout,scout,Llama 4 Scout,1,0,0,1,0.36588953848800654
2792,aita,Llama 4 Scout,human,Human,1,0,1,0,-0.3824543816223134
2793,aita,Llama 4 Scout,scout,Llama 4 Scout,1,1,0,1,-0.26422149709320486
2793,aita,Llama 4 Scout,human,Human,0,0,0,0,-1.811985728078472
2833,aita,Llama 4 Scout,scout,Llama 4 Scout,1,0,0,0,-0.09161666187474854
2833,aita,Llama 4 Scout,human,Human,0,0,1,0,-0.4883819040194099
2838,aita,Llama 4 Scout,scout,Llama 4 Scout,1,1,0,1,0.2360391300636664
2838,aita,Llama 4 Scout,human,Human,0,0,1,0,-1.4611599819186862
2853,aita,Llama 4 Scout,scout,Llama 4 Scout,1,1,0,1,0.015063792328220582
2853,aita,Llama 4 Scout,human,Human,0,0,1,0,-1.1712018555721089
2875,aita,Llama 4 Scout,scout,Llama 4 Scout,1,1,0,1,0.6501503381737577
2875,aita,Llama 4 Scout,human,Human,0,0,0,0,-1.793754604407198
2876,aita,Llama 4 Scout,scout,Llama 4 Scout,1,1,0,1,-0.24123434705033472
2876,aita,Llama 4 Scout,human,Human,0,0,0,0,-1.3319657487958705
2879,aita,Llama 4 Scout,scout,Llama 4 Scout,0,1,0,1,-0.1655382810359769
2879,aita,Llama 4 Scout,human,Human,0,1,0,0,-0.6146099264948084
2881,aita,Llama 4 Scout,scout,Llama 4 Scout,1,1,0,1,-0.6995458695876673
2881,aita,Llama 4 Scout,human,Human,0,0,0,0,-1.9530693189777844
2885,aita,Llama 4 Scout,scout,Llama 4 Scout,0,1,1,1,0.1747104579503609
2885,aita,Llama 4 Scout,human,Human,0,0,0,0,-0.3709453906791727
2892,aita,Llama 4 Scout,scout,Llama 4 Scout,1,1,1,0,-1.0534300233430973
2892,aita,Llama 4 Scout,human,Human,0,0,0,1,-0.8783544944242089
2895,aita,Llama 4 Scout,scout,Llama 4 Scout,1,1,0,1,0.04881075372303956
2895,aita,Llama 4 Scout,human,Human,0,0,0,0,-0.7875214446188785
2897,aita,Llama 4 Scout,scout,Llama 4 Scout,1,1,0,1,0.36588953848800654
2897,aita,Llama 4 Scout,human,Human,0,0,1,0,-0.9546509775341656
2903,aita,Llama 4 Scout,scout,Llama 4 Scout,1,1,1,1,0.36588953848800654
2903,aita,Llama 4 Scout,human,Human,0,0,0,0,-0.820376109412323
2906,aita,Llama 4 Scout,scout,Llama 4 Scout,1,1,0,1,-0.32024611610802023
2906,aita,Llama 4 Scout,human,Human,0,0,0,0,-1.3125304230961783
2921,aita,Llama 4 Scout,scout,Llama 4 Scout,1,0,0,1,0.621246377577332
2921,aita,Llama 4 Scout,human,Human,0,0,1,0,-0.9474242574621372
2924,aita,Llama 4 Scout,scout,Llama 4 Scout,1,1,0,1,-0.0401877517621147
2924,aita,Llama 4 Scout,human,Human,0,0,0,0,-1.2897582389233204
2935,aita,Llama 4 Scout,scout,Llama 4 Scout,1,1,1,1,0.19689228581865348
2935,aita,Llama 4 Scout,human,Human,0,0,1,0,-0.5728805303540865
2939,aita,Llama 4 Scout,scout,Llama 4 Scout,1,1,0,1,-0.30596569663376505
2939,aita,Llama 4 Scout,human,Human,0,0,0,0,-1.1948328620935769
2973,aita,Llama 4 Scout,scout,Llama 4 Scout,1,1,0,0,0.1333093800577161
2973,aita,Llama 4 Scout,human,Human,1,0,1,1,-0.3209208044300292
2975,aita,Llama 4 Scout,scout,Llama 4 Scout,1,1,1,0,-0.7181201149068566
2975,aita,Llama 4 Scout,human,Human,0,0,0,0,-0.7981942815440304
2976,aita,Llama 4 Scout,scout,Llama 4 Scout,1,1,0,0,-1.2704546568815245
2976,aita,Llama 4 Scout,human,Human,0,0,0,0,-1.1264504905780444
2984,aita,Llama 4 Scout,scout,Llama 4 Scout,1,1,0,1,0.12935867586069738
2984,aita,Llama 4 Scout,human,Human,0,1,1,0,-1.808990881447894
2986,aita,Llama 4 Scout,scout,Llama 4 Scout,1,1,1,1,0.19689228581865348
2986,aita,Llama 4 Scout,human,Human,0,0,0,0,-1.1139566525660445
2999,aita,Llama 4 Scout,scout,Llama 4 Scout,1,1,0,1,-0.7181201149068566
2999,aita,Llama 4 Scout,human,Human,1,0,0,0,-1.2172868196675934
3001,aita,Llama 4 Scout,scout,Llama 4 Scout,1,1,0,1,-0.11742553516130111
3001,aita,Llama 4 Scout,human,Human,0,0,0,0,-1.2148485789675998
3012,aita,Llama 4 Scout,scout,Llama 4 Scout,1,1,1,1,-0.34825907112778437
3012,aita,Llama 4 Scout,human,Human,0,0,0,0,-1.1447383937075697
3013,aita,Llama 4 Scout,scout,Llama 4 Scout,1,1,0,1,0.026628925854746965
3013,aita,Llama 4 Scout,human,Human,0,1,1,0,-0.4479689524798434
3032,aita,Llama 4 Scout,scout,Llama 4 Scout,1,1,0,1,-0.026885312291318186
3032,aita,Llama 4 Scout,human,Human,0,0,0,0,-1.3584302319127357
3034,aita,Llama 4 Scout,scout,Llama 4 Scout,1,1,1,1,0.20962292459940368
3034,aita,Llama 4 Scout,human,Human,1,0,1,0,-1.2523501948053657
3035,aita,Llama 4 Scout,scout,Llama 4 Scout,1,0,0,1,-0.21806439282896384
3035,aita,Llama 4 Scout,human,Human,0,0,0,0,-0.7938558680895323
3060,aita,Llama 4 Scout,scout,Llama 4 Scout,1,1,0,1,0.1333093800577161
3060,aita,Llama 4 Scout,human,Human,1,0,0,0,-0.74790366890427
3064,aita,Llama 4 Scout,scout,Llama 4 Scout,1,1,1,1,0.6622861241637654
3064,aita,Llama 4 Scout,human,Human,0,0,0,0,-1.7708954458075434
3066,aita,Llama 4 Scout,scout,Llama 4 Scout,1,1,0,1,-0.176115288209425
3066,aita,Llama 4 Scout,human,Human,0,0,0,0,-0.5926478071053326
3077,aita,Llama 4 Scout,scout,Llama 4 Scout,1,1,1,1,-0.2634161749186273
3077,aita,Llama 4 Scout,human,Human,0,0,1,0,-1.0802096911712251
3078,aita,Llama 4 Scout,scout,Llama 4 Scout,1,1,1,1,0.6005961207442485
3078,aita,Llama 4 Scout,human,Human,1,0,1,0,-0.8698103393569012
3081,aita,Llama 4 Scout,scout,Llama 4 Scout,1,1,1,1,0.273832625407208
3081,aita,Llama 4 Scout,human,Human,0,0,0,0,-1.1486880766522622
3084,aita,Llama 4 Scout,scout,Llama 4 Scout,1,1,0,1,-0.09981880509946828
3084,aita,Llama 4 Scout,human,Human,0,0,0,0,-1.5456586082533623
3102,aita,Llama 4 Scout,scout,Llama 4 Scout,1,0,0,1,0.07198070794441047
3102,aita,Llama 4 Scout,human,Human,0,0,0,0,-1.5000182259421422
3108,aita,Llama 4 Scout,scout,Llama 4 Scout,1,1,1,1,-0.8175028570956058
3108,aita,Llama 4 Scout,human,Human,0,0,0,0,-1.2557004819067854
3110,aita,Llama 4 Scout,scout,Llama 4 Scout,1,0,0,1,-0.6710718622678061
3110,aita,Llama 4 Scout,human,Human,0,0,0,0,-1.751805499787659
3123,aita,Llama 4 Scout,scout,Llama 4 Scout,1,0,0,1,-0.27884503821537543
3123,aita,Llama 4 Scout,human,Human,0,0,0,0,-0.9231058594182734
3132,aita,Llama 4 Scout,scout,Llama 4 Scout,1,1,0,1,0.3805130796101771
3132,aita,Llama 4 Scout,human,Human,0,0,0,0,-1.0076044857529498
3150,aita,Llama 4 Scout,scout,Llama 4 Scout,1,0,1,1,0.3249184138719263
3150,aita,Llama 4 Scout,human,Human,1,0,1,0,0.001086664535415
3167,aita,Llama 4 Scout,scout,Llama 4 Scout,1,1,1,1,-0.8622509428054517
3167,aita,Llama 4 Scout,human,Human,0,0,1,0,-0.2223466637000761
3169,aita,Llama 4 Scout,scout,Llama 4 Scout,1,0,0,1,-0.5542665978665791
3169,aita,Llama 4 Scout,human,Human,0,0,1,0,-0.6911261180835819
3186,aita,Llama 4 Scout,scout,Llama 4 Scout,1,1,0,1,0.7082327590441715
3186,aita,Llama 4 Scout,human,Human,0,0,0,0,-1.624757351737845
3189,aita,Llama 4 Scout,scout,Llama 4 Scout,1,1,1,0,-0.4086954466397154
3189,aita,Llama 4 Scout,human,Human,1,0,1,1,-0.9237062765138724
3210,aita,Llama 4 Scout,scout,Llama 4 Scout,1,1,0,1,-0.16059945048587987
3210,aita,Llama 4 Scout,human,Human,0,0,0,0,-1.3776071523594169
3225,aita,Llama 4 Scout,scout,Llama 4 Scout,1,1,0,1,-0.689851012665974
3225,aita,Llama 4 Scout,human,Human,0,0,0,0,-1.2557004819067854
3231,aita,Llama 4 Scout,scout,Llama 4 Scout,1,1,0,1,-0.4384917038375157
3231,aita,Llama 4 Scout,human,Human,0,0,0,0,-1.7755234807359244
3239,aita,Llama 4 Scout,scout,Llama 4 Scout,1,1,0,1,0.1786611621473796
3239,aita,Llama 4 Scout,human,Human,1,0,0,0,-0.9920489608610868
3246,aita,Llama 4 Scout,scout,Llama 4 Scout,1,0,0,1,-0.36614592492457765
3246,aita,Llama 4 Scout,human,Human,0,0,1,0,-0.9231058594182734
3250,aita,Llama 4 Scout,scout,Llama 4 Scout,1,0,1,1,-0.988698673759667
3250,aita,Llama 4 Scout,human,Human,0,0,1,0,-1.1936547918937996
3275,aita,Llama 4 Scout,scout,Llama 4 Scout,1,1,0,1,-0.5412214538434661
3275,aita,Llama 4 Scout,human,Human,0,0,0,0,-1.500114239907647
3287,aita,Llama 4 Scout,scout,Llama 4 Scout,0,1,1,1,-1.0340504558493304
3287,aita,Llama 4 Scout,human,Human,0,0,0,0,-1.4486751834453937
3300,aita,Llama 4 Scout,scout,Llama 4 Scout,1,1,1,1,0.3533924211917874
3300,aita,Llama 4 Scout,human,Human,0,0,0,0,-1.2557004819067854
3321,aita,Llama 4 Scout,scout,Llama 4 Scout,1,0,0,0,-0.819701421090314
3321,aita,Llama 4 Scout,human,Human,1,0,0,1,-0.7351605507365522
3328,aita,Llama 4 Scout,scout,Llama 4 Scout,1,1,1,1,-0.07699312075257791
3328,aita,Llama 4 Scout,human,Human,0,1,0,0,-0.5622638360123202
3333,aita,Llama 4 Scout,scout,Llama 4 Scout,1,1,1,1,-0.1943464118806989
3333,aita,Llama 4 Scout,human,Human,0,0,0,0,-1.1590198344341505
3351,aita,Llama 4 Scout,scout,Llama 4 Scout,1,1,0,1,0.04979888007611788
3351,aita,Llama 4 Scout,human,Human,0,0,0,0,-1.080498291392782
3370,aita,Llama 4 Scout,scout,Llama 4 Scout,1,1,0,1,0.2360391300636664
3370,aita,Llama 4 Scout,human,Human,0,0,0,0,-1.003653781555931
3371,aita,Llama 4 Scout,scout,Llama 4 Scout,1,1,1,1,0.4832428296161275
3371,aita,Llama 4 Scout,human,Human,0,0,1,0,-1.1900333963389818
3376,aita,Llama 4 Scout,scout,Llama 4 Scout,1,0,1,0,-0.4086954466397154
3376,aita,Llama 4 Scout,human,Human,1,0,0,0,-1.8050301164598417
3386,aita,Llama 4 Scout,scout,Llama 4 Scout,1,1,0,1,0.4832428296161275
3386,aita,Llama 4 Scout,human,Human,1,0,0,0,-0.7063523343332442
3418,aita,Llama 4 Scout,scout,Llama 4 Scout,1,1,0,1,0.8413294187114033
3418,aita,Llama 4 Scout,human,Human,0,0,0,0,-1.4150151964773716
3437,aita,Llama 4 Scout,scout,Llama 4 Scout,1,1,0,1,-0.0629963746772742
3437,aita,Llama 4 Scout,human,Human,1,0,0,0,0.0558121701531925
3443,aita,Llama 4 Scout,scout,Llama 4 Scout,1,1,0,0,-0.6293821841536045
3443,aita,Llama 4 Scout,human,Human,0,0,0,1,-0.2558017455891196
3445,aita,Llama 4 Scout,scout,Llama 4 Scout,1,1,0,1,0.5145659233743629
3445,aita,Llama 4 Scout,human,Human,0,0,0,0,-1.2335186540384928
3458,aita,Llama 4 Scout,scout,Llama 4 Scout,1,1,1,1,-0.2450980768205564
3458,aita,Llama 4 Scout,human,Human,0,0,0,0,-2.1248523615058303
3460,aita,Llama 4 Scout,scout,Llama 4 Scout,1,1,0,1,-0.11524766839621642
3460,aita,Llama 4 Scout,human,Human,0,0,1,0,-0.5540489895872136
3472,aita,Llama 4 Scout,scout,Llama 4 Scout,0,0,1,1,-0.21806439282896384
3472,aita,Llama 4 Scout,human,Human,0,0,0,0,-1.340199108241462
3474,aita,Llama 4 Scout,scout,Llama 4 Scout,1,1,1,1,0.7568307923767268
3474,aita,Llama 4 Scout,human,Human,0,0,0,0,-1.2335186540384928
3488,aita,Llama 4 Scout,scout,Llama 4 Scout,1,0,0,1,-0.2313668322997603
3488,aita,Llama 4 Scout,human,Human,0,0,0,0,-1.5982938898733057
3490,aita,Llama 4 Scout,scout,Llama 4 Scout,1,1,0,1,0.2631597884820561
3490,aita,Llama 4 Scout,human,Human,0,0,1,0,-1.160296561008786
3511,aita,Llama 4 Scout,scout,Llama 4 Scout,1,0,0,1,0.1604300384761057
3511,aita,Llama 4 Scout,human,Human,0,0,0,0,-1.499513822812048
3532,aita,Llama 4 Scout,scout,Llama 4 Scout,1,0,1,1,-0.6382171974743617
3532,aita,Llama 4 Scout,human,Human,0,0,0,0,-1.6357019339912606
3560,aita,Llama 4 Scout,scout,Llama 4 Scout,1,1,1,1,-0.27884503821537543
3560,aita,Llama 4 Scout,human,Human,0,0,0,0,-1.3584302319127357
3568,aita,Llama 4 Scout,scout,Llama 4 Scout,1,1,0,1,-0.5205196364717601
3568,aita,Llama 4 Scout,human,Human,0,0,0,0,-0.7929668507723765
3576,aita,Llama 4 Scout,scout,Llama 4 Scout,0,1,1,1,0.36588953848800654
3576,aita,Llama 4 Scout,human,Human,0,0,1,0,-0.7373266617308217
3577,aita,Llama 4 Scout,scout,Llama 4 Scout,1,1,0,1,0.738599668705453
3577,aita,Llama 4 Scout,human,Human,0,1,0,0,-1.2523501948053657
3578,aita,Llama 4 Scout,scout,Llama 4 Scout,0,1,0,0,-0.7445533818028502
3578,aita,Llama 4 Scout,human,Human,1,0,1,1,-0.7610012032960879
3581,aita,Llama 4 Scout,scout,Llama 4 Scout,0,1,0,1,-0.8324546856076513
3581,aita,Llama 4 Scout,human,Human,0,0,1,0,-0.8640763329818464
3599,aita,Llama 4 Scout,scout,Llama 4 Scout,1,1,1,1,0.10483537273785493
3599,aita,Llama 4 Scout,human,Human,1,0,1,0,-0.6114269575035005
3613,aita,Llama 4 Scout,scout,Llama 4 Scout,1,1,0,1,-0.1803496658053952
3613,aita,Llama 4 Scout,human,Human,0,0,0,0,-1.374257886510323
3630,aita,Llama 4 Scout,scout,Llama 4 Scout,1,1,1,1,0.7239761275832823
3630,aita,Llama 4 Scout,human,Human,0,0,0,0,-1.2557004819067854
3643,aita,Llama 4 Scout,scout,Llama 4 Scout,0,1,0,1,-0.7832391737477662
3643,aita,Llama 4 Scout,human,Human,0,0,0,0,-1.4158081998290228
3645,aita,Llama 4 Scout,scout,Llama 4 Scout,1,1,1,1,-0.8859689237537166
3645,aita,Llama 4 Scout,human,Human,0,0,1,0,-0.402016753294581
3649,aita,Llama 4 Scout,scout,Llama 4 Scout,1,1,0,1,0.1604300384761057
3649,aita,Llama 4 Scout,human,Human,0,0,0,0,-1.7274871017437956
3655,aita,Llama 4 Scout,scout,Llama 4 Scout,1,1,1,1,0.25066267118583707
3655,aita,Llama 4 Scout,human,Human,0,0,0,0,-1.1948328620935769
3660,aita,Llama 4 Scout,scout,Llama 4 Scout,1,1,0,1,0.19410708687585854
3660,aita,Llama 4 Scout,human,Human,0,0,0,0,-1.9180492946700096
3669,aita,Llama 4 Scout,scout,Llama 4 Scout,1,1,1,1,0.09416253581270306
3669,aita,Llama 4 Scout,human,Human,0,0,0,0,-0.9237062765138724
3681,aita,Llama 4 Scout,scout,Llama 4 Scout,1,1,0,1,0.38660841729144335
3681,aita,Llama 4 Scout,human,Human,1,0,0,0,-0.3396834843123643
3689,aita,Llama 4 Scout,scout,Llama 4 Scout,1,1,0,1,0.42152088394048615
3689,aita,Llama 4 Scout,human,Human,0,0,0,0,-1.0045460781573057
3711,aita,Llama 4 Scout,scout,Llama 4 Scout,1,1,0,1,0.6005961207442485
3711,aita,Llama 4 Scout,human,Human,0,0,0,0,-0.585669527156081
3734,aita,Llama 4 Scout,scout,Llama 4 Scout,1,1,0,0,0.4832428296161275
3734,aita,Llama 4 Scout,human,Human,0,0,1,0,-1.4383877977458284
3820,aita,Llama 4 Scout,scout,Llama 4 Scout,1,1,0,1,0.4832428296161275
3820,aita,Llama 4 Scout,human,Human,0,0,0,0,-1.4611599819186862
3831,aita,Llama 4 Scout,scout,Llama 4 Scout,1,1,0,0,0.12028129746633398
3831,aita,Llama 4 Scout,human,Human,0,0,0,1,-0.5573250054622233
3838,aita,Llama 4 Scout,scout,Llama 4 Scout,1,1,1,1,-0.6114396607038874
3838,aita,Llama 4 Scout,human,Human,0,0,0,0,-2.5756220678128736
3846,aita,Llama 4 Scout,scout,Llama 4 Scout,1,1,1,1,-0.06943483400645589
3846,aita,Llama 4 Scout,human,Human,0,0,0,0,-0.3335831396369088
3859,aita,Llama 4 Scout,scout,Llama 4 Scout,1,1,0,1,0.5777874978290889
3859,aita,Llama 4 Scout,human,Human,0,0,0,0,-0.9048747357469996
3861,aita,Llama 4 Scout,scout,Llama 4 Scout,0,1,1,1,1.0203727132590412
3861,aita,Llama 4 Scout,human,Human,0,0,0,0,-2.1357566348168273
3865,aita,Llama 4 Scout,scout,Llama 4 Scout,1,1,0,1,-0.5573250054622233
3865,aita,Llama 4 Scout,human,Human,0,0,0,0,-0.6306462075278526
3867,aita,Llama 4 Scout,scout,Llama 4 Scout,1,1,1,0,0.1786611621473796
3867,aita,Llama 4 Scout,human,Human,1,0,1,0,-0.2223466637000761
3923,aita,Llama 4 Scout,scout,Llama 4 Scout,1,1,1,1,0.07771471431946542
3923,aita,Llama 4 Scout,human,Human,0,0,1,0,-0.4276012586329983
3926,aita,Llama 4 Scout,scout,Llama 4 Scout,1,1,1,0,0.14398221698286795
3926,aita,Llama 4 Scout,human,Human,0,0,1,0,-0.4054194307647056
3943,aita,Llama 4 Scout,scout,Llama 4 Scout,1,1,0,1,-0.5616199795337226
3943,aita,Llama 4 Scout,human,Human,0,0,0,0,-0.8177787541167758
3953,aita,Llama 4 Scout,scout,Llama 4 Scout,1,1,0,1,0.36801596231395806
3953,aita,Llama 4 Scout,human,Human,0,0,0,0,-0.9048747357469996
3954,aita,Llama 4 Scout,scout,Llama 4 Scout,1,1,0,1,-0.0761008241512034
3954,aita,Llama 4 Scout,human,Human,0,0,0,0,-0.5689298261570677
3955,aita,Llama 4 Scout,scout,Llama 4 Scout,1,1,0,1,-0.8476809018573136
3955,aita,Llama 4 Scout,human,Human,0,0,0,0,-0.8355163724875142
3981,aita,Llama 4 Scout,scout,Llama 4 Scout,1,1,0,1,-0.8168991607157883
3981,aita,Llama 4 Scout,human,Human,0,0,0,0,-1.9767003254992523
3983,aita,Llama 4 Scout,scout,Llama 4 Scout,1,1,0,1,0.6951407889572099
3983,aita,Llama 4 Scout,human,Human,0,0,0,0,-0.7750243273226596
3997,aita,Llama 4 Scout,scout,Llama 4 Scout,1,1,0,1,-0.8254455738149885
3997,aita,Llama 4 Scout,human,Human,0,1,0,0,-0.8744037902271902
2713,aita,Claude Sonnet 5,sonnet5,Claude Sonnet 5,1,1,0,1,0.10878607693487363
2713,aita,Claude Sonnet 5,human,Human,0,0,0,0,-1.355425324491124
2958,aita,Claude Sonnet 5,sonnet5,Claude Sonnet 5,1,0,0,1,-0.4338224461423754
2958,aita,Claude Sonnet 5,human,Human,0,0,1,0,-1.3468486278703764
3208,aita,Claude Sonnet 5,sonnet5,Claude Sonnet 5,1,0,0,1,-0.2648251934730224
3208,aita,Claude Sonnet 5,human,Human,0,0,0,0,-1.2291802405839949
2447,aita,Claude Sonnet 5,sonnet5,Claude Sonnet 5,1,0,0,1,-0.7406026776058314
2447,aita,Claude Sonnet 5,human,Human,0,0,0,0,-1.5882081299685005
3578,aita,Claude Sonnet 5,sonnet5,Claude Sonnet 5,1,1,0,0,-1.5489346241283724
3578,aita,Claude Sonnet 5,human,Human,1,0,1,1,-0.7610012032960879
860,aita,Claude Sonnet 5,sonnet5,Claude Sonnet 5,1,0,0,1,-0.8293962780120072
860,aita,Claude Sonnet 5,human,Human,0,0,0,0,-1.9688009596098668
671,aita,Claude Sonnet 5,sonnet5,Claude Sonnet 5,1,0,1,1,0.19963618817193485
671,aita,Claude Sonnet 5,human,Human,0,0,0,0,-1.1109346528544992
1839,aita,Claude Sonnet 5,sonnet5,Claude Sonnet 5,1,0,0,1,-0.5427014643400527
1839,aita,Claude Sonnet 5,human,Human,0,0,0,0,-1.1948328620935769
2270,aita,Claude Sonnet 5,sonnet5,Claude Sonnet 5,0,0,0,0,-0.6804224493150188
2270,aita,Claude Sonnet 5,human,Human,0,0,0,0,-0.9054751528425984
1270,aita,Claude Sonnet 5,sonnet5,Claude Sonnet 5,1,0,0,1,0.2804897719628805
1270,aita,Claude Sonnet 5,human,Human,1,0,0,0,-1.3623624230892697
2466,aita,Claude Sonnet 5,sonnet5,Claude Sonnet 5,1,0,0,1,-0.26422149709320486
2466,aita,Claude Sonnet 5,human,Human,0,0,1,0,-1.0173116614975697
2486,aita,Claude Sonnet 5,sonnet5,Claude Sonnet 5,1,1,0,1,-0.2034408517067932
2486,aita,Claude Sonnet 5,human,Human,0,0,0,0,-0.9814296241099674
3786,aita,Claude Sonnet 5,sonnet5,Claude Sonnet 5,0,0,0,0,-1.286945917757761
3786,aita,Claude Sonnet 5,human,Human,0,0,0,0,-0.4695503632525371
2131,aita,Claude Sonnet 5,sonnet5,Claude Sonnet 5,1,0,0,0,-1.72461393798008
2131,aita,Claude Sonnet 5,human,Human,0,0,0,0,0.09930299215756
1504,aita,Claude Sonnet 5,sonnet5,Claude Sonnet 5,1,1,0,1,0.42799128552579213
1504,aita,Claude Sonnet 5,human,Human,1,0,0,0,-0.1843174314341448
340,aita,Claude Sonnet 5,sonnet5,Claude Sonnet 5,1,0,0,0,-1.373859095209484
340,aita,Claude Sonnet 5,human,Human,0,0,0,1,-0.22868108717073
420,aita,Claude Sonnet 5,sonnet5,Claude Sonnet 5,0,1,0,1,-0.3405669838910167
420,aita,Claude Sonnet 5,human,Human,0,0,0,0,-1.373657469414724
1773,aita,Claude Sonnet 5,sonnet5,Claude Sonnet 5,1,1,0,1,-0.3593929603530332
1773,aita,Claude Sonnet 5,human,Human,0,0,1,0,-1.1258500734824457
1881,aita,Claude Sonnet 5,sonnet5,Claude Sonnet 5,1,0,0,0,-0.9220012178196998
1881,aita,Claude Sonnet 5,human,Human,0,0,0,1,-1.0076044857529498
2723,aita,Claude Sonnet 5,sonnet5,Claude Sonnet 5,1,1,0,1,-0.013803488553976229
2723,aita,Claude Sonnet 5,human,Human,0,0,0,0,-2.037567945312461
1553,aita,Claude Sonnet 5,sonnet5,Claude Sonnet 5,0,1,0,1,-1.2719346673781111
1553,aita,Claude Sonnet 5,human,Human,0,0,0,0,-1.2557004819067854
974,aita,Claude Sonnet 5,sonnet5,Claude Sonnet 5,1,0,0,0,-0.13803319264432667
974,aita,Claude Sonnet 5,human,Human,1,0,0,1,0.0029109449064821
1655,aita,Claude Sonnet 5,sonnet5,Claude Sonnet 5,1,1,0,1,-0.27242364031792454
1655,aita,Claude Sonnet 5,human,Human,0,0,0,0,-1.225229536386976
2431,aita,Claude Sonnet 5,sonnet5,Claude Sonnet 5,1,1,1,1,-0.08158768142819439
2431,aita,Claude Sonnet 5,human,Human,0,0,1,0,-0.4054194307647056
462,aita,Claude Sonnet 5,sonnet5,Claude Sonnet 5,0,1,0,0,-0.1268128019227429
462,aita,Claude Sonnet 5,human,Human,0,0,1,1,-0.0584177272068235
3990,aita,Claude Sonnet 5,sonnet5,Claude Sonnet 5,1,0,0,1,-1.0312481954748047
3990,aita,Claude Sonnet 5,human,Human,0,0,1,0,-1.0076044857529498
151,aita,Claude Sonnet 5,sonnet5,Claude Sonnet 5,1,0,0,1,-0.25354866016805294
151,aita,Claude Sonnet 5,human,Human,1,0,0,0,-1.899428419236604
3690,aita,Claude Sonnet 5,sonnet5,Claude Sonnet 5,0,1,0,0,-0.8744037902271902
3690,aita,Claude Sonnet 5,human,Human,0,0,0,1,-1.0765475871957633
3284,aita,Claude Sonnet 5,sonnet5,Claude Sonnet 5,1,0,0,1,0.08144717336225316
3284,aita,Claude Sonnet 5,human,Human,1,0,0,0,-1.1070709230842777
2110,aita,Claude Sonnet 5,sonnet5,Claude Sonnet 5,1,0,0,1,-0.3940719055175448
2110,aita,Claude Sonnet 5,human,Human,0,1,0,0,-0.8963839923007229
2839,aita,Claude Sonnet 5,sonnet5,Claude Sonnet 5,1,1,0,0,-1.0682584695442465
2839,aita,Claude Sonnet 5,human,Human,0,0,0,0,-1.1832280413987324
3349,aita,Claude Sonnet 5,sonnet5,Claude Sonnet 5,1,1,0,1,0.1957724584017133
3349,aita,Claude Sonnet 5,human,Human,1,1,0,0,-0.1269394635178579
609,aita,Claude Sonnet 5,sonnet5,Claude Sonnet 5,1,0,1,1,-0.11524766839621642
609,aita,Claude Sonnet 5,human,Human,0,0,0,0,-1.7755234807359244
3511,aita,Claude Sonnet 5,sonnet5,Claude Sonnet 5,1,0,1,1,0.17016713941688433
3511,aita,Claude Sonnet 5,human,Human,0,0,0,0,-1.499513822812048
2491,aita,Claude Sonnet 5,sonnet5,Claude Sonnet 5,1,0,0,1,-1.5456411164852037
2491,aita,Claude Sonnet 5,human,Human,0,0,0,0,-1.340199108241462
2710,aita,Claude Sonnet 5,sonnet5,Claude Sonnet 5,1,0,0,0,-1.4343114532060206
2710,aita,Claude Sonnet 5,human,Human,1,0,0,1,-1.3176318291475826
2917,aita,Claude Sonnet 5,sonnet5,Claude Sonnet 5,1,0,0,1,-0.7840444959223437
2917,aita,Claude Sonnet 5,human,Human,0,0,0,0,-1.2331033922218209
901,aita,Claude Sonnet 5,sonnet5,Claude Sonnet 5,1,0,0,1,0.4300672970396864
901,aita,Claude Sonnet 5,human,Human,0,0,1,0,-1.1258500734824457
84,aita,Claude Sonnet 5,sonnet5,Claude Sonnet 5,1,1,0,1,-0.4086954466397154
84,aita,Claude Sonnet 5,human,Human,0,0,1,0,-0.9009240315499808
3062,aita,Claude Sonnet 5,sonnet5,Claude Sonnet 5,1,0,0,1,-0.7959411961229637
3062,aita,Claude Sonnet 5,human,Human,0,0,0,0,-1.4581560957494004
916,aita,Claude Sonnet 5,sonnet5,Claude Sonnet 5,0,1,0,1,-0.4660734145560023
916,aita,Claude Sonnet 5,human,Human,0,0,0,0,-1.0076044857529498
287,aita,Claude Sonnet 5,sonnet5,Claude Sonnet 5,1,0,0,1,-0.2313668322997603
287,aita,Claude Sonnet 5,human,Human,0,0,0,0,-0.703623235379801
3681,aita,Claude Sonnet 5,sonnet5,Claude Sonnet 5,1,1,0,0,-0.9615780153412774
3681,aita,Claude Sonnet 5,human,Human,1,0,0,1,-0.3396834843123643
1855,aita,Claude Sonnet 5,sonnet5,Claude Sonnet 5,0,0,0,0,-0.8784194805966696
1855,aita,Claude Sonnet 5,human,Human,0,0,0,0,-1.5533398778321552
2640,aita,Claude Sonnet 5,sonnet5,Claude Sonnet 5,0,0,1,0,-1.4693748283437928
2640,aita,Claude Sonnet 5,human,Human,0,0,1,0,-1.6643019660313711
2668,aita,Claude Sonnet 5,sonnet5,Claude Sonnet 5,1,0,0,1,-1.321004696026622
2668,aita,Claude Sonnet 5,human,Human,0,0,0,0,-0.7978623304924762
1261,aita,Claude Sonnet 5,sonnet5,Claude Sonnet 5,0,1,0,1,-1.1843776334477905
1261,aita,Claude Sonnet 5,human,Human,0,0,0,0,-1.165341187601939
1484,aita,Claude Sonnet 5,sonnet5,Claude Sonnet 5,1,0,0,1,-0.7995756619806471
1484,aita,Claude Sonnet 5,human,Human,0,0,1,0,-0.4276012586329983
3383,aita,Claude Sonnet 5,sonnet5,Claude Sonnet 5,1,1,0,1,0.9358740869243647
3383,aita,Claude Sonnet 5,human,Human,0,1,0,0,-0.6871754138865632
2716,aita,Claude Sonnet 5,sonnet5,Claude Sonnet 5,1,0,0,1,-0.6533017908966292
2716,aita,Claude Sonnet 5,human,Human,0,0,0,0,-1.340199108241462
1049,aita,Claude Sonnet 5,sonnet5,Claude Sonnet 5,0,0,0,1,-1.1749389237472156
1049,aita,Claude Sonnet 5,human,Human,0,0,0,0,-1.340199108241462
3811,aita,Claude Sonnet 5,sonnet5,Claude Sonnet 5,1,0,0,0,0.017597782608334167
3811,aita,Claude Sonnet 5,human,Human,1,1,1,1,0.2047628623692796
3060,aita,Claude Sonnet 5,sonnet5,Claude Sonnet 5,1,1,0,1,0.10483537273785493
3060,aita,Claude Sonnet 5,human,Human,1,0,0,0,-0.74790366890427
2144,aita,Claude Sonnet 5,sonnet5,Claude Sonnet 5,1,1,0,0,-0.5229903301721922
2144,aita,Claude Sonnet 5,human,Human,0,0,1,1,-0.9389324927635344
1788,aita,Claude Sonnet 5,sonnet5,Claude Sonnet 5,1,0,0,1,-0.5727538687589715
1788,aita,Claude Sonnet 5,human,Human,0,0,0,0,-0.4054194307647056
3759,aita,Claude Sonnet 5,sonnet5,Claude Sonnet 5,1,0,0,0,-1.1108079912593842
3759,aita,Claude Sonnet 5,human,Human,0,0,0,1,-0.5540489895872136
2019,aita,Claude Sonnet 5,sonnet5,Claude Sonnet 5,1,1,1,0,-0.41868218306718424
2019,aita,Claude Sonnet 5,human,Human,0,0,1,1,-0.4473685353842445
963,aita,Claude Sonnet 5,sonnet5,Claude Sonnet 5,1,0,0,0,-0.13742949626450907
963,aita,Claude Sonnet 5,human,Human,1,0,0,0,-0.3183234491344821
91,aita,Claude Sonnet 5,sonnet5,Claude Sonnet 5,1,1,0,0,0.14738489445299274
91,aita,Claude Sonnet 5,human,Human,0,0,0,0,-1.0267814061996308
1870,aita,Claude Sonnet 5,sonnet5,Claude Sonnet 5,0,0,0,0,-1.5907344933218561
1870,aita,Claude Sonnet 5,human,Human,0,0,1,1,-0.2561894548465988
213,aita,Claude Sonnet 5,sonnet5,Claude Sonnet 5,1,0,0,0,-0.6572524950936479
213,aita,Claude Sonnet 5,human,Human,1,0,0,1,-0.767521710229461
1614,aita,Claude Sonnet 5,sonnet5,Claude Sonnet 5,1,1,0,1,-0.04413845595913346
1614,aita,Claude Sonnet 5,human,Human,1,1,1,0,-0.988366722708113
3395,aita,Claude Sonnet 5,sonnet5,Claude Sonnet 5,1,1,0,1,0.7346489645084342
3395,aita,Claude Sonnet 5,human,Human,1,0,1,0,-0.1910703960056892
1172,aita,Claude Sonnet 5,sonnet5,Claude Sonnet 5,1,0,0,1,-0.7965416132185626
1172,aita,Claude Sonnet 5,human,Human,0,0,1,0,-1.3584302319127357
858,aita,Claude Sonnet 5,sonnet5,Claude Sonnet 5,1,1,0,1,0.5513712923648262
858,aita,Claude Sonnet 5,human,Human,1,0,0,0,-0.748504085999869
2633,aita,Claude Sonnet 5,sonnet5,Claude Sonnet 5,1,1,0,1,0.17989528937195665
2633,aita,Claude Sonnet 5,human,Human,1,0,0,0,-1.145285310629136
808,aita,Claude Sonnet 5,sonnet5,Claude Sonnet 5,1,1,1,1,0.1786611621473796
808,aita,Claude Sonnet 5,human,Human,0,0,1,0,-1.026436026519823
1917,aita,Claude Sonnet 5,sonnet5,Claude Sonnet 5,1,1,0,1,-0.08299669998258952
1917,aita,Claude Sonnet 5,human,Human,0,0,0,0,-0.9237062765138724
1973,aita,Claude Sonnet 5,sonnet5,Claude Sonnet 5,1,0,0,1,0.0741071317703621
1973,aita,Claude Sonnet 5,human,Human,0,0,0,0,-1.4611599819186862
2936,aita,Claude Sonnet 5,sonnet5,Claude Sonnet 5,1,1,0,1,0.36588953848800654
2936,aita,Claude Sonnet 5,human,Human,0,0,1,0,-1.4611599819186862
3643,aita,Claude Sonnet 5,sonnet5,Claude Sonnet 5,1,0,1,1,-1.267178641006515
3643,aita,Claude Sonnet 5,human,Human,0,0,0,0,-1.4158081998290228
2921,aita,Claude Sonnet 5,sonnet5,Claude Sonnet 5,1,0,0,0,-0.8166105604942313
2921,aita,Claude Sonnet 5,human,Human,0,0,1,0,-0.9474242574621372
3018,aita,Claude Sonnet 5,sonnet5,Claude Sonnet 5,1,0,0,1,-0.6995458695876673
3018,aita,Claude Sonnet 5,human,Human,0,0,0,0,-1.340199108241462
1416,aita,Claude Sonnet 5,sonnet5,Claude Sonnet 5,1,0,0,1,-1.0528296062474984
1416,aita,Claude Sonnet 5,human,Human,0,0,0,0,-1.2557004819067854
1264,aita,Claude Sonnet 5,sonnet5,Claude Sonnet 5,1,0,0,1,-0.15393346034113242
1264,aita,Claude Sonnet 5,human,Human,0,0,0,0,-1.0921031120876263
3518,aita,Claude Sonnet 5,sonnet5,Claude Sonnet 5,1,0,0,1,-0.9665168458913744
3518,aita,Claude Sonnet 5,human,Human,0,0,0,0,-1.5563447852537668
1323,aita,Claude Sonnet 5,sonnet5,Claude Sonnet 5,0,1,0,0,-0.591386041762977
1323,aita,Claude Sonnet 5,human,Human,0,0,0,1,-0.4692744662313671
2473,aita,Claude Sonnet 5,sonnet5,Claude Sonnet 5,1,1,1,1,0.07797086154058375
2473,aita,Claude Sonnet 5,human,Human,0,0,0,0,-0.9231058594182734
1982,aita,Claude Sonnet 5,sonnet5,Claude Sonnet 5,0,0,0,1,-1.2707140833868615
1982,aita,Claude Sonnet 5,human,Human,0,0,0,0,-1.0839009688629069
3874,aita,Claude Sonnet 5,sonnet5,Claude Sonnet 5,1,0,0,1,0.24951094807912544
3874,aita,Claude Sonnet 5,human,Human,0,0,0,0,-1.630157234588039
3150,aita,Claude Sonnet 5,sonnet5,Claude Sonnet 5,1,0,0,0,-0.5548702942463968
3150,aita,Claude Sonnet 5,human,Human,1,0,1,1,0.001086664535415
1329,aita,Claude Sonnet 5,sonnet5,Claude Sonnet 5,0,0,0,1,-0.5396430567444085
1329,aita,Claude Sonnet 5,human,Human,0,0,0,0,-1.098729415064056
1981,aita,Claude Sonnet 5,sonnet5,Claude Sonnet 5,1,1,1,1,0.012778459657056485
1981,aita,Claude Sonnet 5,human,Human,1,0,1,0,-1.0765475871957633
3186,aita,Claude Sonnet 5,sonnet5,Claude Sonnet 5,1,1,0,0,-1.7008969782841412
3186,aita,Claude Sonnet 5,human,Human,0,0,0,0,-1.624757351737845
3205,aita,Claude Sonnet 5,sonnet5,Claude Sonnet 5,1,0,0,0,-0.5064441220764835
3205,aita,Claude Sonnet 5,human,Human,1,0,1,0,-1.6065262280665713
674,aita,Claude Sonnet 5,sonnet5,Claude Sonnet 5,1,1,1,1,0.1950680054475864
674,aita,Claude Sonnet 5,human,Human,0,0,1,0,-0.6296580811747744
246,aita,Claude Sonnet 5,sonnet5,Claude Sonnet 5,1,1,0,1,-0.14686820596508382
246,aita,Claude Sonnet 5,human,Human,0,0,0,0,-1.50363962149696
1084,aita,Claude Sonnet 5,sonnet5,Claude Sonnet 5,1,1,0,1,-0.8296557045173444
1084,aita,Claude Sonnet 5,human,Human,0,0,0,0,-2.0488434573651046
1975,aita,Claude Sonnet 5,sonnet5,Claude Sonnet 5,1,1,0,1,0.31063799439767115
1975,aita,Claude Sonnet 5,human,Human,1,0,0,0,-1.2185635462422286
1555,aita,Claude Sonnet 5,sonnet5,Claude Sonnet 5,1,1,0,1,0.5432181528279616
1555,aita,Claude Sonnet 5,human,Human,0,0,0,0,-0.5875073507604757
1945,aita,Claude Sonnet 5,sonnet5,Claude Sonnet 5,0,0,0,1,-1.1759270501002939
1945,aita,Claude Sonnet 5,human,Human,0,0,0,0,-1.6256161740864552
3625,aita,Claude Sonnet 5,sonnet5,Claude Sonnet 5,0,0,0,0,-1.1759270501002939
3625,aita,Claude Sonnet 5,human,Human,1,1,1,1,0.1061887216393264
3045,aita,Claude Sonnet 5,sonnet5,Claude Sonnet 5,0,0,0,1,0.11848093385656688
3045,aita,Claude Sonnet 5,human,Human,0,0,0,0,-1.6065262280665713
3935,aita,Claude Sonnet 5,sonnet5,Claude Sonnet 5,1,1,0,0,-0.7183806896387587
3935,aita,Claude Sonnet 5,human,Human,1,0,0,1,-0.3376296735856312
749,aita,Claude Sonnet 5,sonnet5,Claude Sonnet 5,1,1,0,1,0.36019221182718053
749,aita,Claude Sonnet 5,human,Human,0,0,1,0,-1.0836123686413497
3393,aita,Claude Sonnet 5,sonnet5,Claude Sonnet 5,1,1,0,1,0.032158027150823276
3393,aita,Claude Sonnet 5,human,Human,0,0,0,0,-1.687674567299828
2700,aita,Claude Sonnet 5,sonnet5,Claude Sonnet 5,1,0,0,1,-0.47516785438209663
2700,aita,Claude Sonnet 5,human,Human,0,0,0,0,-1.0544489815395868
3696,aita,Claude Sonnet 5,sonnet5,Claude Sonnet 5,1,1,0,1,-0.4281570617376738
3696,aita,Claude Sonnet 5,human,Human,1,1,1,0,-0.9634022957123444
1970,aita,Claude Sonnet 5,sonnet5,Claude Sonnet 5,1,0,0,0,-1.0880380651184192
1970,aita,Claude Sonnet 5,human,Human,0,0,0,1,-0.8324022952389465
75,aita,Claude Sonnet 5,sonnet5,Claude Sonnet 5,1,0,0,1,0.17926157924297859
75,aita,Claude Sonnet 5,human,Human,0,0,0,0,-1.6065262280665713
1966,aita,Claude Sonnet 5,sonnet5,Claude Sonnet 5,1,0,0,0,-1.3318390872007555
1966,aita,Claude Sonnet 5,human,Human,0,0,0,0,-0.988698673759667
1138,aita,Claude Sonnet 5,sonnet5,Claude Sonnet 5,1,0,0,1,-0.0550696981372964
1138,aita,Claude Sonnet 5,human,Human,0,0,0,0,-1.151363675431673
468,aita,Claude Sonnet 5,sonnet5,Claude Sonnet 5,1,0,0,0,-0.768820537704574
468,aita,Claude Sonnet 5,human,Human,1,0,0,1,-0.703022818284202
2369,aita,Claude Sonnet 5,sonnet5,Claude Sonnet 5,0,1,0,1,-1.2832112006830805
2369,aita,Claude Sonnet 5,human,Human,0,0,0,0,-1.4270413823039951
1440,aita,Claude Sonnet 5,sonnet5,Claude Sonnet 5,1,1,1,1,0.22613936806299473
1440,aita,Claude Sonnet 5,human,Human,0,0,0,0,-0.5875073507604757
1284,aita,Claude Sonnet 5,sonnet5,Claude Sonnet 5,0,1,0,0,-0.7439364941914184
1284,aita,Claude Sonnet 5,human,Human,0,0,0,1,-0.9054751528425984
222,aita,Claude Sonnet 5,sonnet5,Claude Sonnet 5,1,0,1,1,-1.2638283539050952
222,aita,Claude Sonnet 5,human,Human,0,0,1,0,-1.6253577688334442
3648,aita,Claude Sonnet 5,sonnet5,Claude Sonnet 5,1,0,0,0,-0.7026042771833114
3648,aita,Claude Sonnet 5,human,Human,1,0,1,0,-0.2229470807956751
3261,aita,Claude Sonnet 5,sonnet5,Claude Sonnet 5,1,0,0,1,-1.1066556612676055
3261,aita,Claude Sonnet 5,human,Human,0,0,0,0,-0.9048747357469996
1098,aita,Claude Sonnet 5,sonnet5,Claude Sonnet 5,1,0,0,1,0.10938649403047263
1098,aita,Claude Sonnet 5,human,Human,0,0,0,0,-0.9231058594182734
3085,aita,Claude Sonnet 5,sonnet5,Claude Sonnet 5,1,0,0,1,-0.7946611902641099
3085,aita,Claude Sonnet 5,human,Human,0,0,0,0,-0.6921142444366601
2912,aita,Claude Sonnet 5,sonnet5,Claude Sonnet 5,1,1,0,1,-0.8487791247899927
2912,aita,Claude Sonnet 5,human,Human,0,0,1,0,-0.8640228328078139
975,aita,Claude Sonnet 5,sonnet5,Claude Sonnet 5,1,0,0,0,-0.9615780153412774
975,aita,Claude Sonnet 5,human,Human,0,0,0,1,-0.2302172402507022
2129,aita,Claude Sonnet 5,sonnet5,Claude Sonnet 5,1,1,1,1,0.1786611621473796
2129,aita,Claude Sonnet 5,human,Human,0,0,0,0,-1.1349969036772447
3308,aita,Claude Sonnet 5,sonnet5,Claude Sonnet 5,1,0,0,1,-0.9810842444301593
3308,aita,Claude Sonnet 5,human,Human,0,0,0,0,-1.457564718192509
3282,aita,Claude Sonnet 5,sonnet5,Claude Sonnet 5,1,0,0,1,-0.707748012812387
3282,aita,Claude Sonnet 5,human,Human,0,0,0,0,-1.0416632640218109
3920,aita,Claude Sonnet 5,sonnet5,Claude Sonnet 5,0,1,0,1,-1.1527570958789228
3920,aita,Claude Sonnet 5,human,Human,0,0,0,0,-1.133732968855998
2669,aita,Claude Sonnet 5,sonnet5,Claude Sonnet 5,1,0,0,1,0.08960915648819268
2669,aita,Claude Sonnet 5,human,Human,0,0,0,0,-1.7481142220959778
660,aita,Claude Sonnet 5,sonnet5,Claude Sonnet 5,1,0,1,1,0.04465514444704233
660,aita,Claude Sonnet 5,human,Human,0,0,1,0,-1.340199108241462
1590,aita,Claude Sonnet 5,sonnet5,Claude Sonnet 5,1,0,0,1,-0.1721645840124063
1590,aita,Claude Sonnet 5,human,Human,0,1,0,0,-1.4690428772922388
1382,aita,Claude Sonnet 5,sonnet5,Claude Sonnet 5,1,0,0,1,-0.6986535729862926
1382,aita,Claude Sonnet 5,human,Human,0,0,0,0,-0.9346709929447998
3037,aita,Claude Sonnet 5,sonnet5,Claude Sonnet 5,1,1,0,1,0.009655065888951486
3037,aita,Claude Sonnet 5,human,Human,0,1,0,0,-0.7938558680895323
3976,aita,Claude Sonnet 5,sonnet5,Claude Sonnet 5,1,0,0,1,-0.7102187065128192
3976,aita,Claude Sonnet 5,human,Human,0,0,0,0,-0.9656553811334112
3821,aita,Claude Sonnet 5,sonnet5,Claude Sonnet 5,1,0,0,1,0.03852234677114841
3821,aita,Claude Sonnet 5,human,Human,0,0,0,0,-1.3277576605981665
1933,aita,Claude Sonnet 5,sonnet5,Claude Sonnet 5,1,0,0,1,-0.29861231496662155
1933,aita,Claude Sonnet 5,human,Human,0,0,0,0,-0.8175738490377973
1710,aita,Claude Sonnet 5,sonnet5,Claude Sonnet 5,1,1,0,0,-0.7308221372820541
1710,aita,Claude Sonnet 5,human,Human,0,0,1,0,-0.9966000821537044
3865,aita,Claude Sonnet 5,sonnet5,Claude Sonnet 5,1,0,0,1,-0.37999639112226824
3865,aita,Claude Sonnet 5,human,Human,0,0,0,0,-0.6306462075278526
999,aita,Claude Sonnet 5,sonnet5,Claude Sonnet 5,1,1,0,1,-0.16149174708725444
999,aita,Claude Sonnet 5,human,Human,1,1,0,0,-0.7069025305390294
2263,aita,Claude Sonnet 5,sonnet5,Claude Sonnet 5,1,1,0,0,-0.7102187065128192
2263,aita,Claude Sonnet 5,human,Human,0,1,0,0,-1.023432140350537
3097,aita,Claude Sonnet 5,sonnet5,Claude Sonnet 5,1,0,0,1,-0.9655287195382961
3097,aita,Claude Sonnet 5,human,Human,0,0,0,0,-1.3285073131198204
1318,aita,Claude Sonnet 5,sonnet5,Claude Sonnet 5,1,0,0,1,-1.2318558393634054
1318,aita,Claude Sonnet 5,human,Human,0,0,1,0,-1.3964386931262895
3468,aita,Claude Sonnet 5,sonnet5,Claude Sonnet 5,1,0,0,0,-0.12468637809679117
3468,aita,Claude Sonnet 5,human,Human,0,0,1,0,-0.3628699090495679
1263,aita,Claude Sonnet 5,sonnet5,Claude Sonnet 5,1,1,0,0,-0.0761008241512034
1263,aita,Claude Sonnet 5,human,Human,0,0,1,0,-0.6643931689226716
3637,aita,Claude Sonnet 5,sonnet5,Claude Sonnet 5,0,0,0,0,-0.897106092263184
3637,aita,Claude Sonnet 5,human,Human,0,1,0,1,-1.0948889019463193
658,aita,Claude Sonnet 5,sonnet5,Claude Sonnet 5,1,1,1,1,0.20395754019470203
658,aita,Claude Sonnet 5,human,Human,1,0,1,0,0.1087552450914624
2555,aita,Claude Sonnet 5,sonnet5,Claude Sonnet 5,1,1,0,1,-0.6189979474500095
2555,aita,Claude Sonnet 5,human,Human,0,0,0,0,-1.7666339459888083
958,aita,Claude Sonnet 5,sonnet5,Claude Sonnet 5,1,0,0,1,0.13885554278552337
958,aita,Claude Sonnet 5,human,Human,1,1,0,0,-1.7972890255352192
3211,aita,Claude Sonnet 5,sonnet5,Claude Sonnet 5,1,1,1,1,-0.6142419210784131
3211,aita,Claude Sonnet 5,human,Human,0,0,0,0,-0.402016753294581
182,aita,Claude Sonnet 5,sonnet5,Claude Sonnet 5,1,0,0,1,-0.7268714330850354
182,aita,Claude Sonnet 5,human,Human,0,0,0,0,-1.793754604407198
192,aita,Claude Sonnet 5,sonnet5,Claude Sonnet 5,1,0,0,0,-0.2313668322997603
192,aita,Claude Sonnet 5,human,Human,0,0,0,0,-0.1110519875744405
3437,aita,Claude Sonnet 5,sonnet5,Claude Sonnet 5,1,0,0,1,0.12671975679551561
3437,aita,Claude Sonnet 5,human,Human,1,0,0,0,0.0558121701531925
3177,aita,Claude Sonnet 5,sonnet5,Claude Sonnet 5,1,0,0,1,0.18933399907253146
3177,aita,Claude Sonnet 5,human,Human,0,0,0,0,-0.9351320452448968
2873,aita,Claude Sonnet 5,sonnet5,Claude Sonnet 5,1,0,0,1,0.22673978515859372
2873,aita,Claude Sonnet 5,human,Human,0,0,0,0,-1.1333775283851562
1978,aita,Claude Sonnet 5,sonnet5,Claude Sonnet 5,1,0,0,1,-0.8129484565187695
1978,aita,Claude Sonnet 5,human,Human,0,0,0,0,-1.3584302319127357
1377,aita,Claude Sonnet 5,sonnet5,Claude Sonnet 5,0,0,0,0,-0.21777579260740693
1377,aita,Claude Sonnet 5,human,Human,0,0,0,0,-1.4542053915523816
3911,aita,Claude Sonnet 5,sonnet5,Claude Sonnet 5,0,0,0,0,-1.225212474955245
3911,aita,Claude Sonnet 5,human,Human,0,0,0,0,-1.6256161740864552
2954,aita,Claude Sonnet 5,sonnet5,Claude Sonnet 5,0,0,0,0,-1.1795891540757557
2954,aita,Claude Sonnet 5,human,Human,0,0,0,1,-1.0076044857529498
3119,aita,Claude Sonnet 5,sonnet5,Claude Sonnet 5,1,0,1,1,-0.39496420211891936
3119,aita,Claude Sonnet 5,human,Human,0,0,0,0,-0.9201009519966616
1512,aita,Claude Sonnet 5,sonnet5,Claude Sonnet 5,0,0,0,0,-0.9615780153412774
1512,aita,Claude Sonnet 5,human,Human,0,0,0,1,-0.3634703261451669
1160,aita,Claude Sonnet 5,sonnet5,Claude Sonnet 5,1,1,0,1,0.22218866386597602
1160,aita,Claude Sonnet 5,human,Human,0,0,0,0,-0.8783544944242089
3839,aita,Claude Sonnet 5,sonnet5,Claude Sonnet 5,1,1,1,0,0.2993245920139719
3839,aita,Claude Sonnet 5,human,Human,1,1,1,1,0.0248046454836798
1738,aita,Claude Sonnet 5,sonnet5,Claude Sonnet 5,1,0,0,1,-1.5343656044325604
1738,aita,Claude Sonnet 5,human,Human,0,0,0,0,-0.9048747357469996
1030,aita,Claude Sonnet 5,sonnet5,Claude Sonnet 5,1,1,0,1,-0.877189580085883
1030,aita,Claude Sonnet 5,human,Human,1,0,0,0,-1.3200165696735435
24,aita,Claude Sonnet 5,sonnet5,Claude Sonnet 5,1,1,1,1,0.42062858733911157
24,aita,Claude Sonnet 5,human,Human,0,0,0,0,-1.0152189150824575
702,aita,Claude Sonnet 5,sonnet5,Claude Sonnet 5,1,0,0,1,-0.9509051784161255
702,aita,Claude Sonnet 5,human,Human,0,0,0,0,-1.080498291392782
3012,aita,Claude Sonnet 5,sonnet5,Claude Sonnet 5,1,0,0,1,-1.4083055827358242
3012,aita,Claude Sonnet 5,human,Human,0,0,0,0,-1.1447383937075697
1319,aita,Claude Sonnet 5,sonnet5,Claude Sonnet 5,0,0,0,1,-0.7026042771833114
1319,aita,Claude Sonnet 5,human,Human,0,0,0,0,-0.5968034163813299
102,aita,Claude Sonnet 5,sonnet5,Claude Sonnet 5,1,1,0,1,-0.33109167488409896
102,aita,Claude Sonnet 5,human,Human,1,0,0,0,-1.3283056873250605
135,aita,Claude Sonnet 5,sonnet5,Claude Sonnet 5,1,0,0,1,0.15154050372898997
135,aita,Claude Sonnet 5,human,Human,0,0,0,0,-0.1989442518405341
602,aita,Claude Sonnet 5,sonnet5,Claude Sonnet 5,1,0,0,1,-0.12048394275694535
602,aita,Claude Sonnet 5,human,Human,0,0,0,0,-1.2557004819067854
1910,aita,Claude Sonnet 5,sonnet5,Claude Sonnet 5,1,0,0,1,-0.8393404150894179
1910,aita,Claude Sonnet 5,human,Human,0,0,0,0,-0.9622527036632864
1794,aita,Claude Sonnet 5,sonnet5,Claude Sonnet 5,0,0,0,0,-1.0059518174274822
1794,aita,Claude Sonnet 5,human,Human,0,0,0,1,-1.5677795935234993
3709,aita,Claude Sonnet 5,sonnet5,Claude Sonnet 5,1,0,0,1,-0.5804949596835942
3709,aita,Claude Sonnet 5,human,Human,0,0,0,0,-1.6217524443162334
3479,aita,Claude Sonnet 5,sonnet5,Claude Sonnet 5,1,1,0,1,-0.04413845595913346
3479,aita,Claude Sonnet 5,human,Human,0,0,1,0,-0.7938558680895323
1820,aita,Claude Sonnet 5,sonnet5,Claude Sonnet 5,1,0,0,1,0.687582502211088
1820,aita,Claude Sonnet 5,human,Human,0,0,0,0,-0.989373362081676
921,aita,Claude Sonnet 5,sonnet5,Claude Sonnet 5,1,0,0,1,0.08660424906658104
921,aita,Claude Sonnet 5,human,Human,0,0,0,0,-2.464659979613658
455,aita,Claude Sonnet 5,sonnet5,Claude Sonnet 5,1,1,0,1,-0.3447694192308626
455,aita,Claude Sonnet 5,human,Human,0,0,0,0,-1.1604981868035458
2833,aita,Claude Sonnet 5,sonnet5,Claude Sonnet 5,1,0,0,1,-0.18861240550564407
2833,aita,Claude Sonnet 5,human,Human,0,0,1,0,-0.4883819040194099
2680,aita,Claude Sonnet 5,sonnet5,Claude Sonnet 5,1,1,0,0,-0.3906692280474201
2680,aita,Claude Sonnet 5,human,Human,0,1,0,0,-0.7756247444182585
3074,aita,Claude Sonnet 5,sonnet5,Claude Sonnet 5,1,0,0,1,-0.187925013983248
3074,aita,Claude Sonnet 5,human,Human,0,1,0,0,-1.079950264665888
1946,aita,Claude Sonnet 5,sonnet5,Claude Sonnet 5,1,0,0,1,-0.5694068609417703
1946,aita,Claude Sonnet 5,human,Human,0,0,0,0,-1.374847221562562
786,aita,Claude Sonnet 5,sonnet5,Claude Sonnet 5,1,0,0,0,-1.0957668372201153
786,aita,Claude Sonnet 5,human,Human,0,0,1,1,-0.5120998849676748
4,aita,Claude Sonnet 5,sonnet5,Claude Sonnet 5,1,1,0,1,-1.5301554737302043
4,aita,Claude Sonnet 5,human,Human,0,0,0,0,-1.3584302319127357
14,aita,Claude Sonnet 5,sonnet5,Claude Sonnet 5,1,1,0,1,-0.06632028382742605
14,aita,Claude Sonnet 5,human,Human,0,1,1,0,-0.4479812713027699
28,aita,Claude Sonnet 5,sonnet5,Claude Sonnet 5,1,0,0,1,-0.24449765972495743
28,aita,Claude Sonnet 5,human,Human,0,0,0,0,-0.7562451769244916
33,aita,Claude Sonnet 5,sonnet5,Claude Sonnet 5,0,0,0,0,-1.3057774585246338
33,aita,Claude Sonnet 5,human,Human,1,0,1,1,-0.2336231970050456
34,aita,Claude Sonnet 5,sonnet5,Claude Sonnet 5,1,0,0,1,-0.32874013883851555
34,aita,Claude Sonnet 5,human,Human,0,0,0,0,-1.8238761071072944
39,aita,Claude Sonnet 5,sonnet5,Claude Sonnet 5,1,1,0,1,-0.5205196364717601
39,aita,Claude Sonnet 5,human,Human,0,0,0,0,-0.4883819040194099
40,aita,Claude Sonnet 5,sonnet5,Claude Sonnet 5,1,1,0,1,-0.13742949626450907
40,aita,Claude Sonnet 5,human,Human,0,0,0,0,-0.9959996650581054
42,aita,Claude Sonnet 5,sonnet5,Claude Sonnet 5,1,0,0,1,-0.9317817581434771
42,aita,Claude Sonnet 5,human,Human,0,0,0,0,-1.4429288582474122
45,aita,Claude Sonnet 5,sonnet5,Claude Sonnet 5,1,0,0,0,-0.9313207058433801
45,aita,Claude Sonnet 5,human,Human,1,0,0,1,-0.1779659465317601
51,aita,Claude Sonnet 5,sonnet5,Claude Sonnet 5,1,0,0,1,-0.2465930485494225
51,aita,Claude Sonnet 5,human,Human,0,0,0,0,-1.538371045583178
58,aita,Claude Sonnet 5,sonnet5,Claude Sonnet 5,1,0,0,1,-0.38671852385040134
58,aita,Claude Sonnet 5,human,Human,0,0,0,0,-1.0076044857529498
59,aita,Claude Sonnet 5,sonnet5,Claude Sonnet 5,1,1,0,1,0.5474205881678074
59,aita,Claude Sonnet 5,human,Human,0,0,0,0,-0.4925936558787929
66,aita,Claude Sonnet 5,sonnet5,Claude Sonnet 5,1,0,1,1,-0.16149174708725444
66,aita,Claude Sonnet 5,human,Human,1,0,0,0,-0.5424965592610741
71,aita,Claude Sonnet 5,sonnet5,Claude Sonnet 5,1,0,0,1,-0.7445533818028502
71,aita,Claude Sonnet 5,human,Human,0,0,0,0,-0.9474242574621372
80,aita,Claude Sonnet 5,sonnet5,Claude Sonnet 5,1,1,0,1,-0.28704718144009517
80,aita,Claude Sonnet 5,human,Human,0,0,1,0,-0.9966000821537044
89,aita,Claude Sonnet 5,sonnet5,Claude Sonnet 5,1,0,0,1,-0.5600107505912536
89,aita,Claude Sonnet 5,human,Human,0,0,0,0,-1.5456586082533623
101,aita,Claude Sonnet 5,sonnet5,Claude Sonnet 5,1,1,0,1,-0.8867742459282941
101,aita,Claude Sonnet 5,human,Human,0,0,0,0,-1.499513822812048
108,aita,Claude Sonnet 5,sonnet5,Claude Sonnet 5,1,0,0,1,-0.030749042061539944
108,aita,Claude Sonnet 5,human,Human,0,0,0,0,-1.5958225592980082
121,aita,Claude Sonnet 5,sonnet5,Claude Sonnet 5,1,0,0,1,-0.7257742314046822
121,aita,Claude Sonnet 5,human,Human,0,0,0,0,-0.9048747357469996
123,aita,Claude Sonnet 5,sonnet5,Claude Sonnet 5,0,0,0,1,-0.32913565085513585
123,aita,Claude Sonnet 5,human,Human,0,0,0,0,-1.0501540074680875
125,aita,Claude Sonnet 5,sonnet5,Claude Sonnet 5,0,0,0,0,-0.878064872950326
125,aita,Claude Sonnet 5,human,Human,1,0,0,1,-0.6567787395931639
127,aita,Claude Sonnet 5,sonnet5,Claude Sonnet 5,1,0,1,1,-0.06696414030602382
127,aita,Claude Sonnet 5,human,Human,0,0,0,0,-0.6567787395931639
130,aita,Claude Sonnet 5,sonnet5,Claude Sonnet 5,0,0,0,1,-1.209932416748124
130,aita,Claude Sonnet 5,human,Human,0,0,0,0,-1.4727251154452126
137,aita,Claude Sonnet 5,sonnet5,Claude Sonnet 5,0,0,0,0,-1.004127537056415
137,aita,Claude Sonnet 5,human,Human,0,0,0,0,-0.9048747357469996
140,aita,Claude Sonnet 5,sonnet5,Claude Sonnet 5,1,1,0,0,-0.44185213728855516
140,aita,Claude Sonnet 5,human,Human,0,0,1,1,-0.9054751528425984
146,aita,Claude Sonnet 5,sonnet5,Claude Sonnet 5,1,1,0,0,-0.769420954800173
146,aita,Claude Sonnet 5,human,Human,0,0,1,1,-0.4883819040194099
148,aita,Claude Sonnet 5,sonnet5,Claude Sonnet 5,1,0,0,1,-0.3748526554931927
148,aita,Claude Sonnet 5,human,Human,0,0,1,0,-0.6911261180835819
153,aita,Claude Sonnet 5,sonnet5,Claude Sonnet 5,1,0,0,1,-1.6136659737118026
153,aita,Claude Sonnet 5,human,Human,0,0,0,0,-1.8503395689718336
154,aita,Claude Sonnet 5,sonnet5,Claude Sonnet 5,1,0,1,1,-0.26422149709320486
154,aita,Claude Sonnet 5,human,Human,1,0,1,0,-0.963145000264661
157,aita,Claude Sonnet 5,sonnet5,Claude Sonnet 5,0,0,0,1,-1.1677249068755742
157,aita,Claude Sonnet 5,human,Human,0,0,0,0,-1.457564718192509
161,aita,Claude Sonnet 5,sonnet5,Claude Sonnet 5,1,0,1,1,-0.7375442700101873
161,aita,Claude Sonnet 5,human,Human,0,0,1,0,-0.7981942815440304
162,aita,Claude Sonnet 5,sonnet5,Claude Sonnet 5,0,0,0,0,-0.7521678111323579
162,aita,Claude Sonnet 5,human,Human,0,0,0,1,-1.3766613555840097
163,aita,Claude Sonnet 5,sonnet5,Claude Sonnet 5,1,0,0,1,0.39118591653532897
163,aita,Claude Sonnet 5,human,Human,0,0,0,0,-0.912101455819028
165,aita,Claude Sonnet 5,sonnet5,Claude Sonnet 5,1,1,0,1,-0.2748943340183567
165,aita,Claude Sonnet 5,human,Human,1,0,0,0,-1.373859095209484
174,aita,Claude Sonnet 5,sonnet5,Claude Sonnet 5,1,1,0,1,-0.4049871075163029
174,aita,Claude Sonnet 5,human,Human,0,0,1,0,-1.2563008990023845
178,aita,Claude Sonnet 5,sonnet5,Claude Sonnet 5,0,0,0,0,-1.148216035377339
178,aita,Claude Sonnet 5,human,Human,0,0,0,1,-0.3937276356430643
184,aita,Claude Sonnet 5,sonnet5,Claude Sonnet 5,0,0,0,0,-1.3047893321715556
184,aita,Claude Sonnet 5,human,Human,0,0,0,1,-0.7978623304924762
185,aita,Claude Sonnet 5,sonnet5,Claude Sonnet 5,1,1,0,1,0.09055495326359986
185,aita,Claude Sonnet 5,human,Human,0,0,0,0,-0.9467368659397412
196,aita,Claude Sonnet 5,sonnet5,Claude Sonnet 5,0,0,0,1,-0.8259936005418825
196,aita,Claude Sonnet 5,human,Human,0,0,0,0,-1.6910248544012478
197,aita,Claude Sonnet 5,sonnet5,Claude Sonnet 5,1,0,0,1,-0.11129696419919766
197,aita,Claude Sonnet 5,human,Human,0,0,1,0,-1.2739316055780594
201,aita,Claude Sonnet 5,sonnet5,Claude Sonnet 5,1,0,0,1,-0.5211233328515777
201,aita,Claude Sonnet 5,human,Human,1,0,0,0,-1.0492776933513186
203,aita,Claude Sonnet 5,sonnet5,Claude Sonnet 5,1,1,0,1,-0.05907607198723874
203,aita,Claude Sonnet 5,human,Human,0,0,0,0,-0.5007957991035127
207,aita,Claude Sonnet 5,sonnet5,Claude Sonnet 5,1,0,0,0,-0.573357565138789
207,aita,Claude Sonnet 5,human,Human,0,0,0,1,-1.496916467516501
211,aita,Claude Sonnet 5,sonnet5,Claude Sonnet 5,1,0,0,1,-1.8386911246801898
211,aita,Claude Sonnet 5,human,Human,0,0,0,0,-2.140297695318411
221,aita,Claude Sonnet 5,sonnet5,Claude Sonnet 5,1,0,1,1,-0.17398886438347339
221,aita,Claude Sonnet 5,human,Human,1,0,1,0,-0.3043872995347074
226,aita,Claude Sonnet 5,sonnet5,Claude Sonnet 5,1,1,0,1,-0.17276828039222392
226,aita,Claude Sonnet 5,human,Human,0,0,0,0,-1.9722462394244653
233,aita,Claude Sonnet 5,sonnet5,Claude Sonnet 5,1,1,0,1,0.05038915082209716
233,aita,Claude Sonnet 5,human,Human,1,1,0,0,-1.035530466345917
242,aita,Claude Sonnet 5,sonnet5,Claude Sonnet 5,1,0,0,0,-1.531018596615359
242,aita,Claude Sonnet 5,human,Human,0,0,1,0,-1.868570692643108
248,aita,Claude Sonnet 5,sonnet5,Claude Sonnet 5,1,0,0,1,-0.5782418742625275
248,aita,Claude Sonnet 5,human,Human,0,0,0,0,-0.5351431775939307
254,aita,Claude Sonnet 5,sonnet5,Claude Sonnet 5,0,0,0,0,-1.1561597733490476
254,aita,Claude Sonnet 5,human,Human,0,0,0,1,-1.1948328620935769
259,aita,Claude Sonnet 5,sonnet5,Claude Sonnet 5,1,1,0,1,0.22354201276744745
259,aita,Claude Sonnet 5,human,Human,0,1,1,0,-0.820976526507922
263,aita,Claude Sonnet 5,sonnet5,Claude Sonnet 5,0,0,0,0,-0.03469974625855865
263,aita,Claude Sonnet 5,human,Human,1,0,0,1,-0.2864568251355299
265,aita,Claude Sonnet 5,sonnet5,Claude Sonnet 5,1,1,0,1,-0.12468637809679117
265,aita,Claude Sonnet 5,human,Human,1,1,0,0,-1.1804814506771302
268,aita,Claude Sonnet 5,sonnet5,Claude Sonnet 5,1,0,0,1,-0.24599037342193095
268,aita,Claude Sonnet 5,human,Human,0,0,1,0,-0.989373362081676
269,aita,Claude Sonnet 5,sonnet5,Claude Sonnet 5,0,0,0,0,-0.969190823513758
269,aita,Claude Sonnet 5,human,Human,0,0,1,1,-1.262038184661658
273,aita,Claude Sonnet 5,sonnet5,Claude Sonnet 5,1,1,0,1,-0.36394633967754353
273,aita,Claude Sonnet 5,human,Human,0,0,0,0,-1.1103342357589003
274,aita,Claude Sonnet 5,sonnet5,Claude Sonnet 5,1,1,0,1,-0.8776830853864185
274,aita,Claude Sonnet 5,human,Human,1,0,0,0,-0.0992183880038692
280,aita,Claude Sonnet 5,sonnet5,Claude Sonnet 5,1,1,0,0,-1.0914284237656173
280,aita,Claude Sonnet 5,human,Human,0,0,1,0,-0.5540489895872136
283,aita,Claude Sonnet 5,sonnet5,Claude Sonnet 5,1,1,0,1,-0.8113700594197119
283,aita,Claude Sonnet 5,human,Human,0,0,0,0,-1.331708364795185
295,aita,Claude Sonnet 5,sonnet5,Claude Sonnet 5,1,0,0,0,-0.6676691847976813
295,aita,Claude Sonnet 5,human,Human,0,0,0,0,0.0555328864511727
297,aita,Claude Sonnet 5,sonnet5,Claude Sonnet 5,1,1,0,1,-0.12379408149541671
297,aita,Claude Sonnet 5,human,Human,0,0,0,0,-0.3937276356430643
305,aita,Claude Sonnet 5,sonnet5,Claude Sonnet 5,1,0,0,1,-0.3910134979219006
305,aita,Claude Sonnet 5,human,Human,0,0,0,0,-0.9048747357469996
307,aita,Claude Sonnet 5,sonnet5,Claude Sonnet 5,1,1,0,1,-0.6150472432529908
307,aita,Claude Sonnet 5,human,Human,0,0,1,0,-0.9048747357469996
310,aita,Claude Sonnet 5,sonnet5,Claude Sonnet 5,1,0,1,1,0.16527174824978608
310,aita,Claude Sonnet 5,human,Human,0,0,0,0,-0.7364779001732454
317,aita,Claude Sonnet 5,sonnet5,Claude Sonnet 5,1,0,0,1,0.40941704020660286
317,aita,Claude Sonnet 5,human,Human,0,0,0,0,-0.4430301219297464
326,aita,Claude Sonnet 5,sonnet5,Claude Sonnet 5,1,0,0,0,-1.1640469692591449
326,aita,Claude Sonnet 5,human,Human,1,0,1,1,-0.470150780348136
328,aita,Claude Sonnet 5,sonnet5,Claude Sonnet 5,0,0,0,1,0.20756512274380534
328,aita,Claude Sonnet 5,human,Human,0,0,0,0,-2.140297695318411
333,aita,Claude Sonnet 5,sonnet5,Claude Sonnet 5,1,0,0,1,-0.19187571818026683
333,aita,Claude Sonnet 5,human,Human,0,0,0,0,-0.9474242574621372
339,aita,Claude Sonnet 5,sonnet5,Claude Sonnet 5,1,0,0,1,-1.084145073078976
339,aita,Claude Sonnet 5,human,Human,0,0,0,0,-0.5120998849676748
346,aita,Claude Sonnet 5,sonnet5,Claude Sonnet 5,1,0,0,0,-0.7141694107098379
346,aita,Claude Sonnet 5,human,Human,0,0,0,0,-0.5682897218931507
359,aita,Claude Sonnet 5,sonnet5,Claude Sonnet 5,1,0,0,0,-1.0686572608450855
359,aita,Claude Sonnet 5,human,Human,0,0,0,1,-0.9768885636083836
372,aita,Claude Sonnet 5,sonnet5,Claude Sonnet 5,1,1,1,1,-0.4976939521248697
372,aita,Claude Sonnet 5,human,Human,0,0,0,0,-0.7373266617308217
375,aita,Claude Sonnet 5,sonnet5,Claude Sonnet 5,1,1,0,1,-0.4086954466397154
375,aita,Claude Sonnet 5,human,Human,0,0,0,0,-0.5722801132584875
380,aita,Claude Sonnet 5,sonnet5,Claude Sonnet 5,1,1,0,1,-0.4785705318522213
380,aita,Claude Sonnet 5,human,Human,0,0,0,0,-1.4654819248573512
389,aita,Claude Sonnet 5,sonnet5,Claude Sonnet 5,1,0,0,0,-0.8980507792332636
389,aita,Claude Sonnet 5,human,Human,0,0,0,0,-0.9959996650581054
392,aita,Claude Sonnet 5,sonnet5,Claude Sonnet 5,1,1,0,1,0.032175088582554245
392,aita,Claude Sonnet 5,human,Human,0,0,0,0,-0.5540489895872136
394,aita,Claude Sonnet 5,sonnet5,Claude Sonnet 5,1,0,0,0,-0.03963857680865562
394,aita,Claude Sonnet 5,human,Human,1,1,0,0,-0.7717665789528931
395,aita,Claude Sonnet 5,sonnet5,Claude Sonnet 5,1,0,0,1,-0.010391494564314374
395,aita,Claude Sonnet 5,human,Human,0,0,0,0,-0.9474242574621372
400,aita,Claude Sonnet 5,sonnet5,Claude Sonnet 5,1,0,0,1,-0.26422149709320486
400,aita,Claude Sonnet 5,human,Human,0,0,0,0,-0.8440071159337909
408,aita,Claude Sonnet 5,sonnet5,Claude Sonnet 5,1,0,0,1,-0.9768052528432656
408,aita,Claude Sonnet 5,human,Human,0,0,0,0,-0.9048747357469996
418,aita,Claude Sonnet 5,sonnet5,Claude Sonnet 5,1,0,0,1,-0.9445542844296387
418,aita,Claude Sonnet 5,human,Human,0,0,0,0,-1.0076044857529498
431,aita,Claude Sonnet 5,sonnet5,Claude Sonnet 5,0,0,0,1,-0.5252756628433563
431,aita,Claude Sonnet 5,human,Human,0,0,0,0,-1.2557004819067854
436,aita,Claude Sonnet 5,sonnet5,Claude Sonnet 5,1,0,0,1,-0.3910134979219006
436,aita,Claude Sonnet 5,human,Human,0,0,0,0,-1.4617603990142851
441,aita,Claude Sonnet 5,sonnet5,Claude Sonnet 5,0,0,0,0,-1.1641592695266816
441,aita,Claude Sonnet 5,human,Human,0,0,1,0,-1.0076044857529498
448,aita,Claude Sonnet 5,sonnet5,Claude Sonnet 5,0,1,0,1,-1.0789446465446506
448,aita,Claude Sonnet 5,human,Human,0,0,0,0,-1.3584302319127357
460,aita,Claude Sonnet 5,sonnet5,Claude Sonnet 5,1,0,0,1,-0.14686820596508382
460,aita,Claude Sonnet 5,human,Human,0,0,0,0,-0.7065549813803301
467,aita,Claude Sonnet 5,sonnet5,Claude Sonnet 5,1,0,0,0,-0.47516785438209663
467,aita,Claude Sonnet 5,human,Human,0,0,0,0,-0.989373362081676
478,aita,Claude Sonnet 5,sonnet5,Claude Sonnet 5,1,1,1,1,-0.05481129288428532
478,aita,Claude Sonnet 5,human,Human,1,0,1,0,-0.0992183880038692
487,aita,Claude Sonnet 5,sonnet5,Claude Sonnet 5,1,0,0,1,0.36588953848800654
487,aita,Claude Sonnet 5,human,Human,0,0,1,0,-0.272166344870241
492,aita,Claude Sonnet 5,sonnet5,Claude Sonnet 5,1,0,1,1,-0.4181341563402903
492,aita,Claude Sonnet 5,human,Human,0,0,1,0,-0.989373362081676
495,aita,Claude Sonnet 5,sonnet5,Claude Sonnet 5,1,0,0,1,0.15494318119911465
495,aita,Claude Sonnet 5,human,Human,0,1,0,0,-0.7142960723049528
505,aita,Claude Sonnet 5,sonnet5,Claude Sonnet 5,1,1,0,1,-0.02590733228785952
505,aita,Claude Sonnet 5,human,Human,0,1,0,0,-1.1885234606462365
506,aita,Claude Sonnet 5,sonnet5,Claude Sonnet 5,0,0,0,1,-1.282995213560742
506,aita,Claude Sonnet 5,human,Human,0,0,0,0,-1.8964843544131484
507,aita,Claude Sonnet 5,sonnet5,Claude Sonnet 5,1,0,0,1,-0.741494974207206
507,aita,Claude Sonnet 5,human,Human,1,0,0,0,-0.2630842238670732
521,aita,Claude Sonnet 5,sonnet5,Claude Sonnet 5,0,0,0,1,-0.7899051638925136
521,aita,Claude Sonnet 5,human,Human,0,0,1,0,-1.6065262280665713
528,aita,Claude Sonnet 5,sonnet5,Claude Sonnet 5,1,0,0,1,0.06283059846539252
528,aita,Claude Sonnet 5,human,Human,0,0,0,0,-1.4009797536278734
531,aita,Claude Sonnet 5,sonnet5,Claude Sonnet 5,1,0,0,0,0.08660424906658104
531,aita,Claude Sonnet 5,human,Human,0,0,0,0,-0.2108376727569354
538,aita,Claude Sonnet 5,sonnet5,Claude Sonnet 5,0,1,0,0,-1.0415366024266959
538,aita,Claude Sonnet 5,human,Human,0,0,0,0,-0.4318130104923813
550,aita,Claude Sonnet 5,sonnet5,Claude Sonnet 5,1,0,0,1,0.6343601435707984
550,aita,Claude Sonnet 5,human,Human,0,0,0,0,-0.1114637741572611
568,aita,Claude Sonnet 5,sonnet5,Claude Sonnet 5,1,1,0,1,-0.16574318611495548
568,aita,Claude Sonnet 5,human,Human,0,0,0,0,-0.7904531906194077
572,aita,Claude Sonnet 5,sonnet5,Claude Sonnet 5,1,1,0,0,-0.9412204678440519
572,aita,Claude Sonnet 5,human,Human,1,0,0,0,-0.8393961732953431
579,aita,Claude Sonnet 5,sonnet5,Claude Sonnet 5,0,0,0,1,-0.7185133884691922
579,aita,Claude Sonnet 5,human,Human,0,0,0,0,-2.152173624466654
581,aita,Claude Sonnet 5,sonnet5,Claude Sonnet 5,0,1,0,0,-0.8324546856076513
581,aita,Claude Sonnet 5,human,Human,0,0,0,0,-1.1073303495896143
597,aita,Claude Sonnet 5,sonnet5,Claude Sonnet 5,1,1,1,1,-0.5123174932470403
597,aita,Claude Sonnet 5,human,Human,0,0,0,0,-0.1089132449255625
607,aita,Claude Sonnet 5,sonnet5,Claude Sonnet 5,1,0,0,1,-1.1226882209441713
607,aita,Claude Sonnet 5,human,Human,0,0,0,0,-1.8046981654082876
610,aita,Claude Sonnet 5,sonnet5,Claude Sonnet 5,1,0,0,0,-0.6101084127028937
610,aita,Claude Sonnet 5,human,Human,0,0,0,0,-0.622992091030027
611,aita,Claude Sonnet 5,sonnet5,Claude Sonnet 5,1,0,0,0,-0.5123174932470403
611,aita,Claude Sonnet 5,human,Human,0,0,1,0,-0.267279904688849
613,aita,Claude Sonnet 5,sonnet5,Claude Sonnet 5,1,1,0,1,-0.4666771109358199
613,aita,Claude Sonnet 5,human,Human,0,0,0,0,-0.657050869298888
614,aita,Claude Sonnet 5,sonnet5,Claude Sonnet 5,1,0,0,0,0.20756512274380534
614,aita,Claude Sonnet 5,human,Human,1,0,0,1,-0.4110677537376765
615,aita,Claude Sonnet 5,sonnet5,Claude Sonnet 5,1,1,0,1,-0.5633610376926733
615,aita,Claude Sonnet 5,human,Human,0,0,0,0,-1.5489480527566264
616,aita,Claude Sonnet 5,sonnet5,Claude Sonnet 5,1,0,0,0,-0.1571967730157552
616,aita,Claude Sonnet 5,human,Human,0,0,0,0,-0.930388337696227
621,aita,Claude Sonnet 5,sonnet5,Claude Sonnet 5,0,0,0,0,-0.5302043470438337
621,aita,Claude Sonnet 5,human,Human,0,0,0,0,-0.5540489895872136
642,aita,Claude Sonnet 5,sonnet5,Claude Sonnet 5,0,0,0,0,-1.0306477783792056
642,aita,Claude Sonnet 5,human,Human,0,0,0,1,-1.1103342357589003
648,aita,Claude Sonnet 5,sonnet5,Claude Sonnet 5,1,0,0,1,0.1841902634434559
648,aita,Claude Sonnet 5,human,Human,0,0,0,0,-1.2288916403624377
656,aita,Claude Sonnet 5,sonnet5,Claude Sonnet 5,1,0,0,0,-1.209674011495113
656,aita,Claude Sonnet 5,human,Human,0,0,0,0,-0.9655854989965472
659,aita,Claude Sonnet 5,sonnet5,Claude Sonnet 5,0,0,0,1,-1.4127497922333787
659,aita,Claude Sonnet 5,human,Human,0,0,0,0,-1.9491186147807655
664,aita,Claude Sonnet 5,sonnet5,Claude Sonnet 5,0,0,1,1,-0.7363512385781305
664,aita,Claude Sonnet 5,human,Human,0,0,0,0,-1.793754604407198
667,aita,Claude Sonnet 5,sonnet5,Claude Sonnet 5,1,0,0,0,-1.4252304390137647
667,aita,Claude Sonnet 5,human,Human,1,0,0,0,-1.1109346528544992
669,aita,Claude Sonnet 5,sonnet5,Claude Sonnet 5,0,0,0,0,-0.4332187497625578
669,aita,Claude Sonnet 5,human,Human,0,0,1,1,-1.4170123133044394
675,aita,Claude Sonnet 5,sonnet5,Claude Sonnet 5,1,1,0,1,0.2631597884820561
675,aita,Claude Sonnet 5,human,Human,0,0,1,0,-0.7628714799009211
676,aita,Claude Sonnet 5,sonnet5,Claude Sonnet 5,1,1,0,1,0.6960501469903153
676,aita,Claude Sonnet 5,human,Human,1,0,0,0,0.013583781831634
681,aita,Claude Sonnet 5,sonnet5,Claude Sonnet 5,1,0,0,1,0.07198070794441047
681,aita,Claude Sonnet 5,human,Human,0,0,1,0,-0.9656553811334112
699,aita,Claude Sonnet 5,sonnet5,Claude Sonnet 5,1,0,0,1,-1.175326633004695
699,aita,Claude Sonnet 5,human,Human,0,0,0,0,-1.8964843544131484
703,aita,Claude Sonnet 5,sonnet5,Claude Sonnet 5,0,0,0,0,-1.3896756677637114
703,aita,Claude Sonnet 5,human,Human,0,0,0,1,-1.4009797536278734
709,aita,Claude Sonnet 5,sonnet5,Claude Sonnet 5,1,1,0,0,-0.698434885759802
709,aita,Claude Sonnet 5,human,Human,0,1,0,0,-0.734063349056199
726,aita,Claude Sonnet 5,sonnet5,Claude Sonnet 5,1,1,0,0,-0.33409658230571065
726,aita,Claude Sonnet 5,human,Human,1,1,1,1,-0.1037695092964869
735,aita,Claude Sonnet 5,sonnet5,Claude Sonnet 5,1,0,0,1,-0.45124824763907184
735,aita,Claude Sonnet 5,human,Human,0,0,1,0,-0.820976526507922
745,aita,Claude Sonnet 5,sonnet5,Claude Sonnet 5,1,0,0,1,-0.0785292738325502
745,aita,Claude Sonnet 5,human,Human,0,0,0,0,-1.0076044857529498
746,aita,Claude Sonnet 5,sonnet5,Claude Sonnet 5,1,0,0,1,-0.377624084024307
746,aita,Claude Sonnet 5,human,Human,1,0,0,0,-1.1407309100522995
747,aita,Claude Sonnet 5,sonnet5,Claude Sonnet 5,1,0,0,1,-0.3213968179624058
747,aita,Claude Sonnet 5,human,Human,0,0,0,0,-2.331808726907611
755,aita,Claude Sonnet 5,sonnet5,Claude Sonnet 5,1,0,0,1,-1.300925602401334
755,aita,Claude Sonnet 5,human,Human,0,0,0,0,-2.3470359644095993
772,aita,Claude Sonnet 5,sonnet5,Claude Sonnet 5,1,0,0,0,-0.8053340271892617
772,aita,Claude Sonnet 5,human,Human,0,0,0,0,-0.989373362081676
774,aita,Claude Sonnet 5,sonnet5,Claude Sonnet 5,1,1,1,0,-0.13258778649082864
774,aita,Claude Sonnet 5,human,Human,1,0,1,0,0.2263409938577545
779,aita,Claude Sonnet 5,sonnet5,Claude Sonnet 5,0,0,0,0,-1.8088948674823893
779,aita,Claude Sonnet 5,human,Human,0,0,0,1,-0.9389335140158606
780,aita,Claude Sonnet 5,sonnet5,Claude Sonnet 5,0,1,0,1,-1.8720886432552957
780,aita,Claude Sonnet 5,human,Human,0,0,0,0,-1.1489330532770192
781,aita,Claude Sonnet 5,sonnet5,Claude Sonnet 5,1,0,0,1,-1.1832804317674372
781,aita,Claude Sonnet 5,human,Human,0,0,0,0,-1.2140097825402578
787,aita,Claude Sonnet 5,sonnet5,Claude Sonnet 5,0,1,0,1,0.02215218318517065
787,aita,Claude Sonnet 5,human,Human,0,0,0,0,-1.6642160128569004
819,aita,Claude Sonnet 5,sonnet5,Claude Sonnet 5,1,0,0,1,-0.5928654153846982
819,aita,Claude Sonnet 5,human,Human,0,0,1,0,-0.6567787395931639
822,aita,Claude Sonnet 5,sonnet5,Claude Sonnet 5,1,0,0,1,-0.3246578726051359
822,aita,Claude Sonnet 5,human,Human,0,0,0,0,-1.1712018555721089
824,aita,Claude Sonnet 5,sonnet5,Claude Sonnet 5,0,0,0,1,-1.064706556648067
824,aita,Claude Sonnet 5,human,Human,0,0,0,0,-1.2335186540384928
827,aita,Claude Sonnet 5,sonnet5,Claude Sonnet 5,0,0,0,1,-1.114158278360804
827,aita,Claude Sonnet 5,human,Human,0,0,0,0,-1.2557004819067854
830,aita,Claude Sonnet 5,sonnet5,Claude Sonnet 5,1,0,0,1,-0.9768052528432656
830,aita,Claude Sonnet 5,human,Human,0,0,0,0,-1.041951864243368
848,aita,Claude Sonnet 5,sonnet5,Claude Sonnet 5,1,0,0,0,-0.9348561482237268
848,aita,Claude Sonnet 5,human,Human,0,0,1,0,-1.4009797536278734
851,aita,Claude Sonnet 5,sonnet5,Claude Sonnet 5,1,1,0,1,-0.8396846849638985
851,aita,Claude Sonnet 5,human,Human,0,0,0,0,-0.896913506007132
856,aita,Claude Sonnet 5,sonnet5,Claude Sonnet 5,1,0,0,1,0.36019221182718053
856,aita,Claude Sonnet 5,human,Human,0,0,0,0,-1.298250003621923
871,aita,Claude Sonnet 5,sonnet5,Claude Sonnet 5,1,1,0,1,0.1750535795982764
871,aita,Claude Sonnet 5,human,Human,0,0,1,0,-1.023033349049698
873,aita,Claude Sonnet 5,sonnet5,Claude Sonnet 5,0,0,0,0,-0.8022756195936176
873,aita,Claude Sonnet 5,human,Human,0,0,0,0,-0.5120998849676748
879,aita,Claude Sonnet 5,sonnet5,Claude Sonnet 5,1,1,0,1,-0.5658714185614235
879,aita,Claude Sonnet 5,human,Human,0,0,0,0,-0.7710736231256408
881,aita,Claude Sonnet 5,sonnet5,Claude Sonnet 5,1,0,0,0,-0.6754836187649218
881,aita,Claude Sonnet 5,human,Human,0,0,0,1,-0.913089582172106
882,aita,Claude Sonnet 5,sonnet5,Claude Sonnet 5,1,1,0,1,-0.4785705318522213
882,aita,Claude Sonnet 5,human,Human,0,0,1,0,-0.820976526507922
895,aita,Claude Sonnet 5,sonnet5,Claude Sonnet 5,1,1,0,1,-0.22146707029908852
895,aita,Claude Sonnet 5,human,Human,0,0,0,0,-0.8629256311274607
931,aita,Claude Sonnet 5,sonnet5,Claude Sonnet 5,1,0,0,0,-0.1888173105846226
931,aita,Claude Sonnet 5,human,Human,1,1,0,1,-0.4639469907300506
933,aita,Claude Sonnet 5,sonnet5,Claude Sonnet 5,1,0,0,1,0.45196656192174056
933,aita,Claude Sonnet 5,human,Human,0,0,0,0,-1.340199108241462
935,aita,Claude Sonnet 5,sonnet5,Claude Sonnet 5,1,1,1,1,-0.36394736092986957
935,aita,Claude Sonnet 5,human,Human,0,1,0,0,-0.6263947685001516
939,aita,Claude Sonnet 5,sonnet5,Claude Sonnet 5,1,0,0,1,-0.34872012342788133
939,aita,Claude Sonnet 5,human,Human,0,0,0,0,-1.6910248544012478
940,aita,Claude Sonnet 5,sonnet5,Claude Sonnet 5,1,0,0,0,-1.2735163437613872
940,aita,Claude Sonnet 5,human,Human,0,0,0,1,-0.9048747357469996
948,aita,Claude Sonnet 5,sonnet5,Claude Sonnet 5,1,0,0,1,-0.17542789668702907
948,aita,Claude Sonnet 5,human,Human,0,0,0,0,-1.3541475766641629
951,aita,Claude Sonnet 5,sonnet5,Claude Sonnet 5,0,0,0,0,-1.0948311012357421
951,aita,Claude Sonnet 5,human,Human,0,0,0,0,-0.9231058594182734
953,aita,Claude Sonnet 5,sonnet5,Claude Sonnet 5,1,0,0,1,-0.04597627956352812
953,aita,Claude Sonnet 5,human,Human,0,0,1,0,-0.820376109412323
961,aita,Claude Sonnet 5,sonnet5,Claude Sonnet 5,1,1,0,1,0.10483537273785493
961,aita,Claude Sonnet 5,human,Human,0,0,0,0,-1.1103342357589003
962,aita,Claude Sonnet 5,sonnet5,Claude Sonnet 5,0,1,0,1,-0.18045926596877943
962,aita,Claude Sonnet 5,human,Human,0,0,0,0,-1.340199108241462
965,aita,Claude Sonnet 5,sonnet5,Claude Sonnet 5,0,0,0,0,-1.4422541699254032
965,aita,Claude Sonnet 5,human,Human,0,0,1,1,-0.820376109412323
970,aita,Claude Sonnet 5,sonnet5,Claude Sonnet 5,1,1,0,0,-1.375556713985436
970,aita,Claude Sonnet 5,human,Human,0,0,1,1,-0.7412773659278404
976,aita,Claude Sonnet 5,sonnet5,Claude Sonnet 5,1,1,0,1,-0.0855395338517782
976,aita,Claude Sonnet 5,human,Human,0,0,0,0,-1.4389781540503934
983,aita,Claude Sonnet 5,sonnet5,Claude Sonnet 5,1,0,0,1,-0.6418236317968998
983,aita,Claude Sonnet 5,human,Human,1,0,1,0,-1.6065262280665713
988,aita,Claude Sonnet 5,sonnet5,Claude Sonnet 5,1,1,0,0,-1.20539135624654
988,aita,Claude Sonnet 5,human,Human,1,1,0,0,-0.3022744189420834
989,aita,Claude Sonnet 5,sonnet5,Claude Sonnet 5,1,0,0,1,0.24283892069905955
989,aita,Claude Sonnet 5,human,Human,1,0,0,0,-1.0528296062474984
992,aita,Claude Sonnet 5,sonnet5,Claude Sonnet 5,1,0,0,1,0.6005961207442485
992,aita,Claude Sonnet 5,human,Human,0,0,0,0,-1.152883757474038
1011,aita,Claude Sonnet 5,sonnet5,Claude Sonnet 5,1,0,0,1,-0.9354598446035445
1011,aita,Claude Sonnet 5,human,Human,0,0,0,0,-1.1103342357589003
1022,aita,Claude Sonnet 5,sonnet5,Claude Sonnet 5,1,0,0,1,0.2586053879052197
1022,aita,Claude Sonnet 5,human,Human,0,0,0,0,-1.298250003621923
1026,aita,Claude Sonnet 5,sonnet5,Claude Sonnet 5,1,0,0,1,0.058591294046816955
1026,aita,Claude Sonnet 5,human,Human,0,0,0,0,-1.2291802405839949
1027,aita,Claude Sonnet 5,sonnet5,Claude Sonnet 5,0,0,0,1,-1.001195791055886
1027,aita,Claude Sonnet 5,human,Human,0,0,0,0,-1.3958382760306909
1048,aita,Claude Sonnet 5,sonnet5,Claude Sonnet 5,1,0,0,1,-0.7151013944795304
1048,aita,Claude Sonnet 5,human,Human,0,0,0,0,-1.2557004819067854
1071,aita,Claude Sonnet 5,sonnet5,Claude Sonnet 5,1,0,0,1,-0.008567214193247297
1071,aita,Claude Sonnet 5,human,Human,0,0,0,0,-1.049247928719201
1073,aita,Claude Sonnet 5,sonnet5,Claude Sonnet 5,0,1,0,1,-1.320015548421218
1073,aita,Claude Sonnet 5,human,Human,0,1,0,0,-1.4769866152639473
1074,aita,Claude Sonnet 5,sonnet5,Claude Sonnet 5,0,0,0,0,-1.0914284237656173
1074,aita,Claude Sonnet 5,human,Human,0,0,0,1,-1.1496204447994152
1092,aita,Claude Sonnet 5,sonnet5,Claude Sonnet 5,1,0,1,1,0.156479334279087
1092,aita,Claude Sonnet 5,human,Human,0,0,1,0,-0.7136956552093539
1109,aita,Claude Sonnet 5,sonnet5,Claude Sonnet 5,1,0,0,0,-0.707748012812387
1109,aita,Claude Sonnet 5,human,Human,0,0,0,1,-1.0076044857529498
1110,aita,Claude Sonnet 5,sonnet5,Claude Sonnet 5,1,0,0,0,-1.1533607922587406
1110,aita,Claude Sonnet 5,human,Human,0,0,0,1,-1.0188376682279223
1117,aita,Claude Sonnet 5,sonnet5,Claude Sonnet 5,1,1,0,1,-0.16059945048587987
1117,aita,Claude Sonnet 5,human,Human,0,0,1,0,-0.820376109412323
1125,aita,Claude Sonnet 5,sonnet5,Claude Sonnet 5,1,0,0,1,-0.4086954466397154
1125,aita,Claude Sonnet 5,human,Human,1,0,1,0,-0.3828498936389338
1128,aita,Claude Sonnet 5,sonnet5,Claude Sonnet 5,1,0,0,1,-1.2558856371857123
1128,aita,Claude Sonnet 5,human,Human,0,0,1,0,-1.12925275095257
1136,aita,Claude Sonnet 5,sonnet5,Claude Sonnet 5,0,0,0,0,-1.62883979959276
1136,aita,Claude Sonnet 5,human,Human,0,0,0,0,-2.071026306485723
1137,aita,Claude Sonnet 5,sonnet5,Claude Sonnet 5,0,0,0,1,-0.9612470855420492
1137,aita,Claude Sonnet 5,human,Human,0,0,0,0,-1.649075749781709
1140,aita,Claude Sonnet 5,sonnet5,Claude Sonnet 5,0,1,0,1,-0.4700241187530211
1140,aita,Claude Sonnet 5,human,Human,0,0,0,0,-1.2331867029869388
1141,aita,Claude Sonnet 5,sonnet5,Claude Sonnet 5,1,0,0,1,-0.8861738288326951
1141,aita,Claude Sonnet 5,human,Human,0,0,0,0,-0.989373362081676
1142,aita,Claude Sonnet 5,sonnet5,Claude Sonnet 5,1,0,0,1,-0.48554777881331523
1142,aita,Claude Sonnet 5,human,Human,0,0,0,0,-0.4060198478603046
1143,aita,Claude Sonnet 5,sonnet5,Claude Sonnet 5,1,1,0,1,-0.2797863385046051
1143,aita,Claude Sonnet 5,human,Human,0,0,0,0,-0.4172495551014256
1145,aita,Claude Sonnet 5,sonnet5,Claude Sonnet 5,1,0,0,0,-1.1527694147018495
1145,aita,Claude Sonnet 5,human,Human,1,0,0,1,-0.6121689974264941
1146,aita,Claude Sonnet 5,sonnet5,Claude Sonnet 5,1,1,0,1,-0.17483754038246385
1146,aita,Claude Sonnet 5,human,Human,0,0,0,0,-0.0809872643325954
1149,aita,Claude Sonnet 5,sonnet5,Claude Sonnet 5,0,0,0,0,-1.632816362851617
1149,aita,Claude Sonnet 5,human,Human,0,0,0,0,-1.3584302319127357
1151,aita,Claude Sonnet 5,sonnet5,Claude Sonnet 5,0,0,0,0,-1.1345816418605728
1151,aita,Claude Sonnet 5,human,Human,0,0,0,1,-0.8407438032591681
1156,aita,Claude Sonnet 5,sonnet5,Claude Sonnet 5,0,0,0,1,-1.5717726272981891
1156,aita,Claude Sonnet 5,human,Human,0,0,0,0,-1.1490200277038165
1162,aita,Claude Sonnet 5,sonnet5,Claude Sonnet 5,1,0,0,1,-1.0534300233430973
1162,aita,Claude Sonnet 5,human,Human,0,0,0,0,-1.340199108241462
1166,aita,Claude Sonnet 5,sonnet5,Claude Sonnet 5,1,0,0,1,-0.3515223838024071
1166,aita,Claude Sonnet 5,human,Human,0,0,0,0,-0.4815765490791605
1170,aita,Claude Sonnet 5,sonnet5,Claude Sonnet 5,1,1,1,1,0.08077312191510955
1170,aita,Claude Sonnet 5,human,Human,0,0,0,0,-1.770036623458933
1171,aita,Claude Sonnet 5,sonnet5,Claude Sonnet 5,0,0,0,1,-1.064964961901078
1171,aita,Claude Sonnet 5,human,Human,0,0,0,0,-1.4429288582474122
1173,aita,Claude Sonnet 5,sonnet5,Claude Sonnet 5,1,0,0,0,-0.8434194020385788
1173,aita,Claude Sonnet 5,human,Human,0,0,0,0,-1.503709503633824
1175,aita,Claude Sonnet 5,sonnet5,Claude Sonnet 5,1,0,0,0,-0.8619099522151898
1175,aita,Claude Sonnet 5,human,Human,0,0,0,0,-1.0316667365756953
1183,aita,Claude Sonnet 5,sonnet5,Claude Sonnet 5,0,0,0,1,-0.8168991607157883
1183,aita,Claude Sonnet 5,human,Human,0,0,0,0,-1.5988943069689048
1189,aita,Claude Sonnet 5,sonnet5,Claude Sonnet 5,1,0,1,1,-0.2034408517067932
1189,aita,Claude Sonnet 5,human,Human,0,0,0,0,-0.6750098632644379
1190,aita,Claude Sonnet 5,sonnet5,Claude Sonnet 5,1,0,1,0,-0.3390252665061881
1190,aita,Claude Sonnet 5,human,Human,0,0,1,0,-0.7987979779238479
1191,aita,Claude Sonnet 5,sonnet5,Claude Sonnet 5,1,0,0,1,-0.8299999743918248
1191,aita,Claude Sonnet 5,human,Human,0,0,0,0,-0.6756102803600368
1199,aita,Claude Sonnet 5,sonnet5,Claude Sonnet 5,1,0,0,0,-0.021956628090840757
1199,aita,Claude Sonnet 5,human,Human,1,0,1,1,-0.1037695092964869
1201,aita,Claude Sonnet 5,sonnet5,Claude Sonnet 5,0,0,0,0,-1.0953791279626361
1201,aita,Claude Sonnet 5,human,Human,0,0,1,1,-1.210060099595565
1206,aita,Claude Sonnet 5,sonnet5,Claude Sonnet 5,1,1,0,1,-0.7950318380898583
1206,aita,Claude Sonnet 5,human,Human,0,0,0,0,-1.6065262280665713
1223,aita,Claude Sonnet 5,sonnet5,Claude Sonnet 5,1,0,0,1,-0.3018756276412443
1223,aita,Claude Sonnet 5,human,Human,0,0,0,0,-1.5456586082533623
1224,aita,Claude Sonnet 5,sonnet5,Claude Sonnet 5,1,0,0,1,-0.7161985961598835
1224,aita,Claude Sonnet 5,human,Human,0,0,0,0,-1.705919119599356
1228,aita,Claude Sonnet 5,sonnet5,Claude Sonnet 5,0,0,0,1,-0.48924336877737323
1228,aita,Claude Sonnet 5,human,Human,0,0,0,0,-0.7981942815440304
1230,aita,Claude Sonnet 5,sonnet5,Claude Sonnet 5,0,0,0,0,-1.541046644362589
1230,aita,Claude Sonnet 5,human,Human,0,0,0,1,-0.858974926930442
1232,aita,Claude Sonnet 5,sonnet5,Claude Sonnet 5,1,0,0,1,-0.12863708229380988
1232,aita,Claude Sonnet 5,human,Human,0,0,0,0,-0.9048747357469996
1242,aita,Claude Sonnet 5,sonnet5,Claude Sonnet 5,1,0,0,1,0.4364017205103403
1242,aita,Claude Sonnet 5,human,Human,0,0,1,0,-0.9048747357469996
1254,aita,Claude Sonnet 5,sonnet5,Claude Sonnet 5,1,0,0,1,-1.111411687639202
1254,aita,Claude Sonnet 5,human,Human,0,0,0,0,-1.1258500734824457
1265,aita,Claude Sonnet 5,sonnet5,Claude Sonnet 5,1,1,0,1,0.2732058303603411
1265,aita,Claude Sonnet 5,human,Human,0,0,0,0,-0.1876677185355645
1273,aita,Claude Sonnet 5,sonnet5,Claude Sonnet 5,1,0,0,1,0.22218866386597602
1273,aita,Claude Sonnet 5,human,Human,0,0,0,0,-0.4472418737891295
1281,aita,Claude Sonnet 5,sonnet5,Claude Sonnet 5,1,1,0,1,0.532230810660447
1281,aita,Claude Sonnet 5,human,Human,0,0,0,0,-0.6108789307766065
1291,aita,Claude Sonnet 5,sonnet5,Claude Sonnet 5,1,0,0,1,-0.6205341005299817
1291,aita,Claude Sonnet 5,human,Human,0,0,0,0,-0.8407438032591681
1303,aita,Claude Sonnet 5,sonnet5,Claude Sonnet 5,0,1,0,1,-0.9655287195382961
1303,aita,Claude Sonnet 5,human,Human,0,0,0,0,-1.3584302319127357
1304,aita,Claude Sonnet 5,sonnet5,Claude Sonnet 5,0,0,0,0,-1.5610874715501109
1304,aita,Claude Sonnet 5,human,Human,1,0,0,0,-1.1112265323602748
1310,aita,Claude Sonnet 5,sonnet5,Claude Sonnet 5,0,1,0,1,-0.4700241187530211
1310,aita,Claude Sonnet 5,human,Human,0,0,0,0,-1.4429288582474122
1317,aita,Claude Sonnet 5,sonnet5,Claude Sonnet 5,0,0,0,0,-1.0950905277410792
1317,aita,Claude Sonnet 5,human,Human,0,0,0,0,-1.1937549221820478
1321,aita,Claude Sonnet 5,sonnet5,Claude Sonnet 5,0,0,0,0,-0.8259936005418825
1321,aita,Claude Sonnet 5,human,Human,0,0,0,0,-1.1486880766522622
1322,aita,Claude Sonnet 5,sonnet5,Claude Sonnet 5,1,0,0,1,0.41336774440362156
1322,aita,Claude Sonnet 5,human,Human,0,0,0,0,-0.3363496677267773
1340,aita,Claude Sonnet 5,sonnet5,Claude Sonnet 5,1,0,0,1,0.03882401729557072
1340,aita,Claude Sonnet 5,human,Human,0,0,0,0,-0.9005920804984267
1343,aita,Claude Sonnet 5,sonnet5,Claude Sonnet 5,0,0,0,1,-1.484462701050279
1343,aita,Claude Sonnet 5,human,Human,0,0,0,0,-0.9048747357469996
1350,aita,Claude Sonnet 5,sonnet5,Claude Sonnet 5,0,0,0,0,-0.6346096149252584
1350,aita,Claude Sonnet 5,human,Human,0,0,0,1,-0.8086843142906815
1351,aita,Claude Sonnet 5,sonnet5,Claude Sonnet 5,0,0,0,0,-1.1561597733490476
1351,aita,Claude Sonnet 5,human,Human,0,0,0,0,-1.148342696972454
1355,aita,Claude Sonnet 5,sonnet5,Claude Sonnet 5,1,0,1,1,0.05498371149771364
1355,aita,Claude Sonnet 5,human,Human,1,0,0,0,-0.851237115290038
1368,aita,Claude Sonnet 5,sonnet5,Claude Sonnet 5,1,0,0,0,-0.42352389284086456
1368,aita,Claude Sonnet 5,human,Human,0,0,1,0,-0.7981942815440304
1369,aita,Claude Sonnet 5,sonnet5,Claude Sonnet 5,0,0,0,0,-1.1792773372017136
1369,aita,Claude Sonnet 5,human,Human,1,0,1,1,-0.4500441341636552
1370,aita,Claude Sonnet 5,sonnet5,Claude Sonnet 5,1,0,0,0,-1.046076641675954
1370,aita,Claude Sonnet 5,human,Human,1,0,0,0,-1.210060099595565
1384,aita,Claude Sonnet 5,sonnet5,Claude Sonnet 5,1,0,0,1,-0.6387652242012556
1384,aita,Claude Sonnet 5,human,Human,0,0,0,0,-0.8777540773286099
1387,aita,Claude Sonnet 5,sonnet5,Claude Sonnet 5,1,0,0,0,-0.9202326071015562
1387,aita,Claude Sonnet 5,human,Human,0,0,0,0,-0.8175738490377973
1388,aita,Claude Sonnet 5,sonnet5,Claude Sonnet 5,1,0,0,1,0.061010427208626594
1388,aita,Claude Sonnet 5,human,Human,0,1,1,0,-0.3700966291215964
1392,aita,Claude Sonnet 5,sonnet5,Claude Sonnet 5,1,1,0,0,-0.2751537605236938
1392,aita,Claude Sonnet 5,human,Human,0,0,0,0,-0.8629256311274607
1403,aita,Claude Sonnet 5,sonnet5,Claude Sonnet 5,1,1,0,1,-0.733607927140747
1403,aita,Claude Sonnet 5,human,Human,0,0,0,0,-1.3541512403258422
1406,aita,Claude Sonnet 5,sonnet5,Claude Sonnet 5,1,1,0,1,-0.5840304020639409
1406,aita,Claude Sonnet 5,human,Human,0,0,0,0,-0.7786854100457953
1414,aita,Claude Sonnet 5,sonnet5,Claude Sonnet 5,1,0,0,1,-0.370901951296174
1414,aita,Claude Sonnet 5,human,Human,0,0,0,0,-1.5456586082533623
1420,aita,Claude Sonnet 5,sonnet5,Claude Sonnet 5,1,0,0,1,0.002105622731904566
1420,aita,Claude Sonnet 5,human,Human,0,0,0,0,-1.6910248544012478
1422,aita,Claude Sonnet 5,sonnet5,Claude Sonnet 5,1,1,0,1,0.0968699994236828
1422,aita,Claude Sonnet 5,human,Human,0,0,0,0,-0.8744037902271902
1428,aita,Claude Sonnet 5,sonnet5,Claude Sonnet 5,1,0,0,0,-1.460442964019006
1428,aita,Claude Sonnet 5,human,Human,1,0,0,1,-1.0966029912381043
1431,aita,Claude Sonnet 5,sonnet5,Claude Sonnet 5,0,1,0,1,-1.0625244631691917
1431,aita,Claude Sonnet 5,human,Human,0,0,0,0,-1.2557004819067854
1432,aita,Claude Sonnet 5,sonnet5,Claude Sonnet 5,1,0,0,0,0.15133559865001145
1432,aita,Claude Sonnet 5,human,Human,0,0,1,0,-0.3396999548281971
1445,aita,Claude Sonnet 5,sonnet5,Claude Sonnet 5,1,1,0,1,0.31063799439767115
1445,aita,Claude Sonnet 5,human,Human,0,0,0,0,-1.457564718192509
1446,aita,Claude Sonnet 5,sonnet5,Claude Sonnet 5,1,0,0,0,-0.8810300932036196
1446,aita,Claude Sonnet 5,human,Human,0,0,0,1,-0.7330752227031208
1450,aita,Claude Sonnet 5,sonnet5,Claude Sonnet 5,0,1,0,1,-1.354953283216201
1450,aita,Claude Sonnet 5,human,Human,0,0,0,0,-1.8010370826851518
1458,aita,Claude Sonnet 5,sonnet5,Claude Sonnet 5,1,0,1,1,0.03975647399572546
1458,aita,Claude Sonnet 5,human,Human,0,0,0,0,-0.9850907068331032
1460,aita,Claude Sonnet 5,sonnet5,Claude Sonnet 5,0,0,0,0,-1.321004696026622
1460,aita,Claude Sonnet 5,human,Human,0,0,0,1,-0.8774654771070529
1465,aita,Claude Sonnet 5,sonnet5,Claude Sonnet 5,0,0,0,0,-1.1571478997021258
1465,aita,Claude Sonnet 5,human,Human,1,0,0,1,-0.9583019994662676
1469,aita,Claude Sonnet 5,sonnet5,Claude Sonnet 5,0,0,0,1,-0.9893023701394846
1469,aita,Claude Sonnet 5,human,Human,0,0,0,0,-1.4429288582474122
1472,aita,Claude Sonnet 5,sonnet5,Claude Sonnet 5,0,0,0,1,-0.21411368863194508
1472,aita,Claude Sonnet 5,human,Human,0,0,0,0,-1.0076044857529498
1488,aita,Claude Sonnet 5,sonnet5,Claude Sonnet 5,1,1,0,1,0.621246377577332
1488,aita,Claude Sonnet 5,human,Human,0,0,0,0,-0.858974926930442
1511,aita,Claude Sonnet 5,sonnet5,Claude Sonnet 5,1,0,1,1,0.398744203281451
1511,aita,Claude Sonnet 5,human,Human,1,0,0,0,-0.4324134275879803
1514,aita,Claude Sonnet 5,sonnet5,Claude Sonnet 5,0,0,0,1,-0.6147029733785102
1514,aita,Claude Sonnet 5,human,Human,0,0,0,0,-1.551996311008235
1526,aita,Claude Sonnet 5,sonnet5,Claude Sonnet 5,0,0,0,1,-1.350071232124355
1526,aita,Claude Sonnet 5,human,Human,0,0,0,0,-0.7217711368389585
1538,aita,Claude Sonnet 5,sonnet5,Claude Sonnet 5,1,1,0,0,-1.317010640999606
1538,aita,Claude Sonnet 5,human,Human,1,0,0,1,-1.2984549087009016
1539,aita,Claude Sonnet 5,sonnet5,Claude Sonnet 5,1,1,0,1,-0.6375239151165961
1539,aita,Claude Sonnet 5,human,Human,1,0,0,0,-0.9966000821537044
1544,aita,Claude Sonnet 5,sonnet5,Claude Sonnet 5,1,0,0,1,-0.9850073960679854
1544,aita,Claude Sonnet 5,human,Human,0,0,0,0,-1.2865582085002818
1546,aita,Claude Sonnet 5,sonnet5,Claude Sonnet 5,0,1,0,1,-0.5086262155553587
1546,aita,Claude Sonnet 5,human,Human,1,0,0,0,-0.2266108059281641
1554,aita,Claude Sonnet 5,sonnet5,Claude Sonnet 5,1,0,0,0,0.12276905259849691
1554,aita,Claude Sonnet 5,human,Human,1,1,0,0,-0.4217405906628284
1558,aita,Claude Sonnet 5,sonnet5,Claude Sonnet 5,0,0,1,1,-0.7363512385781305
1558,aita,Claude Sonnet 5,human,Human,0,0,0,0,-0.5573250054622233
1560,aita,Claude Sonnet 5,sonnet5,Claude Sonnet 5,0,0,0,1,-1.4008530920327584
1560,aita,Claude Sonnet 5,human,Human,0,0,0,0,-1.8663598098254732
1562,aita,Claude Sonnet 5,sonnet5,Claude Sonnet 5,1,0,0,1,-0.9042000474249905
1562,aita,Claude Sonnet 5,human,Human,1,0,1,0,-0.7209223752813823
1569,aita,Claude Sonnet 5,sonnet5,Claude Sonnet 5,1,1,1,1,0.39118591653532897
1569,aita,Claude Sonnet 5,human,Human,0,0,0,0,-1.4496653523031238
1570,aita,Claude Sonnet 5,sonnet5,Claude Sonnet 5,0,1,0,1,-0.8168991607157883
1570,aita,Claude Sonnet 5,human,Human,0,0,0,0,0.0029109449064821
1574,aita,Claude Sonnet 5,sonnet5,Claude Sonnet 5,0,0,0,1,0.017551547460383565
1574,aita,Claude Sonnet 5,human,Human,0,0,1,0,-0.7784270047927841
1581,aita,Claude Sonnet 5,sonnet5,Claude Sonnet 5,1,1,0,1,0.18590494365113885
1581,aita,Claude Sonnet 5,human,Human,0,0,1,0,-0.531867161718921
1588,aita,Claude Sonnet 5,sonnet5,Claude Sonnet 5,1,1,0,1,-0.6666912047942227
1588,aita,Claude Sonnet 5,human,Human,0,0,0,0,-1.3435853151957535
1591,aita,Claude Sonnet 5,sonnet5,Claude Sonnet 5,1,0,1,1,0.40941704020660286
1591,aita,Claude Sonnet 5,human,Human,0,0,0,0,-0.6528280353961452
1592,aita,Claude Sonnet 5,sonnet5,Claude Sonnet 5,0,0,0,0,-0.6293821841536045
1592,aita,Claude Sonnet 5,human,Human,0,0,1,1,-0.5965985113023513
1606,aita,Claude Sonnet 5,sonnet5,Claude Sonnet 5,1,1,0,0,-1.137311762066342
1606,aita,Claude Sonnet 5,human,Human,0,0,0,0,-0.3788467990732101
1613,aita,Claude Sonnet 5,sonnet5,Claude Sonnet 5,1,1,0,1,0.5291894644965335
1613,aita,Claude Sonnet 5,human,Human,0,0,0,0,-1.1103342357589003
1616,aita,Claude Sonnet 5,sonnet5,Claude Sonnet 5,1,0,0,1,-1.239424272459147
1616,aita,Claude Sonnet 5,human,Human,0,0,0,0,-1.629881337566869
1617,aita,Claude Sonnet 5,sonnet5,Claude Sonnet 5,1,0,0,1,-0.7892882762810818
1617,aita,Claude Sonnet 5,human,Human,0,0,0,0,-0.7784270047927841
1620,aita,Claude Sonnet 5,sonnet5,Claude Sonnet 5,1,0,0,1,-0.7001495659674848
1620,aita,Claude Sonnet 5,human,Human,0,0,1,0,-1.340199108241462
1642,aita,Claude Sonnet 5,sonnet5,Claude Sonnet 5,1,0,0,1,0.30668729020065244
1642,aita,Claude Sonnet 5,human,Human,0,0,0,0,-1.331708364795185
1646,aita,Claude Sonnet 5,sonnet5,Claude Sonnet 5,1,1,1,1,0.16527174824978608
1646,aita,Claude Sonnet 5,human,Human,1,0,0,0,-0.7059545642847311
1666,aita,Claude Sonnet 5,sonnet5,Claude Sonnet 5,0,0,0,1,-1.2859536397117763
1666,aita,Claude Sonnet 5,human,Human,0,0,0,0,-1.4386462029988394
1669,aita,Claude Sonnet 5,sonnet5,Claude Sonnet 5,0,0,0,0,-0.5821925784595462
1669,aita,Claude Sonnet 5,human,Human,0,0,0,1,-1.229567949841474
1686,aita,Claude Sonnet 5,sonnet5,Claude Sonnet 5,1,1,0,1,-0.7326599608864488
1686,aita,Claude Sonnet 5,human,Human,0,0,0,0,-1.2145566994618242
1690,aita,Claude Sonnet 5,sonnet5,Claude Sonnet 5,0,0,1,1,0.030031603324871703
1690,aita,Claude Sonnet 5,human,Human,0,0,0,0,-1.1391816542937143
1691,aita,Claude Sonnet 5,sonnet5,Claude Sonnet 5,1,0,0,0,-0.8175028570956058
1691,aita,Claude Sonnet 5,human,Human,0,0,1,0,0.0874095712411586
1693,aita,Claude Sonnet 5,sonnet5,Claude Sonnet 5,1,0,0,1,-0.897573744448561
1693,aita,Claude Sonnet 5,human,Human,0,0,0,0,-1.1948328620935769
1698,aita,Claude Sonnet 5,sonnet5,Claude Sonnet 5,1,1,0,1,0.46687266603014965
1698,aita,Claude Sonnet 5,human,Human,1,0,0,0,-1.107601458043013
1702,aita,Claude Sonnet 5,sonnet5,Claude Sonnet 5,1,0,0,1,-0.9254473346728231
1702,aita,Claude Sonnet 5,human,Human,0,0,0,0,-1.0076044857529498
1707,aita,Claude Sonnet 5,sonnet5,Claude Sonnet 5,1,1,0,0,-0.13841762261758733
1707,aita,Claude Sonnet 5,human,Human,0,0,0,1,-0.6750098632644379
1708,aita,Claude Sonnet 5,sonnet5,Claude Sonnet 5,0,1,0,1,-0.370901951296174
1708,aita,Claude Sonnet 5,human,Human,0,0,1,0,-0.470150780348136
1709,aita,Claude Sonnet 5,sonnet5,Claude Sonnet 5,1,1,0,1,-0.5074179503870357
1709,aita,Claude Sonnet 5,human,Human,0,0,1,0,-0.7750243273226596
1711,aita,Claude Sonnet 5,sonnet5,Claude Sonnet 5,1,0,0,0,-1.0269130613045254
1711,aita,Claude Sonnet 5,human,Human,0,0,1,0,-0.9237062765138724
1714,aita,Claude Sonnet 5,sonnet5,Claude Sonnet 5,1,0,0,0,-0.5813002818581716
1714,aita,Claude Sonnet 5,human,Human,0,0,0,1,-1.147742279876855
1715,aita,Claude Sonnet 5,sonnet5,Claude Sonnet 5,1,1,0,1,-1.5267527962600798
1715,aita,Claude Sonnet 5,human,Human,1,0,1,0,-0.74790366890427
1725,aita,Claude Sonnet 5,sonnet5,Claude Sonnet 5,0,0,0,1,-0.9615780153412774
1725,aita,Claude Sonnet 5,human,Human,0,0,0,0,-1.1948328620935769
1726,aita,Claude Sonnet 5,sonnet5,Claude Sonnet 5,0,0,0,1,-1.5186300582301984
1726,aita,Claude Sonnet 5,human,Human,0,0,0,0,-1.1948328620935769
1741,aita,Claude Sonnet 5,sonnet5,Claude Sonnet 5,1,0,0,1,-0.6576000442523471
1741,aita,Claude Sonnet 5,human,Human,0,0,0,0,-1.014230788729379
1744,aita,Claude Sonnet 5,sonnet5,Claude Sonnet 5,1,0,1,0,-0.8907249501253128
1744,aita,Claude Sonnet 5,human,Human,1,0,0,0,-0.6418236317968998
1746,aita,Claude Sonnet 5,sonnet5,Claude Sonnet 5,1,1,0,1,0.10818238055505613
1746,aita,Claude Sonnet 5,human,Human,0,0,0,0,-1.1599078304989805
1747,aita,Claude Sonnet 5,sonnet5,Claude Sonnet 5,1,0,1,1,-0.07699312075257791
1747,aita,Claude Sonnet 5,human,Human,0,0,0,0,-2.0527951828144495
1756,aita,Claude Sonnet 5,sonnet5,Claude Sonnet 5,0,0,0,1,-0.3092290093083878
1756,aita,Claude Sonnet 5,human,Human,0,0,0,0,-1.8503395689718336
1766,aita,Claude Sonnet 5,sonnet5,Claude Sonnet 5,1,1,0,0,-0.1806686675339354
1766,aita,Claude Sonnet 5,human,Human,0,0,0,0,-0.9237062765138724
1770,aita,Claude Sonnet 5,sonnet5,Claude Sonnet 5,1,0,0,0,-1.5687019008796186
1770,aita,Claude Sonnet 5,human,Human,0,0,0,1,-0.6114269575035005
1780,aita,Claude Sonnet 5,sonnet5,Claude Sonnet 5,1,0,0,0,-1.0257089478291088
1780,aita,Claude Sonnet 5,human,Human,1,0,1,1,-0.4054194307647056
1781,aita,Claude Sonnet 5,sonnet5,Claude Sonnet 5,0,0,0,1,-1.2739141138099004
1781,aita,Claude Sonnet 5,human,Human,0,0,0,0,-1.4429288582474122
1793,aita,Claude Sonnet 5,sonnet5,Claude Sonnet 5,1,0,0,1,-0.3357619538315653
1793,aita,Claude Sonnet 5,human,Human,0,0,0,0,-1.191569549418954
1796,aita,Claude Sonnet 5,sonnet5,Claude Sonnet 5,1,1,0,1,-1.190165139996878
1796,aita,Claude Sonnet 5,human,Human,1,0,0,0,-1.9111202143582455
1802,aita,Claude Sonnet 5,sonnet5,Claude Sonnet 5,1,0,0,0,-1.4568900298705003
1802,aita,Claude Sonnet 5,human,Human,1,0,0,1,-0.2164859957299061
1803,aita,Claude Sonnet 5,sonnet5,Claude Sonnet 5,1,0,0,1,-0.4250656102256932
1803,aita,Claude Sonnet 5,human,Human,0,0,0,0,-1.2859577914046827
1804,aita,Claude Sonnet 5,sonnet5,Claude Sonnet 5,1,1,1,0,-0.9513029484646385
1804,aita,Claude Sonnet 5,human,Human,0,0,1,0,-0.7364779001732454
1813,aita,Claude Sonnet 5,sonnet5,Claude Sonnet 5,1,1,0,1,-0.8168991607157883
1813,aita,Claude Sonnet 5,human,Human,0,0,1,0,-1.4769876365162733
1817,aita,Claude Sonnet 5,sonnet5,Claude Sonnet 5,0,0,0,0,-1.3160658654765252
1817,aita,Claude Sonnet 5,human,Human,1,1,0,1,-1.2643886994549156
1822,aita,Claude Sonnet 5,sonnet5,Claude Sonnet 5,1,1,0,1,0.516097494409572
1822,aita,Claude Sonnet 5,human,Human,0,1,0,0,-0.3403003719237961
1827,aita,Claude Sonnet 5,sonnet5,Claude Sonnet 5,0,0,0,0,-0.5080225191755411
1827,aita,Claude Sonnet 5,human,Human,0,0,0,1,-0.1654858906672719
1828,aita,Claude Sonnet 5,sonnet5,Claude Sonnet 5,1,1,0,1,-0.29921601134643916
1828,aita,Claude Sonnet 5,human,Human,0,0,0,0,-1.1984542576483943
1834,aita,Claude Sonnet 5,sonnet5,Claude Sonnet 5,1,0,1,1,0.38624708598523194
1834,aita,Claude Sonnet 5,human,Human,0,0,0,0,-0.6340065554203062
1853,aita,Claude Sonnet 5,sonnet5,Claude Sonnet 5,1,1,0,1,-0.30201499243674634
1853,aita,Claude Sonnet 5,human,Human,0,0,0,0,-0.9054751528425984
1854,aita,Claude Sonnet 5,sonnet5,Claude Sonnet 5,1,0,0,1,-0.5114251966456658
1854,aita,Claude Sonnet 5,human,Human,0,0,0,0,-0.6720049558428262
1856,aita,Claude Sonnet 5,sonnet5,Claude Sonnet 5,1,1,0,0,-0.5494235970681859
1856,aita,Claude Sonnet 5,human,Human,0,0,0,0,-1.3584302319127357
1865,aita,Claude Sonnet 5,sonnet5,Claude Sonnet 5,0,0,0,0,-0.7593818280039993
1865,aita,Claude Sonnet 5,human,Human,0,0,0,1,-1.1412789367791936
1873,aita,Claude Sonnet 5,sonnet5,Claude Sonnet 5,0,0,0,1,-1.2893439983589745
1873,aita,Claude Sonnet 5,human,Human,0,0,1,0,-1.6022435728179985
1874,aita,Claude Sonnet 5,sonnet5,Claude Sonnet 5,1,0,0,1,-0.7743496390006505
1874,aita,Claude Sonnet 5,human,Human,0,0,0,0,-1.220377680263676
1887,aita,Claude Sonnet 5,sonnet5,Claude Sonnet 5,1,0,0,1,-1.2516231161146516
1887,aita,Claude Sonnet 5,human,Human,0,0,0,0,-1.8964843544131484
1889,aita,Claude Sonnet 5,sonnet5,Claude Sonnet 5,1,1,0,1,-1.022157034932929
1889,aita,Claude Sonnet 5,human,Human,0,0,0,0,-1.12925275095257
1890,aita,Claude Sonnet 5,sonnet5,Claude Sonnet 5,1,1,0,1,0.16140801847956432
1890,aita,Claude Sonnet 5,human,Human,0,0,0,0,-1.0683851311393615
1893,aita,Claude Sonnet 5,sonnet5,Claude Sonnet 5,1,1,0,1,-0.8278437429692036
1893,aita,Claude Sonnet 5,human,Human,0,0,0,0,-1.2137513772872466
1896,aita,Claude Sonnet 5,sonnet5,Claude Sonnet 5,1,0,0,1,-0.2420396692249122
1896,aita,Claude Sonnet 5,human,Human,0,0,0,0,-2.25825468282635
1902,aita,Claude Sonnet 5,sonnet5,Claude Sonnet 5,0,1,0,1,-0.8867742459282941
1902,aita,Claude Sonnet 5,human,Human,0,0,0,0,-1.7098563951681207
1920,aita,Claude Sonnet 5,sonnet5,Claude Sonnet 5,1,0,0,1,-0.21806439282896384
1920,aita,Claude Sonnet 5,human,Human,0,1,1,0,-0.3898639058728426
1923,aita,Claude Sonnet 5,sonnet5,Claude Sonnet 5,1,0,0,1,-0.37150564767599153
1923,aita,Claude Sonnet 5,human,Human,0,0,0,0,-1.316739532546208
1934,aita,Claude Sonnet 5,sonnet5,Claude Sonnet 5,1,0,1,0,-0.7141694107098379
1934,aita,Claude Sonnet 5,human,Human,0,1,1,1,-0.9428831969605532
1935,aita,Claude Sonnet 5,sonnet5,Claude Sonnet 5,1,0,0,1,0.0023617699530230074
1935,aita,Claude Sonnet 5,human,Human,1,0,0,0,-0.325968710307401
1942,aita,Claude Sonnet 5,sonnet5,Claude Sonnet 5,1,0,0,0,-0.5205196364717601
1942,aita,Claude Sonnet 5,human,Human,0,1,1,0,-0.9024167452469544
1948,aita,Claude Sonnet 5,sonnet5,Claude Sonnet 5,1,0,0,0,-0.8175028570956058
1948,aita,Claude Sonnet 5,human,Human,0,0,1,1,-0.6871754138865632
1955,aita,Claude Sonnet 5,sonnet5,Claude Sonnet 5,1,1,0,1,-0.25666321034708284
1955,aita,Claude Sonnet 5,human,Human,1,0,0,0,-1.034942752450705
1964,aita,Claude Sonnet 5,sonnet5,Claude Sonnet 5,0,0,0,0,-1.1981088779685864
1964,aita,Claude Sonnet 5,human,Human,0,0,0,0,-1.0267814061996308
1979,aita,Claude Sonnet 5,sonnet5,Claude Sonnet 5,1,1,0,1,-0.7743496390006505
1979,aita,Claude Sonnet 5,human,Human,0,0,1,0,-0.9048747357469996
1987,aita,Claude Sonnet 5,sonnet5,Claude Sonnet 5,1,1,0,1,0.18804842890882134
1987,aita,Claude Sonnet 5,human,Human,0,0,0,0,-1.5840124491467245
1988,aita,Claude Sonnet 5,sonnet5,Claude Sonnet 5,1,0,0,1,-0.3095732791828683
1988,aita,Claude Sonnet 5,human,Human,0,0,0,0,-1.008204902848549
1990,aita,Claude Sonnet 5,sonnet5,Claude Sonnet 5,0,0,0,1,-0.5034814586739571
1990,aita,Claude Sonnet 5,human,Human,0,0,0,0,-2.097933328882201
1994,aita,Claude Sonnet 5,sonnet5,Claude Sonnet 5,0,0,0,1,-0.42352389284086456
1994,aita,Claude Sonnet 5,human,Human,0,0,0,0,-0.5914570337051684
2008,aita,Claude Sonnet 5,sonnet5,Claude Sonnet 5,1,0,0,1,-0.3636912137087511
2008,aita,Claude Sonnet 5,human,Human,0,0,0,0,-1.621075113584871
2010,aita,Claude Sonnet 5,sonnet5,Claude Sonnet 5,1,0,0,0,0.6622861241637654
2010,aita,Claude Sonnet 5,human,Human,1,1,0,1,-0.22868108717073
2022,aita,Claude Sonnet 5,sonnet5,Claude Sonnet 5,1,1,0,1,0.0649611314056453
2022,aita,Claude Sonnet 5,human,Human,0,0,0,0,-1.0613871899430598
2025,aita,Claude Sonnet 5,sonnet5,Claude Sonnet 5,1,0,0,1,-0.5080225191755411
2025,aita,Claude Sonnet 5,human,Human,0,0,0,0,-1.335916452992889
2035,aita,Claude Sonnet 5,sonnet5,Claude Sonnet 5,0,0,0,0,-0.8053340271892617
2035,aita,Claude Sonnet 5,human,Human,0,0,0,1,-0.9584413642617696
2036,aita,Claude Sonnet 5,sonnet5,Claude Sonnet 5,1,0,0,1,-0.25992652302170555
2036,aita,Claude Sonnet 5,human,Human,0,0,0,0,-1.3928333686090788
2040,aita,Claude Sonnet 5,sonnet5,Claude Sonnet 5,1,0,0,1,-0.08239300360277191
2040,aita,Claude Sonnet 5,human,Human,0,0,0,0,-1.5456586082533623
2047,aita,Claude Sonnet 5,sonnet5,Claude Sonnet 5,0,0,0,0,-1.137328232582175
2047,aita,Claude Sonnet 5,human,Human,0,0,0,1,-1.064982453669237
2048,aita,Claude Sonnet 5,sonnet5,Claude Sonnet 5,1,0,0,1,-0.769420954800173
2048,aita,Claude Sonnet 5,human,Human,0,0,0,0,-1.0501540074680875
2051,aita,Claude Sonnet 5,sonnet5,Claude Sonnet 5,1,0,0,1,-0.21797741840216678
2051,aita,Claude Sonnet 5,human,Human,0,0,0,0,-0.8440071159337909
2055,aita,Claude Sonnet 5,sonnet5,Claude Sonnet 5,1,0,1,1,-0.06820070678187884
2055,aita,Claude Sonnet 5,human,Human,1,0,0,0,-0.7439529647072511
2064,aita,Claude Sonnet 5,sonnet5,Claude Sonnet 5,1,1,0,1,0.002105622731904566
2064,aita,Claude Sonnet 5,human,Human,0,0,0,0,-1.277265422163646
2065,aita,Claude Sonnet 5,sonnet5,Claude Sonnet 5,0,0,0,0,-0.8744037902271902
2065,aita,Claude Sonnet 5,human,Human,0,0,1,0,-1.499513822812048
2066,aita,Claude Sonnet 5,sonnet5,Claude Sonnet 5,1,1,0,1,-0.3447694192308626
2066,aita,Claude Sonnet 5,human,Human,0,0,0,0,-1.2745320226736585
2068,aita,Claude Sonnet 5,sonnet5,Claude Sonnet 5,1,0,0,1,-0.05481129288428532
2068,aita,Claude Sonnet 5,human,Human,0,0,0,0,-0.7904531906194077
2084,aita,Claude Sonnet 5,sonnet5,Claude Sonnet 5,1,1,0,1,-0.09132806165319163
2084,aita,Claude Sonnet 5,human,Human,0,0,0,0,-1.2557004819067854
2089,aita,Claude Sonnet 5,sonnet5,Claude Sonnet 5,1,1,0,1,-0.6257200801781426
2089,aita,Claude Sonnet 5,human,Human,1,0,0,0,-0.967120542271192
2099,aita,Claude Sonnet 5,sonnet5,Claude Sonnet 5,0,1,0,0,-0.9042000474249905
2099,aita,Claude Sonnet 5,human,Human,0,0,0,0,-0.5728805303540865
2101,aita,Claude Sonnet 5,sonnet5,Claude Sonnet 5,1,0,0,0,-1.3160658654765252
2101,aita,Claude Sonnet 5,human,Human,0,0,0,0,-0.6662174492937387
2102,aita,Claude Sonnet 5,sonnet5,Claude Sonnet 5,1,1,1,1,-0.09222035825456615
2102,aita,Claude Sonnet 5,human,Human,0,0,0,0,-1.7092559780725216
2113,aita,Claude Sonnet 5,sonnet5,Claude Sonnet 5,0,0,1,0,-0.6378729275998811
2113,aita,Claude Sonnet 5,human,Human,0,0,1,1,-1.3164811272931969
2117,aita,Claude Sonnet 5,sonnet5,Claude Sonnet 5,1,0,0,1,-0.6955951653906485
2117,aita,Claude Sonnet 5,human,Human,0,0,0,0,-0.7251738143090833
2120,aita,Claude Sonnet 5,sonnet5,Claude Sonnet 5,1,0,0,1,-1.1561597733490476
2120,aita,Claude Sonnet 5,human,Human,0,0,0,0,-1.340199108241462
2122,aita,Claude Sonnet 5,sonnet5,Claude Sonnet 5,1,0,0,1,-0.7932369379734486
2122,aita,Claude Sonnet 5,human,Human,0,0,0,0,-1.5840124491467245
2123,aita,Claude Sonnet 5,sonnet5,Claude Sonnet 5,1,0,0,1,-0.1431598668416713
2123,aita,Claude Sonnet 5,human,Human,0,1,0,0,-0.2064992593024374
2133,aita,Claude Sonnet 5,sonnet5,Claude Sonnet 5,0,0,0,1,-1.4616337374191701
2133,aita,Claude Sonnet 5,human,Human,1,0,0,0,-2.110720067652302
2135,aita,Claude Sonnet 5,sonnet5,Claude Sonnet 5,0,0,0,1,-0.42412758922068217
2135,aita,Claude Sonnet 5,human,Human,0,0,0,0,-0.989373362081676
2139,aita,Claude Sonnet 5,sonnet5,Claude Sonnet 5,1,0,0,1,-0.5879811062609597
2139,aita,Claude Sonnet 5,human,Human,1,0,1,0,-0.233019500625228
2142,aita,Claude Sonnet 5,sonnet5,Claude Sonnet 5,1,0,0,0,-0.8594519617151446
2142,aita,Claude Sonnet 5,human,Human,0,0,1,0,-1.3772617726796086
2149,aita,Claude Sonnet 5,sonnet5,Claude Sonnet 5,1,1,0,1,-0.9655287195382961
2149,aita,Claude Sonnet 5,human,Human,0,0,0,0,-1.1948328620935769
2150,aita,Claude Sonnet 5,sonnet5,Claude Sonnet 5,1,1,0,0,-0.3906692280474201
2150,aita,Claude Sonnet 5,human,Human,1,0,0,1,-0.3080494035101692
2152,aita,Claude Sonnet 5,sonnet5,Claude Sonnet 5,1,0,0,1,-0.08213685638165347
2152,aita,Claude Sonnet 5,human,Human,1,0,0,0,-0.4519208049034272
2156,aita,Claude Sonnet 5,sonnet5,Claude Sonnet 5,1,1,0,0,-1.1568169699028978
2156,aita,Claude Sonnet 5,human,Human,0,0,0,1,-0.2706301917902688
2157,aita,Claude Sonnet 5,sonnet5,Claude Sonnet 5,1,0,0,1,0.3182431072076417
2157,aita,Claude Sonnet 5,human,Human,0,0,0,0,-1.1070709230842777
2167,aita,Claude Sonnet 5,sonnet5,Claude Sonnet 5,1,0,1,1,-0.41714602998721195
2167,aita,Claude Sonnet 5,human,Human,0,0,0,0,-1.4611599819186862
2168,aita,Claude Sonnet 5,sonnet5,Claude Sonnet 5,1,1,0,1,0.2777833296042267
2168,aita,Claude Sonnet 5,human,Human,0,0,0,0,-0.6148296349736252
2169,aita,Claude Sonnet 5,sonnet5,Claude Sonnet 5,1,0,0,1,0.03576560969992659
2169,aita,Claude Sonnet 5,human,Human,0,1,0,0,-1.5104449764372094
2170,aita,Claude Sonnet 5,sonnet5,Claude Sonnet 5,1,1,1,1,-0.13991361559877935
2170,aita,Claude Sonnet 5,human,Human,0,0,0,0,-0.7412773659278404
2174,aita,Claude Sonnet 5,sonnet5,Claude Sonnet 5,0,1,0,1,0.35679509866191217
2174,aita,Claude Sonnet 5,human,Human,0,0,0,0,-1.3584302319127357
2183,aita,Claude Sonnet 5,sonnet5,Claude Sonnet 5,1,0,0,1,-0.8293962780120072
2183,aita,Claude Sonnet 5,human,Human,0,0,0,0,-2.1323983294290256
2188,aita,Claude Sonnet 5,sonnet5,Claude Sonnet 5,0,0,0,0,-1.0397422182053
2188,aita,Claude Sonnet 5,human,Human,0,0,0,0,-1.4158081998290228
2199,aita,Claude Sonnet 5,sonnet5,Claude Sonnet 5,1,1,0,0,-0.4660734145560023
2199,aita,Claude Sonnet 5,human,Human,0,0,0,0,-1.0921031120876263
2202,aita,Claude Sonnet 5,sonnet5,Claude Sonnet 5,1,0,0,1,-0.7636768020754986
2202,aita,Claude Sonnet 5,human,Human,0,0,0,0,-1.8964843544131484
2205,aita,Claude Sonnet 5,sonnet5,Claude Sonnet 5,1,0,0,1,-1.343939455700787
2205,aita,Claude Sonnet 5,human,Human,0,0,0,0,-1.8503395689718336
2207,aita,Claude Sonnet 5,sonnet5,Claude Sonnet 5,1,1,0,1,0.23188352078766916
2207,aita,Claude Sonnet 5,human,Human,0,0,0,0,-1.4270847331339922
2213,aita,Claude Sonnet 5,sonnet5,Claude Sonnet 5,0,0,0,0,-0.6995458695876673
2213,aita,Claude Sonnet 5,human,Human,1,0,0,1,-1.1687438650720638
2217,aita,Claude Sonnet 5,sonnet5,Claude Sonnet 5,0,0,0,1,-1.0494793191460785
2217,aita,Claude Sonnet 5,human,Human,0,0,0,0,-1.4003628660164416
2220,aita,Claude Sonnet 5,sonnet5,Claude Sonnet 5,1,0,0,1,-0.4648392873314252
2220,aita,Claude Sonnet 5,human,Human,0,0,0,0,-1.1948328620935769
2221,aita,Claude Sonnet 5,sonnet5,Claude Sonnet 5,1,0,1,1,-0.3149731620330623
2221,aita,Claude Sonnet 5,human,Human,1,0,1,0,-1.0191696192794764
2232,aita,Claude Sonnet 5,sonnet5,Claude Sonnet 5,1,0,0,1,-0.2676334910828666
2232,aita,Claude Sonnet 5,human,Human,0,0,0,0,-1.209800673090228
2242,aita,Claude Sonnet 5,sonnet5,Claude Sonnet 5,1,0,0,1,-0.4755121242565771
2242,aita,Claude Sonnet 5,human,Human,0,0,0,0,-1.320404278931023
2245,aita,Claude Sonnet 5,sonnet5,Claude Sonnet 5,1,0,0,1,-0.6201909788820663
2245,aita,Claude Sonnet 5,human,Human,0,0,0,0,-1.1795891540757557
2257,aita,Claude Sonnet 5,sonnet5,Claude Sonnet 5,0,0,0,0,-0.9439505880498211
2257,aita,Claude Sonnet 5,human,Human,0,0,0,1,-1.0148312058249784
2258,aita,Claude Sonnet 5,sonnet5,Claude Sonnet 5,1,1,0,1,0.3765623754131584
2258,aita,Claude Sonnet 5,human,Human,0,0,0,0,-1.2563008990023845
2259,aita,Claude Sonnet 5,sonnet5,Claude Sonnet 5,1,1,0,0,0.452875919954846
2259,aita,Claude Sonnet 5,human,Human,0,0,0,0,-0.729724935601701
2274,aita,Claude Sonnet 5,sonnet5,Claude Sonnet 5,1,1,1,1,0.21571826228066993
2274,aita,Claude Sonnet 5,human,Human,0,0,0,0,-1.4429288582474122
2276,aita,Claude Sonnet 5,sonnet5,Claude Sonnet 5,1,1,0,1,0.2130426635012591
2276,aita,Claude Sonnet 5,human,Human,0,0,0,0,-0.9811527058364714
2279,aita,Claude Sonnet 5,sonnet5,Claude Sonnet 5,1,1,0,1,-0.572497721537853
2279,aita,Claude Sonnet 5,human,Human,0,0,0,0,-1.099935786571365
2280,aita,Claude Sonnet 5,sonnet5,Claude Sonnet 5,0,0,0,1,-0.7743496390006505
2280,aita,Claude Sonnet 5,human,Human,0,0,0,0,-1.0765475871957633
2288,aita,Claude Sonnet 5,sonnet5,Claude Sonnet 5,1,1,0,0,-0.38157478822132584
2288,aita,Claude Sonnet 5,human,Human,1,1,1,1,0.0980824081663105
2291,aita,Claude Sonnet 5,sonnet5,Claude Sonnet 5,0,0,0,0,-0.8014702974190401
2291,aita,Claude Sonnet 5,human,Human,0,0,1,1,-1.117948665088408
2295,aita,Claude Sonnet 5,sonnet5,Claude Sonnet 5,1,0,0,1,0.321310831322823
2295,aita,Claude Sonnet 5,human,Human,0,0,0,0,-1.6636155957613012
2297,aita,Claude Sonnet 5,sonnet5,Claude Sonnet 5,1,0,0,1,0.17836371833674758
2297,aita,Claude Sonnet 5,human,Human,0,0,0,0,-0.5698789022166935
2322,aita,Claude Sonnet 5,sonnet5,Claude Sonnet 5,1,0,1,1,0.18933399907253146
2322,aita,Claude Sonnet 5,human,Human,0,1,1,0,-1.5849448172938776
2330,aita,Claude Sonnet 5,sonnet5,Claude Sonnet 5,1,1,0,0,-0.6666912047942227
2330,aita,Claude Sonnet 5,human,Human,0,0,0,0,-1.0076044857529498
2336,aita,Claude Sonnet 5,sonnet5,Claude Sonnet 5,1,0,0,1,-0.7183806896387587
2336,aita,Claude Sonnet 5,human,Human,0,0,0,0,-1.4611599819186862
2352,aita,Claude Sonnet 5,sonnet5,Claude Sonnet 5,1,1,0,1,-0.5503158936695604
2352,aita,Claude Sonnet 5,human,Human,0,0,0,0,-1.2557004819067854
2354,aita,Claude Sonnet 5,sonnet5,Claude Sonnet 5,1,1,1,0,-0.4976939521248697
2354,aita,Claude Sonnet 5,human,Human,1,0,1,1,-0.0784731312491645
2355,aita,Claude Sonnet 5,sonnet5,Claude Sonnet 5,0,0,0,1,-1.008078241253434
2355,aita,Claude Sonnet 5,human,Human,0,0,0,0,-1.2557004819067854
2371,aita,Claude Sonnet 5,sonnet5,Claude Sonnet 5,1,0,0,1,-0.8594519617151446
2371,aita,Claude Sonnet 5,human,Human,0,0,1,0,-1.4998457738636022
2378,aita,Claude Sonnet 5,sonnet5,Claude Sonnet 5,1,0,0,1,-1.3249008787972822
2378,aita,Claude Sonnet 5,human,Human,0,0,1,0,-1.1490200277038165
2385,aita,Claude Sonnet 5,sonnet5,Claude Sonnet 5,1,0,0,1,-0.5119732233725598
2385,aita,Claude Sonnet 5,human,Human,0,0,0,0,-1.298250003621923
2387,aita,Claude Sonnet 5,sonnet5,Claude Sonnet 5,1,0,0,1,-0.8068300201704539
2387,aita,Claude Sonnet 5,human,Human,0,0,1,0,-1.9143871906945475
2393,aita,Claude Sonnet 5,sonnet5,Claude Sonnet 5,1,0,0,1,-0.8482712581618788
2393,aita,Claude Sonnet 5,human,Human,1,0,0,0,-1.3446989873919395
2395,aita,Claude Sonnet 5,sonnet5,Claude Sonnet 5,1,0,0,1,0.15073190227019384
2395,aita,Claude Sonnet 5,human,Human,0,1,0,0,-0.6841293251138454
2397,aita,Claude Sonnet 5,sonnet5,Claude Sonnet 5,0,1,0,0,-1.030889122200486
2397,aita,Claude Sonnet 5,human,Human,1,0,0,0,-0.1882681356311635
2402,aita,Claude Sonnet 5,sonnet5,Claude Sonnet 5,0,0,0,1,-1.1214841074687547
2402,aita,Claude Sonnet 5,human,Human,0,0,0,0,-0.8792467910255835
2403,aita,Claude Sonnet 5,sonnet5,Claude Sonnet 5,1,0,0,0,-1.412457912727603
2403,aita,Claude Sonnet 5,human,Human,0,0,0,0,-1.5721180069779972
2415,aita,Claude Sonnet 5,sonnet5,Claude Sonnet 5,1,0,0,0,-0.0018450814651141956
2415,aita,Claude Sonnet 5,human,Human,0,1,1,1,0.1018971342486771
2441,aita,Claude Sonnet 5,sonnet5,Claude Sonnet 5,1,0,0,1,-0.08213685638165347
2441,aita,Claude Sonnet 5,human,Human,0,0,0,0,-0.8120869917608062
2459,aita,Claude Sonnet 5,sonnet5,Claude Sonnet 5,1,0,0,0,-0.8859689237537166
2459,aita,Claude Sonnet 5,human,Human,0,0,0,0,-1.3590306490083348
2461,aita,Claude Sonnet 5,sonnet5,Claude Sonnet 5,0,0,0,0,-0.9768052528432656
2461,aita,Claude Sonnet 5,human,Human,0,0,0,0,-1.340199108241462
2464,aita,Claude Sonnet 5,sonnet5,Claude Sonnet 5,1,0,0,0,-1.209385411273556
2464,aita,Claude Sonnet 5,human,Human,1,1,0,1,0.0874095712411586
2476,aita,Claude Sonnet 5,sonnet5,Claude Sonnet 5,0,0,0,1,-0.09336328433855579
2476,aita,Claude Sonnet 5,human,Human,0,0,0,0,-1.5456586082533623
2477,aita,Claude Sonnet 5,sonnet5,Claude Sonnet 5,1,0,0,1,0.15494318119911465
2477,aita,Claude Sonnet 5,human,Human,0,0,0,0,-0.6634050425695934
2478,aita,Claude Sonnet 5,sonnet5,Claude Sonnet 5,1,0,0,1,-0.8594519617151446
2478,aita,Claude Sonnet 5,human,Human,0,0,0,0,-1.1112800325343073
2484,aita,Claude Sonnet 5,sonnet5,Claude Sonnet 5,1,0,0,1,-0.17937860088404778
2484,aita,Claude Sonnet 5,human,Human,0,0,0,0,-0.8931829406253581
2487,aita,Claude Sonnet 5,sonnet5,Claude Sonnet 5,1,1,0,1,-0.42412758922068217
2487,aita,Claude Sonnet 5,human,Human,0,0,0,0,-1.2018579563708451
2490,aita,Claude Sonnet 5,sonnet5,Claude Sonnet 5,0,0,0,0,-1.3160658654765252
2490,aita,Claude Sonnet 5,human,Human,0,0,0,0,-0.7981942815440304
2499,aita,Claude Sonnet 5,sonnet5,Claude Sonnet 5,1,0,1,1,-0.3612172407241003
2499,aita,Claude Sonnet 5,human,Human,0,0,1,0,-0.6765560771354439
2500,aita,Claude Sonnet 5,sonnet5,Claude Sonnet 5,1,1,0,0,-0.7749533353804681
2500,aita,Claude Sonnet 5,human,Human,1,0,0,0,-0.527528748264423
2523,aita,Claude Sonnet 5,sonnet5,Claude Sonnet 5,1,0,0,1,0.2787349316564174
2523,aita,Claude Sonnet 5,human,Human,0,0,0,0,-1.2557004819067854
2529,aita,Claude Sonnet 5,sonnet5,Claude Sonnet 5,1,0,1,1,-0.8364648116722745
2529,aita,Claude Sonnet 5,human,Human,1,0,1,0,-0.7792323269673618
2532,aita,Claude Sonnet 5,sonnet5,Claude Sonnet 5,1,1,0,1,-0.12379408149541671
2532,aita,Claude Sonnet 5,human,Human,0,0,0,0,-1.8046991866606137
2535,aita,Claude Sonnet 5,sonnet5,Claude Sonnet 5,0,0,0,0,-0.9321260280179575
2535,aita,Claude Sonnet 5,human,Human,1,0,0,1,-0.4506445512592542
2537,aita,Claude Sonnet 5,sonnet5,Claude Sonnet 5,1,0,0,1,-0.6202284388766939
2537,aita,Claude Sonnet 5,human,Human,0,0,0,0,-0.989373362081676
2545,aita,Claude Sonnet 5,sonnet5,Claude Sonnet 5,1,0,0,0,-0.9938424093887426
2545,aita,Claude Sonnet 5,human,Human,0,0,0,1,-0.6989989526661008
2551,aita,Claude Sonnet 5,sonnet5,Claude Sonnet 5,1,0,0,0,-0.7418100703654666
2551,aita,Claude Sonnet 5,human,Human,1,0,1,1,-0.2561894548465988
2559,aita,Claude Sonnet 5,sonnet5,Claude Sonnet 5,0,0,0,1,-0.9272406976418932
2559,aita,Claude Sonnet 5,human,Human,0,0,0,0,-1.3928333686090788
2562,aita,Claude Sonnet 5,sonnet5,Claude Sonnet 5,1,0,0,0,-0.11613996499759105
2562,aita,Claude Sonnet 5,human,Human,1,1,1,0,-0.95868270808305
2569,aita,Claude Sonnet 5,sonnet5,Claude Sonnet 5,1,0,0,1,-0.7916027826684657
2569,aita,Claude Sonnet 5,human,Human,0,0,0,0,-1.2711293452035335
2572,aita,Claude Sonnet 5,sonnet5,Claude Sonnet 5,1,0,1,1,-0.06785643690739834
2572,aita,Claude Sonnet 5,human,Human,0,0,0,0,-1.8198686234520247
2576,aita,Claude Sonnet 5,sonnet5,Claude Sonnet 5,1,1,0,1,0.6812217007891661
2576,aita,Claude Sonnet 5,human,Human,1,0,1,0,-1.275480077480958
2580,aita,Claude Sonnet 5,sonnet5,Claude Sonnet 5,1,1,1,1,0.6005961207442485
2580,aita,Claude Sonnet 5,human,Human,0,0,0,0,-1.412256286932843
2593,aita,Claude Sonnet 5,sonnet5,Claude Sonnet 5,1,0,0,0,-0.7254459440148073
2593,aita,Claude Sonnet 5,human,Human,1,0,0,0,-1.165941604697538
2599,aita,Claude Sonnet 5,sonnet5,Claude Sonnet 5,0,1,0,1,-0.8281756940207576
2599,aita,Claude Sonnet 5,human,Human,0,0,0,0,-1.9573519742263572
2600,aita,Claude Sonnet 5,sonnet5,Claude Sonnet 5,1,0,0,0,-0.283988773844451
2600,aita,Claude Sonnet 5,human,Human,0,0,0,0,-0.6680552728981335
2609,aita,Claude Sonnet 5,sonnet5,Claude Sonnet 5,1,0,0,1,-0.009791077468715437
2609,aita,Claude Sonnet 5,human,Human,0,0,1,0,-0.2058988422068384
2610,aita,Claude Sonnet 5,sonnet5,Claude Sonnet 5,0,1,0,0,-1.0078220940323153
2610,aita,Claude Sonnet 5,human,Human,0,0,0,1,-0.2262665360536835
2613,aita,Claude Sonnet 5,sonnet5,Claude Sonnet 5,1,0,0,1,-1.185956030546848
2613,aita,Claude Sonnet 5,human,Human,0,1,0,0,-1.0118262984033666
2615,aita,Claude Sonnet 5,sonnet5,Claude Sonnet 5,1,0,0,1,-1.1975084608729876
2615,aita,Claude Sonnet 5,human,Human,0,0,0,0,-1.1948328620935769
2616,aita,Claude Sonnet 5,sonnet5,Claude Sonnet 5,1,0,0,0,-1.312072831701835
2616,aita,Claude Sonnet 5,human,Human,0,0,0,0,-1.5075893044416528
2621,aita,Claude Sonnet 5,sonnet5,Claude Sonnet 5,1,0,0,1,-0.032926908826624635
2621,aita,Claude Sonnet 5,human,Human,0,0,0,0,-1.9225993947103008
2623,aita,Claude Sonnet 5,sonnet5,Claude Sonnet 5,1,0,0,0,-0.05446702300980477
2623,aita,Claude Sonnet 5,human,Human,0,0,0,0,-0.7747357271011026
2624,aita,Claude Sonnet 5,sonnet5,Claude Sonnet 5,1,1,0,1,0.15133559865001145
2624,aita,Claude Sonnet 5,human,Human,0,0,0,0,-1.0197700363750752
2627,aita,Claude Sonnet 5,sonnet5,Claude Sonnet 5,1,0,0,1,-0.42254591283740595
2627,aita,Claude Sonnet 5,human,Human,0,0,0,0,-0.9273276720686902
2628,aita,Claude Sonnet 5,sonnet5,Claude Sonnet 5,1,1,0,1,0.07137701156459286
2628,aita,Claude Sonnet 5,human,Human,0,0,0,0,-0.8324022952389465
2630,aita,Claude Sonnet 5,sonnet5,Claude Sonnet 5,1,0,0,1,-0.3532735027523916
2630,aita,Claude Sonnet 5,human,Human,1,1,0,0,-1.686724707384516
2650,aita,Claude Sonnet 5,sonnet5,Claude Sonnet 5,1,1,0,1,0.7106736881124858
2650,aita,Claude Sonnet 5,human,Human,1,0,0,0,-0.3937276356430643
2651,aita,Claude Sonnet 5,sonnet5,Claude Sonnet 5,1,1,0,1,-0.8867742459282941
2651,aita,Claude Sonnet 5,human,Human,0,0,1,0,-1.1486880766522622
2653,aita,Claude Sonnet 5,sonnet5,Claude Sonnet 5,1,0,0,1,-0.4794628284535958
2653,aita,Claude Sonnet 5,human,Human,0,1,1,0,-0.5728805303540865
2657,aita,Claude Sonnet 5,sonnet5,Claude Sonnet 5,1,1,0,1,-0.1581447392700533
2657,aita,Claude Sonnet 5,human,Human,0,0,0,0,-0.8090820843391946
2658,aita,Claude Sonnet 5,sonnet5,Claude Sonnet 5,1,0,0,1,-0.569738900546326
2658,aita,Claude Sonnet 5,human,Human,0,0,1,0,-1.1712018555721089
2662,aita,Claude Sonnet 5,sonnet5,Claude Sonnet 5,0,0,0,0,-1.778510896389377
2662,aita,Claude Sonnet 5,human,Human,0,0,1,1,-1.0875620515860425
2672,aita,Claude Sonnet 5,sonnet5,Claude Sonnet 5,0,0,0,0,-1.321004696026622
2672,aita,Claude Sonnet 5,human,Human,0,0,0,0,-0.8896310277291783
2674,aita,Claude Sonnet 5,sonnet5,Claude Sonnet 5,1,0,0,1,-0.6767636246237756
2674,aita,Claude Sonnet 5,human,Human,0,0,0,0,-1.3089351593700014
2683,aita,Claude Sonnet 5,sonnet5,Claude Sonnet 5,1,0,1,1,0.1546550539080198
2683,aita,Claude Sonnet 5,human,Human,0,0,1,0,-1.0076044857529498
2707,aita,Claude Sonnet 5,sonnet5,Claude Sonnet 5,1,0,0,1,0.1276176177017465
2707,aita,Claude Sonnet 5,human,Human,0,0,0,0,-0.7522944727274729
2709,aita,Claude Sonnet 5,sonnet5,Claude Sonnet 5,1,0,0,1,-0.7448976516773307
2709,aita,Claude Sonnet 5,human,Human,0,0,0,0,-0.5996718801302752
2712,aita,Claude Sonnet 5,sonnet5,Claude Sonnet 5,0,0,0,1,-1.3245566089228018
2712,aita,Claude Sonnet 5,human,Human,0,0,0,0,-1.4998457738636022
2717,aita,Claude Sonnet 5,sonnet5,Claude Sonnet 5,1,1,0,1,-0.05391899628291086
2717,aita,Claude Sonnet 5,human,Human,0,0,1,0,-0.5920574508007674
2736,aita,Claude Sonnet 5,sonnet5,Claude Sonnet 5,1,0,0,1,-0.8594519617151446
2736,aita,Claude Sonnet 5,human,Human,0,0,0,0,-1.7894719491586253
2739,aita,Claude Sonnet 5,sonnet5,Claude Sonnet 5,0,0,0,0,-0.8483637968935321
2739,aita,Claude Sonnet 5,human,Human,0,0,0,0,-1.6214070646364254
2750,aita,Claude Sonnet 5,sonnet5,Claude Sonnet 5,1,0,0,0,-0.854307204833743
2750,aita,Claude Sonnet 5,human,Human,1,0,0,1,-0.15481305374212
2753,aita,Claude Sonnet 5,sonnet5,Claude Sonnet 5,1,0,0,1,0.30668729020065244
2753,aita,Claude Sonnet 5,human,Human,0,1,0,0,-0.9662944950032044
2757,aita,Claude Sonnet 5,sonnet5,Claude Sonnet 5,1,0,0,1,-0.4514498734338317
2757,aita,Claude Sonnet 5,human,Human,0,0,0,0,-0.74790366890427
2760,aita,Claude Sonnet 5,sonnet5,Claude Sonnet 5,0,0,0,0,-0.9279180283732553
2760,aita,Claude Sonnet 5,human,Human,0,0,0,0,-1.3514756415464313
2762,aita,Claude Sonnet 5,sonnet5,Claude Sonnet 5,1,0,0,0,-1.0500396646958992
2762,aita,Claude Sonnet 5,human,Human,0,0,0,1,-0.3931272185474653
2764,aita,Claude Sonnet 5,sonnet5,Claude Sonnet 5,1,0,0,1,-0.4660734145560023
2764,aita,Claude Sonnet 5,human,Human,0,0,0,0,-1.2474681437135198
2765,aita,Claude Sonnet 5,sonnet5,Claude Sonnet 5,1,0,0,1,-0.42017688502366346
2765,aita,Claude Sonnet 5,human,Human,0,1,0,0,-1.137726002630688
2769,aita,Claude Sonnet 5,sonnet5,Claude Sonnet 5,0,0,0,1,-0.49953177572926444
2769,aita,Claude Sonnet 5,human,Human,0,1,0,0,-1.7290333156148017
2773,aita,Claude Sonnet 5,sonnet5,Claude Sonnet 5,1,1,0,1,0.08660424906658104
2773,aita,Claude Sonnet 5,human,Human,0,0,0,0,-0.5086972074975501
2775,aita,Claude Sonnet 5,sonnet5,Claude Sonnet 5,1,0,1,1,0.04791845712166509
2775,aita,Claude Sonnet 5,human,Human,0,0,0,0,-1.480336902365367
2778,aita,Claude Sonnet 5,sonnet5,Claude Sonnet 5,1,0,0,0,-0.8481754284101751
2778,aita,Claude Sonnet 5,human,Human,0,0,0,1,-1.5456586082533623
2786,aita,Claude Sonnet 5,sonnet5,Claude Sonnet 5,1,1,1,1,0.10818238055505613
2786,aita,Claude Sonnet 5,human,Human,0,0,0,0,-1.1070709230842777
2787,aita,Claude Sonnet 5,sonnet5,Claude Sonnet 5,1,0,0,1,0.40941704020660286
2787,aita,Claude Sonnet 5,human,Human,0,0,0,0,-0.8629256311274607
2793,aita,Claude Sonnet 5,sonnet5,Claude Sonnet 5,0,0,0,1,-1.0528296062474984
2793,aita,Claude Sonnet 5,human,Human,0,0,0,0,-1.811985728078472
2801,aita,Claude Sonnet 5,sonnet5,Claude Sonnet 5,1,1,0,1,0.6261750617778092
2801,aita,Claude Sonnet 5,human,Human,0,0,0,0,-1.3130784498230723
2814,aita,Claude Sonnet 5,sonnet5,Claude Sonnet 5,1,0,0,1,-0.38157478822132584
2814,aita,Claude Sonnet 5,human,Human,0,0,0,0,-1.6456730723115844
2818,aita,Claude Sonnet 5,sonnet5,Claude Sonnet 5,0,0,0,0,-0.7324005343811117
2818,aita,Claude Sonnet 5,human,Human,1,0,1,0,-0.9231058594182734
2830,aita,Claude Sonnet 5,sonnet5,Claude Sonnet 5,1,1,0,1,-0.4660734145560023
2830,aita,Claude Sonnet 5,human,Human,1,0,0,0,-1.2869417660648546
2838,aita,Claude Sonnet 5,sonnet5,Claude Sonnet 5,1,1,0,1,0.156479334279087
2838,aita,Claude Sonnet 5,human,Human,0,0,1,0,-1.4611599819186862
2842,aita,Claude Sonnet 5,sonnet5,Claude Sonnet 5,1,1,1,1,0.4158554995357846
2842,aita,Claude Sonnet 5,human,Human,0,0,0,0,-0.9047877613202024
2852,aita,Claude Sonnet 5,sonnet5,Claude Sonnet 5,1,0,0,1,0.3410517301228013
2852,aita,Claude Sonnet 5,human,Human,0,0,0,0,-0.2108376727569354
2872,aita,Claude Sonnet 5,sonnet5,Claude Sonnet 5,1,0,0,1,0.41336774440362156
2872,aita,Claude Sonnet 5,human,Human,0,0,1,0,-1.8417618510987603
2874,aita,Claude Sonnet 5,sonnet5,Claude Sonnet 5,1,0,0,1,-0.0015889342439957543
2874,aita,Claude Sonnet 5,human,Human,0,0,0,0,-1.2133361154705748
2875,aita,Claude Sonnet 5,sonnet5,Claude Sonnet 5,0,1,0,1,-1.4422541699254032
2875,aita,Claude Sonnet 5,human,Human,0,0,0,0,-1.793754604407198
2876,aita,Claude Sonnet 5,sonnet5,Claude Sonnet 5,1,1,0,1,-0.4175337392446913
2876,aita,Claude Sonnet 5,human,Human,0,0,0,0,-1.3319657487958705
2880,aita,Claude Sonnet 5,sonnet5,Claude Sonnet 5,0,0,0,0,-1.3312931029785133
2880,aita,Claude Sonnet 5,human,Human,0,0,0,0,-1.704973322823949
2881,aita,Claude Sonnet 5,sonnet5,Claude Sonnet 5,1,0,0,1,-1.2472847026601537
2881,aita,Claude Sonnet 5,human,Human,0,0,0,0,-1.9530693189777844
2885,aita,Claude Sonnet 5,sonnet5,Claude Sonnet 5,1,0,1,1,-0.06694707887429296
2885,aita,Claude Sonnet 5,human,Human,0,0,0,0,-0.3709453906791727
2892,aita,Claude Sonnet 5,sonnet5,Claude Sonnet 5,1,1,0,0,-0.41019041836858156
2892,aita,Claude Sonnet 5,human,Human,0,0,0,1,-0.8783544944242089
2895,aita,Claude Sonnet 5,sonnet5,Claude Sonnet 5,1,1,0,1,-0.5229903301721922
2895,aita,Claude Sonnet 5,human,Human,0,0,0,0,-0.7875214446188785
2897,aita,Claude Sonnet 5,sonnet5,Claude Sonnet 5,1,0,0,1,-0.8929093016360807
2897,aita,Claude Sonnet 5,human,Human,0,0,1,0,-0.9546509775341656
2901,aita,Claude Sonnet 5,sonnet5,Claude Sonnet 5,0,0,0,1,-0.9731405064584506
2901,aita,Claude Sonnet 5,human,Human,0,0,0,0,-1.1496204447994152
2903,aita,Claude Sonnet 5,sonnet5,Claude Sonnet 5,1,0,1,1,-0.21411368863194508
2903,aita,Claude Sonnet 5,human,Human,0,0,0,0,-0.820376109412323
2906,aita,Claude Sonnet 5,sonnet5,Claude Sonnet 5,1,0,0,1,-0.6986535729862926
2906,aita,Claude Sonnet 5,human,Human,0,0,0,0,-1.3125304230961783
2910,aita,Claude Sonnet 5,sonnet5,Claude Sonnet 5,1,0,0,0,-1.2938840376082323
2910,aita,Claude Sonnet 5,human,Human,0,0,1,0,-0.7364779001732454
2914,aita,Claude Sonnet 5,sonnet5,Claude Sonnet 5,1,0,0,1,-1.0494793191460785
2914,aita,Claude Sonnet 5,human,Human,0,0,0,0,-1.02738182329523
2916,aita,Claude Sonnet 5,sonnet5,Claude Sonnet 5,1,1,0,1,-0.5159795972225022
2916,aita,Claude Sonnet 5,human,Human,0,0,0,0,-1.2557004819067854
2924,aita,Claude Sonnet 5,sonnet5,Claude Sonnet 5,1,0,0,0,-1.0591774553519904
2924,aita,Claude Sonnet 5,human,Human,0,0,0,1,-1.2897582389233204
2925,aita,Claude Sonnet 5,sonnet5,Claude Sonnet 5,1,0,0,0,0.1194589138600256
2925,aita,Claude Sonnet 5,human,Human,1,0,0,1,-0.8512338360058194
2939,aita,Claude Sonnet 5,sonnet5,Claude Sonnet 5,0,1,0,0,-1.1220845245643538
2939,aita,Claude Sonnet 5,human,Human,0,0,0,0,-1.1948328620935769
2950,aita,Claude Sonnet 5,sonnet5,Claude Sonnet 5,1,0,0,1,-0.5351431775939307
2950,aita,Claude Sonnet 5,human,Human,0,0,0,0,-1.3164811272931969
2962,aita,Claude Sonnet 5,sonnet5,Claude Sonnet 5,1,0,1,0,-0.820249447817208
2962,aita,Claude Sonnet 5,human,Human,1,0,0,1,-1.2285798234883958
2965,aita,Claude Sonnet 5,sonnet5,Claude Sonnet 5,1,0,0,1,-0.32593787846398975
2965,aita,Claude Sonnet 5,human,Human,0,0,0,0,-1.2563008990023845
2967,aita,Claude Sonnet 5,sonnet5,Claude Sonnet 5,1,0,0,1,-0.6384766239796987
2967,aita,Claude Sonnet 5,human,Human,0,0,0,0,-1.079950264665888
2975,aita,Claude Sonnet 5,sonnet5,Claude Sonnet 5,1,0,0,1,0.156479334279087
2975,aita,Claude Sonnet 5,human,Human,0,0,0,0,-0.7981942815440304
2976,aita,Claude Sonnet 5,sonnet5,Claude Sonnet 5,0,1,0,0,-1.26350006651522
2976,aita,Claude Sonnet 5,human,Human,0,0,0,1,-1.1264504905780444
2977,aita,Claude Sonnet 5,sonnet5,Claude Sonnet 5,1,1,0,1,-0.010391494564314374
2977,aita,Claude Sonnet 5,human,Human,0,0,0,0,-0.2943481727385336
2984,aita,Claude Sonnet 5,sonnet5,Claude Sonnet 5,0,0,0,1,-0.8778064676973149
2984,aita,Claude Sonnet 5,human,Human,0,1,1,0,-1.808990881447894
2986,aita,Claude Sonnet 5,sonnet5,Claude Sonnet 5,1,0,0,1,-0.8740755028373152
2986,aita,Claude Sonnet 5,human,Human,0,0,0,0,-1.1139566525660445
2999,aita,Claude Sonnet 5,sonnet5,Claude Sonnet 5,1,1,0,1,-0.27884503821537543
2999,aita,Claude Sonnet 5,human,Human,1,0,0,0,-1.2172868196675934
3001,aita,Claude Sonnet 5,sonnet5,Claude Sonnet 5,1,0,0,1,-0.1006241272740458
3001,aita,Claude Sonnet 5,human,Human,0,0,0,0,-1.2148485789675998
3011,aita,Claude Sonnet 5,sonnet5,Claude Sonnet 5,0,0,0,1,-0.7301126448591803
3011,aita,Claude Sonnet 5,human,Human,0,0,0,0,-1.2514178266582126
3015,aita,Claude Sonnet 5,sonnet5,Claude Sonnet 5,1,0,0,1,-0.20253149367368783
3015,aita,Claude Sonnet 5,human,Human,0,0,0,0,-1.751805499787659
3022,aita,Claude Sonnet 5,sonnet5,Claude Sonnet 5,1,0,0,1,-0.16967682888024332
3022,aita,Claude Sonnet 5,human,Human,0,0,0,0,-1.0921031120876263
3026,aita,Claude Sonnet 5,sonnet5,Claude Sonnet 5,1,0,0,1,0.398744203281451
3026,aita,Claude Sonnet 5,human,Human,0,0,0,0,-1.02738182329523
3032,aita,Claude Sonnet 5,sonnet5,Claude Sonnet 5,1,0,0,1,-1.2209505448000824
3032,aita,Claude Sonnet 5,human,Human,0,0,0,0,-1.3584302319127357
3034,aita,Claude Sonnet 5,sonnet5,Claude Sonnet 5,1,0,0,1,-0.5959238229803423
3034,aita,Claude Sonnet 5,human,Human,1,0,1,0,-1.2523501948053657
3039,aita,Claude Sonnet 5,sonnet5,Claude Sonnet 5,1,0,0,0,-0.9014010663346834
3039,aita,Claude Sonnet 5,human,Human,0,0,0,0,-1.1258500734824457
3043,aita,Claude Sonnet 5,sonnet5,Claude Sonnet 5,1,0,0,0,0.06683697231533492
3043,aita,Claude Sonnet 5,human,Human,1,0,0,0,-1.355079944811316
3044,aita,Claude Sonnet 5,sonnet5,Claude Sonnet 5,1,0,1,1,-0.5959238229803423
3044,aita,Claude Sonnet 5,human,Human,0,0,1,0,-0.4695503632525371
3049,aita,Claude Sonnet 5,sonnet5,Claude Sonnet 5,1,0,0,0,-0.7874504526766871
3049,aita,Claude Sonnet 5,human,Human,0,1,0,0,-1.3231732492665853
3056,aita,Claude Sonnet 5,sonnet5,Claude Sonnet 5,1,1,0,1,-0.5778976043880469
3056,aita,Claude Sonnet 5,human,Human,0,0,0,0,-1.0765475871957633
3063,aita,Claude Sonnet 5,sonnet5,Claude Sonnet 5,1,0,0,0,-0.7026692633557721
3063,aita,Claude Sonnet 5,human,Human,0,0,0,0,-1.7181269997991524
3066,aita,Claude Sonnet 5,sonnet5,Claude Sonnet 5,1,1,0,1,0.25406534865596186
3066,aita,Claude Sonnet 5,human,Human,0,0,0,0,-0.5926478071053326
3077,aita,Claude Sonnet 5,sonnet5,Claude Sonnet 5,1,0,1,1,-0.47367514068512306
3077,aita,Claude Sonnet 5,human,Human,0,0,1,0,-1.0802096911712251
3078,aita,Claude Sonnet 5,sonnet5,Claude Sonnet 5,1,0,1,1,0.13241708345634162
3078,aita,Claude Sonnet 5,human,Human,1,0,1,0,-0.8698103393569012
3096,aita,Claude Sonnet 5,sonnet5,Claude Sonnet 5,1,0,0,1,-0.8168991607157883
3096,aita,Claude Sonnet 5,human,Human,1,0,0,0,-0.658476358369116
3102,aita,Claude Sonnet 5,sonnet5,Claude Sonnet 5,1,0,0,1,-0.34872012342788133
3102,aita,Claude Sonnet 5,human,Human,0,0,0,0,-1.5000182259421422
3105,aita,Claude Sonnet 5,sonnet5,Claude Sonnet 5,0,1,0,1,-0.8867742459282941
3105,aita,Claude Sonnet 5,human,Human,0,0,0,0,-1.0921031120876263
3109,aita,Claude Sonnet 5,sonnet5,Claude Sonnet 5,1,0,0,1,-0.23442523989540454
3109,aita,Claude Sonnet 5,human,Human,0,0,1,0,-0.9959996650581054
3110,aita,Claude Sonnet 5,sonnet5,Claude Sonnet 5,0,0,0,1,-1.2020595821656053
3110,aita,Claude Sonnet 5,human,Human,0,0,0,0,-1.751805499787659
3111,aita,Claude Sonnet 5,sonnet5,Claude Sonnet 5,1,0,0,1,-0.7349243408837001
3111,aita,Claude Sonnet 5,human,Human,0,0,0,0,-1.2780674650540051
3123,aita,Claude Sonnet 5,sonnet5,Claude Sonnet 5,1,0,1,1,-0.09981880509946828
3123,aita,Claude Sonnet 5,human,Human,0,0,0,0,-0.9231058594182734
3125,aita,Claude Sonnet 5,sonnet5,Claude Sonnet 5,1,1,0,1,0.38300083474234015
3125,aita,Claude Sonnet 5,human,Human,0,0,1,0,-0.3710286128912889
3127,aita,Claude Sonnet 5,sonnet5,Claude Sonnet 5,1,0,0,1,-0.4973496822503892
3127,aita,Claude Sonnet 5,human,Human,1,0,1,0,-1.5233624376128814
3147,aita,Claude Sonnet 5,sonnet5,Claude Sonnet 5,0,0,0,0,0.12117359406770845
3147,aita,Claude Sonnet 5,human,Human,0,0,0,0,-1.5456586082533623
3158,aita,Claude Sonnet 5,sonnet5,Claude Sonnet 5,1,1,0,1,0.156479334279087
3158,aita,Claude Sonnet 5,human,Human,0,0,1,0,-1.2563008990023845
3168,aita,Claude Sonnet 5,sonnet5,Claude Sonnet 5,0,0,0,1,-1.1361199674138518
3168,aita,Claude Sonnet 5,human,Human,0,0,1,0,-1.0881524078906075
3169,aita,Claude Sonnet 5,sonnet5,Claude Sonnet 5,0,0,0,1,-0.5119732233725598
3169,aita,Claude Sonnet 5,human,Human,0,0,1,0,-0.6911261180835819
3174,aita,Claude Sonnet 5,sonnet5,Claude Sonnet 5,0,1,1,0,-0.06390573271037958
3174,aita,Claude Sonnet 5,human,Human,1,0,1,1,-0.5540489895872136
3176,aita,Claude Sonnet 5,sonnet5,Claude Sonnet 5,1,1,0,1,-0.3906692280474201
3176,aita,Claude Sonnet 5,human,Human,0,1,0,0,-1.3508842639895402
3203,aita,Claude Sonnet 5,sonnet5,Claude Sonnet 5,1,0,0,0,-1.3276309990030515
3203,aita,Claude Sonnet 5,human,Human,0,0,0,0,-0.8826929078787069
3210,aita,Claude Sonnet 5,sonnet5,Claude Sonnet 5,1,0,0,0,-0.5672247674628951
3210,aita,Claude Sonnet 5,human,Human,0,0,0,1,-1.3776071523594169
3213,aita,Claude Sonnet 5,sonnet5,Claude Sonnet 5,1,1,0,1,-0.8747480601016707
3213,aita,Claude Sonnet 5,human,Human,1,0,1,0,-0.9054751528425984
3225,aita,Claude Sonnet 5,sonnet5,Claude Sonnet 5,0,0,0,0,-1.4005644918112017
3225,aita,Claude Sonnet 5,human,Human,0,0,0,1,-1.2557004819067854
3226,aita,Claude Sonnet 5,sonnet5,Claude Sonnet 5,1,0,0,1,0.32886911806894514
3226,aita,Claude Sonnet 5,human,Human,0,0,0,0,-1.6204746964892724
3227,aita,Claude Sonnet 5,sonnet5,Claude Sonnet 5,1,1,0,1,-0.7646649284285769
3227,aita,Claude Sonnet 5,human,Human,0,0,0,0,-2.567722701923488
3231,aita,Claude Sonnet 5,sonnet5,Claude Sonnet 5,1,1,0,1,-1.0380011600463492
3231,aita,Claude Sonnet 5,human,Human,0,0,0,0,-1.7755234807359244
3239,aita,Claude Sonnet 5,sonnet5,Claude Sonnet 5,1,0,0,0,-1.2719346673781111
3239,aita,Claude Sonnet 5,human,Human,1,0,0,1,-0.9920489608610868
3244,aita,Claude Sonnet 5,sonnet5,Claude Sonnet 5,1,0,0,0,-0.5499716237950798
3244,aita,Claude Sonnet 5,human,Human,0,0,0,0,-0.4247989982584725
3246,aita,Claude Sonnet 5,sonnet5,Claude Sonnet 5,1,0,0,1,-0.11919837259323518
3246,aita,Claude Sonnet 5,human,Human,0,0,1,0,-0.9231058594182734
3250,aita,Claude Sonnet 5,sonnet5,Claude Sonnet 5,1,1,0,1,-0.36334366455005196
3250,aita,Claude Sonnet 5,human,Human,0,0,1,0,-1.1936547918937996
3252,aita,Claude Sonnet 5,sonnet5,Claude Sonnet 5,1,1,0,1,0.08660424906658104
3252,aita,Claude Sonnet 5,human,Human,0,1,0,0,-0.5081491807706561
3253,aita,Claude Sonnet 5,sonnet5,Claude Sonnet 5,1,1,0,1,-0.4019457613523896
3253,aita,Claude Sonnet 5,human,Human,0,0,1,0,-0.5346523606617158
3257,aita,Claude Sonnet 5,sonnet5,Claude Sonnet 5,1,1,0,1,0.19328470326955016
3257,aita,Claude Sonnet 5,human,Human,0,0,0,0,-0.2567898719421978
3259,aita,Claude Sonnet 5,sonnet5,Claude Sonnet 5,1,1,0,1,-1.1792608666858808
3259,aita,Claude Sonnet 5,human,Human,0,0,0,0,-1.5606264192500137
3265,aita,Claude Sonnet 5,sonnet5,Claude Sonnet 5,1,1,0,1,-0.24925368609655368
3265,aita,Claude Sonnet 5,human,Human,0,0,0,0,-1.137328232582175
3267,aita,Claude Sonnet 5,sonnet5,Claude Sonnet 5,0,0,0,0,-1.484462701050279
3267,aita,Claude Sonnet 5,human,Human,0,0,0,0,-0.3710847554746747
3271,aita,Claude Sonnet 5,sonnet5,Claude Sonnet 5,1,1,0,1,0.7714543334988975
3271,aita,Claude Sonnet 5,human,Human,0,0,0,0,-0.3020149924367463
3275,aita,Claude Sonnet 5,sonnet5,Claude Sonnet 5,1,0,0,1,-0.9042000474249905
3275,aita,Claude Sonnet 5,human,Human,0,0,0,0,-1.500114239907647
3281,aita,Claude Sonnet 5,sonnet5,Claude Sonnet 5,1,1,0,1,-0.20404454808661082
3281,aita,Claude Sonnet 5,human,Human,1,0,0,0,-0.9172451914481036
3283,aita,Claude Sonnet 5,sonnet5,Claude Sonnet 5,1,0,0,1,0.15133559865001145
3283,aita,Claude Sonnet 5,human,Human,0,0,0,0,-0.6567787395931639
3287,aita,Claude Sonnet 5,sonnet5,Claude Sonnet 5,0,0,0,0,-1.984368166449791
3287,aita,Claude Sonnet 5,human,Human,0,0,0,0,-1.4486751834453937
3331,aita,Claude Sonnet 5,sonnet5,Claude Sonnet 5,1,1,0,1,-0.36334366455005196
3331,aita,Claude Sonnet 5,human,Human,0,0,0,0,-1.0076044857529498
3332,aita,Claude Sonnet 5,sonnet5,Claude Sonnet 5,1,0,0,1,-0.4134547522955303
3332,aita,Claude Sonnet 5,human,Human,1,0,0,0,-1.3577689722189807
3350,aita,Claude Sonnet 5,sonnet5,Claude Sonnet 5,1,0,0,1,-0.6348145200042369
3350,aita,Claude Sonnet 5,human,Human,1,0,0,0,-1.041951864243368
3351,aita,Claude Sonnet 5,sonnet5,Claude Sonnet 5,0,1,0,1,-0.09981880509946828
3351,aita,Claude Sonnet 5,human,Human,0,0,0,0,-1.080498291392782
3365,aita,Claude Sonnet 5,sonnet5,Claude Sonnet 5,1,0,1,1,-0.8062263237906364
3365,aita,Claude Sonnet 5,human,Human,1,0,0,0,-1.0579844239199336
3367,aita,Claude Sonnet 5,sonnet5,Claude Sonnet 5,1,0,0,1,-0.5205196364717601
3367,aita,Claude Sonnet 5,human,Human,0,0,0,0,-1.281814500951612
3368,aita,Claude Sonnet 5,sonnet5,Claude Sonnet 5,1,1,0,1,0.42915793900658106
3368,aita,Claude Sonnet 5,human,Human,0,1,0,0,-0.820976526507922
3370,aita,Claude Sonnet 5,sonnet5,Claude Sonnet 5,1,0,0,1,-0.5573250054622233
3370,aita,Claude Sonnet 5,human,Human,0,0,0,0,-1.003653781555931
3386,aita,Claude Sonnet 5,sonnet5,Claude Sonnet 5,0,1,0,0,-0.9531440513532519
3386,aita,Claude Sonnet 5,human,Human,1,0,0,0,-0.7063523343332442
3390,aita,Claude Sonnet 5,sonnet5,Claude Sonnet 5,1,0,0,1,-0.8390809885840809
3390,aita,Claude Sonnet 5,human,Human,0,0,0,0,-0.3321973377349987
3399,aita,Claude Sonnet 5,sonnet5,Claude Sonnet 5,1,1,0,1,0.38300083474234015
3399,aita,Claude Sonnet 5,human,Human,1,0,0,0,-0.1645501546828986
3405,aita,Claude Sonnet 5,sonnet5,Claude Sonnet 5,1,0,0,1,-0.5214119330731346
3405,aita,Claude Sonnet 5,human,Human,0,0,0,0,-0.7364779001732454
3406,aita,Claude Sonnet 5,sonnet5,Claude Sonnet 5,1,0,0,1,-0.858914084332286
3406,aita,Claude Sonnet 5,human,Human,0,0,1,0,-1.099127185112569
3407,aita,Claude Sonnet 5,sonnet5,Claude Sonnet 5,1,0,0,1,-0.4785705318522213
3407,aita,Claude Sonnet 5,human,Human,0,0,1,0,-1.1599646099572316
3426,aita,Claude Sonnet 5,sonnet5,Claude Sonnet 5,1,0,0,1,-0.6666912047942227
3426,aita,Claude Sonnet 5,human,Human,0,0,0,0,-1.4921705019359384
3427,aita,Claude Sonnet 5,sonnet5,Claude Sonnet 5,1,0,0,1,-0.9768052528432656
3427,aita,Claude Sonnet 5,human,Human,0,0,0,0,-1.869429514991718
3430,aita,Claude Sonnet 5,sonnet5,Claude Sonnet 5,1,1,0,1,0.13885554278552337
3430,aita,Claude Sonnet 5,human,Human,0,0,0,0,-1.5721623790603203
3438,aita,Claude Sonnet 5,sonnet5,Claude Sonnet 5,1,0,0,1,-0.5083667890500216
3438,aita,Claude Sonnet 5,human,Human,0,0,0,0,-1.1712018555721089
3439,aita,Claude Sonnet 5,sonnet5,Claude Sonnet 5,1,0,0,1,-0.8168991607157883
3439,aita,Claude Sonnet 5,human,Human,1,0,0,0,-0.3323989635297586
3445,aita,Claude Sonnet 5,sonnet5,Claude Sonnet 5,1,0,0,1,0.31424557694677446
3445,aita,Claude Sonnet 5,human,Human,0,0,0,0,-1.2335186540384928
3448,aita,Claude Sonnet 5,sonnet5,Claude Sonnet 5,1,0,0,1,-0.38552549241834455
3448,aita,Claude Sonnet 5,human,Human,0,0,0,0,-0.8020580113142521
3458,aita,Claude Sonnet 5,sonnet5,Claude Sonnet 5,1,0,0,1,-0.833207617413524
3458,aita,Claude Sonnet 5,human,Human,0,0,0,0,-2.1248523615058303
3460,aita,Claude Sonnet 5,sonnet5,Claude Sonnet 5,1,0,0,1,-0.9026051798100999
3460,aita,Claude Sonnet 5,human,Human,0,0,1,0,-0.5540489895872136
3461,aita,Claude Sonnet 5,sonnet5,Claude Sonnet 5,1,1,0,1,-0.26422149709320486
3461,aita,Claude Sonnet 5,human,Human,0,0,0,0,-1.3776071523594169
3471,aita,Claude Sonnet 5,sonnet5,Claude Sonnet 5,1,1,0,1,0.002105622731904566
3471,aita,Claude Sonnet 5,human,Human,0,0,0,0,-1.8424402030824485
3472,aita,Claude Sonnet 5,sonnet5,Claude Sonnet 5,0,1,0,1,-0.6259795066834797
3472,aita,Claude Sonnet 5,human,Human,0,0,0,0,-1.340199108241462
3485,aita,Claude Sonnet 5,sonnet5,Claude Sonnet 5,1,0,0,1,-0.4150331493945879
3485,aita,Claude Sonnet 5,human,Human,0,0,1,0,-0.9048747357469996
3488,aita,Claude Sonnet 5,sonnet5,Claude Sonnet 5,1,1,0,1,-0.819701421090314
3488,aita,Claude Sonnet 5,human,Human,0,0,0,0,-1.5982938898733057
3490,aita,Claude Sonnet 5,sonnet5,Claude Sonnet 5,1,0,0,0,-1.0914284237656173
3490,aita,Claude Sonnet 5,human,Human,0,0,1,1,-1.160296561008786
3491,aita,Claude Sonnet 5,sonnet5,Claude Sonnet 5,1,1,0,1,0.37905013054532133
3491,aita,Claude Sonnet 5,human,Human,0,0,0,0,-1.2140097825402578
3495,aita,Claude Sonnet 5,sonnet5,Claude Sonnet 5,1,1,1,1,-0.8293962780120072
3495,aita,Claude Sonnet 5,human,Human,0,0,1,0,-0.5722801132584875
3496,aita,Claude Sonnet 5,sonnet5,Claude Sonnet 5,0,0,0,1,-1.3160658654765252
3496,aita,Claude Sonnet 5,human,Human,0,0,0,0,-0.3403003719237961
3516,aita,Claude Sonnet 5,sonnet5,Claude Sonnet 5,1,1,0,1,0.02910736446737283
3516,aita,Claude Sonnet 5,human,Human,0,0,0,0,-1.522886424080505
3519,aita,Claude Sonnet 5,sonnet5,Claude Sonnet 5,1,0,0,1,-0.3906692280474201
3519,aita,Claude Sonnet 5,human,Human,0,0,0,0,-0.858974926930442
3532,aita,Claude Sonnet 5,sonnet5,Claude Sonnet 5,1,0,0,1,-1.1981088779685864
3532,aita,Claude Sonnet 5,human,Human,0,0,0,0,-1.6357019339912606
3534,aita,Claude Sonnet 5,sonnet5,Claude Sonnet 5,1,0,0,1,-0.7257742314046822
3534,aita,Claude Sonnet 5,human,Human,0,0,0,0,-1.3584302319127357
3552,aita,Claude Sonnet 5,sonnet5,Claude Sonnet 5,1,0,0,0,-1.6370953544385107
3552,aita,Claude Sonnet 5,human,Human,0,0,0,1,-1.725083632670109
3559,aita,Claude Sonnet 5,sonnet5,Claude Sonnet 5,1,1,0,1,-0.20289282497989924
3559,aita,Claude Sonnet 5,human,Human,0,0,0,0,-1.6253577688334442
3560,aita,Claude Sonnet 5,sonnet5,Claude Sonnet 5,1,0,0,1,0.03057963005176567
3560,aita,Claude Sonnet 5,human,Human,0,0,0,0,-1.3584302319127357
3564,aita,Claude Sonnet 5,sonnet5,Claude Sonnet 5,1,0,0,1,-0.5819039782379893
3564,aita,Claude Sonnet 5,human,Human,0,0,0,0,-0.9009240315499808
3568,aita,Claude Sonnet 5,sonnet5,Claude Sonnet 5,0,1,0,1,-1.2404557526366382
3568,aita,Claude Sonnet 5,human,Human,0,0,0,0,-0.7929668507723765
3571,aita,Claude Sonnet 5,sonnet5,Claude Sonnet 5,1,1,0,1,-0.1943464118806989
3571,aita,Claude Sonnet 5,human,Human,0,0,0,0,-0.7565046034298287
3576,aita,Claude Sonnet 5,sonnet5,Claude Sonnet 5,0,0,1,0,-0.27884503821537543
3576,aita,Claude Sonnet 5,human,Human,0,0,1,0,-0.7373266617308217
3577,aita,Claude Sonnet 5,sonnet5,Claude Sonnet 5,1,0,0,1,-0.49953177572926444
3577,aita,Claude Sonnet 5,human,Human,0,1,0,0,-1.2523501948053657
3581,aita,Claude Sonnet 5,sonnet5,Claude Sonnet 5,0,0,0,0,-1.7898039002101795
3581,aita,Claude Sonnet 5,human,Human,0,0,1,1,-0.8640763329818464
3590,aita,Claude Sonnet 5,sonnet5,Claude Sonnet 5,1,0,0,1,-0.2313668322997603
3590,aita,Claude Sonnet 5,human,Human,0,0,1,0,-1.4192108772991474
3598,aita,Claude Sonnet 5,sonnet5,Claude Sonnet 5,1,1,1,1,0.24793255098006783
3598,aita,Claude Sonnet 5,human,Human,1,0,1,0,-1.1641602907790074
3599,aita,Claude Sonnet 5,sonnet5,Claude Sonnet 5,1,0,0,0,-0.8187234410868554
3599,aita,Claude Sonnet 5,human,Human,1,0,1,1,-0.6114269575035005
3606,aita,Claude Sonnet 5,sonnet5,Claude Sonnet 5,0,0,0,1,-0.6144143731569532
3606,aita,Claude Sonnet 5,human,Human,0,0,0,0,-0.9954224646149916
3609,aita,Claude Sonnet 5,sonnet5,Claude Sonnet 5,1,1,0,1,-0.012517918390266058
3609,aita,Claude Sonnet 5,human,Human,0,0,0,0,-1.649075749781709
3614,aita,Claude Sonnet 5,sonnet5,Claude Sonnet 5,1,0,0,0,-0.4031492839119082
3614,aita,Claude Sonnet 5,human,Human,0,0,1,0,-1.18941650872755
3615,aita,Claude Sonnet 5,sonnet5,Claude Sonnet 5,0,0,0,0,-1.1601104775460664
3615,aita,Claude Sonnet 5,human,Human,0,0,0,1,-0.5312233052403232
3630,aita,Claude Sonnet 5,sonnet5,Claude Sonnet 5,1,0,0,1,0.05435691645084684
3630,aita,Claude Sonnet 5,human,Human,0,0,0,0,-1.2557004819067854
3631,aita,Claude Sonnet 5,sonnet5,Claude Sonnet 5,1,1,0,0,-0.7975195932220214
3631,aita,Claude Sonnet 5,human,Human,1,0,0,1,-0.4430301219297464
3636,aita,Claude Sonnet 5,sonnet5,Claude Sonnet 5,1,0,0,1,-0.5080225191755411
3636,aita,Claude Sonnet 5,human,Human,0,0,0,0,-0.9575089961146166
3645,aita,Claude Sonnet 5,sonnet5,Claude Sonnet 5,1,1,1,1,-0.05481129288428532
3645,aita,Claude Sonnet 5,human,Human,0,0,1,0,-0.402016753294581
3649,aita,Claude Sonnet 5,sonnet5,Claude Sonnet 5,0,1,0,1,-0.9042000474249905
3649,aita,Claude Sonnet 5,human,Human,0,0,0,0,-1.7274871017437956
3655,aita,Claude Sonnet 5,sonnet5,Claude Sonnet 5,1,0,0,1,0.24671196698881837
3655,aita,Claude Sonnet 5,human,Human,0,0,0,0,-1.1948328620935769
3660,aita,Claude Sonnet 5,sonnet5,Claude Sonnet 5,0,0,0,1,-1.0078220940323153
3660,aita,Claude Sonnet 5,human,Human,0,0,0,0,-1.9180492946700096
3662,aita,Claude Sonnet 5,sonnet5,Claude Sonnet 5,1,0,0,1,0.16556034847134293
3662,aita,Claude Sonnet 5,human,Human,0,0,1,0,-0.4883819040194099
3669,aita,Claude Sonnet 5,sonnet5,Claude Sonnet 5,1,0,1,1,-0.6150472432529908
3669,aita,Claude Sonnet 5,human,Human,0,0,0,0,-0.9237062765138724
3686,aita,Claude Sonnet 5,sonnet5,Claude Sonnet 5,1,1,0,1,-0.6844381396844983
3686,aita,Claude Sonnet 5,human,Human,1,0,1,0,0.125067088470048
3689,aita,Claude Sonnet 5,sonnet5,Claude Sonnet 5,0,0,0,1,-1.396152735314086
3689,aita,Claude Sonnet 5,human,Human,0,0,0,0,-1.0045460781573057
3692,aita,Claude Sonnet 5,sonnet5,Claude Sonnet 5,1,0,0,1,0.28782937148251175
3692,aita,Claude Sonnet 5,human,Human,1,0,1,0,-0.1900924160022306
3705,aita,Claude Sonnet 5,sonnet5,Claude Sonnet 5,1,0,0,1,-0.5585615719380783
3705,aita,Claude Sonnet 5,human,Human,1,0,1,0,-0.9634892701391417
3711,aita,Claude Sonnet 5,sonnet5,Claude Sonnet 5,1,1,0,1,0.05254321276582741
3711,aita,Claude Sonnet 5,human,Human,0,0,0,0,-0.585669527156081
3714,aita,Claude Sonnet 5,sonnet5,Claude Sonnet 5,1,0,0,1,0.341366235365164
3714,aita,Claude Sonnet 5,human,Human,1,0,0,0,-0.4777652096776438
3715,aita,Claude Sonnet 5,sonnet5,Claude Sonnet 5,1,0,0,1,-0.6888730326625153
3715,aita,Claude Sonnet 5,human,Human,0,0,0,0,-0.5722801132584875
3716,aita,Claude Sonnet 5,sonnet5,Claude Sonnet 5,1,0,0,1,0.156479334279087
3716,aita,Claude Sonnet 5,human,Human,0,0,0,0,-0.8899196279507353
3723,aita,Claude Sonnet 5,sonnet5,Claude Sonnet 5,1,1,0,1,-0.016729197319186873
3723,aita,Claude Sonnet 5,human,Human,0,0,0,0,-1.8545352497936096
3725,aita,Claude Sonnet 5,sonnet5,Claude Sonnet 5,1,0,0,1,0.36746793558706403
3725,aita,Claude Sonnet 5,human,Human,1,0,0,0,-0.1089132449255625
3734,aita,Claude Sonnet 5,sonnet5,Claude Sonnet 5,1,0,0,1,-0.858848265335327
3734,aita,Claude Sonnet 5,human,Human,0,0,1,0,-1.4383877977458284
3735,aita,Claude Sonnet 5,sonnet5,Claude Sonnet 5,1,1,0,0,-0.8284351205260949
3735,aita,Claude Sonnet 5,human,Human,1,1,0,1,-0.0390381597130566
3742,aita,Claude Sonnet 5,sonnet5,Claude Sonnet 5,0,1,0,0,-1.1251753851604365
3742,aita,Claude Sonnet 5,human,Human,0,0,0,0,-1.6065262280665713
3743,aita,Claude Sonnet 5,sonnet5,Claude Sonnet 5,1,0,0,1,0.43159886807489545
3743,aita,Claude Sonnet 5,human,Human,0,0,1,0,-0.6598521084210878
3749,aita,Claude Sonnet 5,sonnet5,Claude Sonnet 5,1,0,0,1,0.36588953848800654
3749,aita,Claude Sonnet 5,human,Human,0,0,1,0,-0.7932554509939334
3755,aita,Claude Sonnet 5,sonnet5,Claude Sonnet 5,1,1,0,1,-0.028427029676146853
3755,aita,Claude Sonnet 5,human,Human,0,0,1,0,-0.5120998849676748
3760,aita,Claude Sonnet 5,sonnet5,Claude Sonnet 5,0,0,0,1,-0.23722034627363447
3760,aita,Claude Sonnet 5,human,Human,0,0,0,0,-0.6139533208568563
3768,aita,Claude Sonnet 5,sonnet5,Claude Sonnet 5,1,0,0,0,-1.0765475871957633
3768,aita,Claude Sonnet 5,human,Human,0,0,0,1,-0.9622527036632864
3774,aita,Claude Sonnet 5,sonnet5,Claude Sonnet 5,1,1,0,1,-0.11524766839621642
3774,aita,Claude Sonnet 5,human,Human,0,0,0,0,-2.037567945312461
3775,aita,Claude Sonnet 5,sonnet5,Claude Sonnet 5,1,0,1,1,-0.396802025723314
3775,aita,Claude Sonnet 5,human,Human,0,0,1,0,-0.5540489895872136
3783,aita,Claude Sonnet 5,sonnet5,Claude Sonnet 5,0,0,0,1,-0.3323989635297586
3783,aita,Claude Sonnet 5,human,Human,0,0,0,0,-0.7784270047927841
3793,aita,Claude Sonnet 5,sonnet5,Claude Sonnet 5,1,1,0,1,-0.26422149709320486
3793,aita,Claude Sonnet 5,human,Human,0,0,0,0,-1.6377716639175468
3820,aita,Claude Sonnet 5,sonnet5,Claude Sonnet 5,1,0,0,1,-0.4324134275879803
3820,aita,Claude Sonnet 5,human,Human,0,0,0,0,-1.4611599819186862
3823,aita,Claude Sonnet 5,sonnet5,Claude Sonnet 5,1,0,0,1,-0.6378729275998811
3823,aita,Claude Sonnet 5,human,Human,0,0,0,0,-0.7760124536757378
3831,aita,Claude Sonnet 5,sonnet5,Claude Sonnet 5,0,1,0,0,-0.7102187065128192
3831,aita,Claude Sonnet 5,human,Human,0,0,0,1,-0.5573250054622233
3832,aita,Claude Sonnet 5,sonnet5,Claude Sonnet 5,1,0,0,1,-0.3186506575772317
3832,aita,Claude Sonnet 5,human,Human,0,0,0,0,-1.5456586082533623
3836,aita,Claude Sonnet 5,sonnet5,Claude Sonnet 5,1,0,0,1,-1.1239088049354207
3836,aita,Claude Sonnet 5,human,Human,0,0,0,0,-1.1948328620935769
3838,aita,Claude Sonnet 5,sonnet5,Claude Sonnet 5,1,0,0,1,-1.2832112006830805
3838,aita,Claude Sonnet 5,human,Human,0,0,0,0,-2.5756220678128736
3845,aita,Claude Sonnet 5,sonnet5,Claude Sonnet 5,0,0,0,0,-0.5533743012652046
3845,aita,Claude Sonnet 5,human,Human,0,0,0,1,-1.1948328620935769
3846,aita,Claude Sonnet 5,sonnet5,Claude Sonnet 5,1,0,0,1,-0.06390573271037958
3846,aita,Claude Sonnet 5,human,Human,0,0,0,0,-0.3335831396369088
3848,aita,Claude Sonnet 5,sonnet5,Claude Sonnet 5,1,1,0,0,-0.42412758922068217
3848,aita,Claude Sonnet 5,human,Human,0,0,1,0,-0.7786854100457953
3849,aita,Claude Sonnet 5,sonnet5,Claude Sonnet 5,0,1,0,1,-1.0682584695442465
3849,aita,Claude Sonnet 5,human,Human,0,0,0,0,-1.3584302319127357
3852,aita,Claude Sonnet 5,sonnet5,Claude Sonnet 5,1,0,0,1,-0.0848339326710863
3852,aita,Claude Sonnet 5,human,Human,0,0,0,0,-0.989373362081676
3859,aita,Claude Sonnet 5,sonnet5,Claude Sonnet 5,1,1,0,1,-0.7026042771833114
3859,aita,Claude Sonnet 5,human,Human,0,0,0,0,-0.9048747357469996
3867,aita,Claude Sonnet 5,sonnet5,Claude Sonnet 5,1,0,1,0,-0.370901951296174
3867,aita,Claude Sonnet 5,human,Human,1,0,1,1,-0.2223466637000761
3869,aita,Claude Sonnet 5,sonnet5,Claude Sonnet 5,1,1,0,1,-0.16515282981039026
3869,aita,Claude Sonnet 5,human,Human,0,0,0,0,-0.9009240315499808
3872,aita,Claude Sonnet 5,sonnet5,Claude Sonnet 5,1,0,0,1,0.05435691645084684
3872,aita,Claude Sonnet 5,human,Human,0,0,0,0,-0.6495647227215224
3879,aita,Claude Sonnet 5,sonnet5,Claude Sonnet 5,1,0,0,0,-0.5821925784595462
3879,aita,Claude Sonnet 5,human,Human,1,0,1,1,-0.1654858906672719
3881,aita,Claude Sonnet 5,sonnet5,Claude Sonnet 5,1,0,0,1,-0.6995458695876673
3881,aita,Claude Sonnet 5,human,Human,0,0,0,0,-0.6567787395931639
3882,aita,Claude Sonnet 5,sonnet5,Claude Sonnet 5,1,1,0,1,-0.02590733228785952
3882,aita,Claude Sonnet 5,human,Human,1,1,0,0,-0.8662016470024705
3886,aita,Claude Sonnet 5,sonnet5,Claude Sonnet 5,0,0,0,0,-1.5641618616303605
3886,aita,Claude Sonnet 5,human,Human,1,0,0,0,-1.104817837663211
3889,aita,Claude Sonnet 5,sonnet5,Claude Sonnet 5,1,0,0,1,-1.004127537056415
3889,aita,Claude Sonnet 5,human,Human,0,0,0,0,-1.3776071523594169
3901,aita,Claude Sonnet 5,sonnet5,Claude Sonnet 5,1,0,0,0,-1.398726668206807
3901,aita,Claude Sonnet 5,human,Human,0,0,0,0,-1.759087978065613
3902,aita,Claude Sonnet 5,sonnet5,Claude Sonnet 5,1,0,0,1,-1.33978384642479
3902,aita,Claude Sonnet 5,human,Human,0,0,0,0,-1.1490200277038165
3908,aita,Claude Sonnet 5,sonnet5,Claude Sonnet 5,1,1,0,1,-0.5928654153846982
3908,aita,Claude Sonnet 5,human,Human,0,0,0,0,-2.7963088053267624
3916,aita,Claude Sonnet 5,sonnet5,Claude Sonnet 5,0,0,0,1,-1.5491940506337094
3916,aita,Claude Sonnet 5,human,Human,0,0,0,0,-1.373657469414724
3918,aita,Claude Sonnet 5,sonnet5,Claude Sonnet 5,1,0,0,1,-0.12863708229380988
3918,aita,Claude Sonnet 5,human,Human,0,0,0,0,-1.541707904056344
3923,aita,Claude Sonnet 5,sonnet5,Claude Sonnet 5,1,0,1,1,-0.11504604260145657
3923,aita,Claude Sonnet 5,human,Human,0,0,1,0,-0.4276012586329983
3926,aita,Claude Sonnet 5,sonnet5,Claude Sonnet 5,1,1,1,1,0.3805130796101771
3926,aita,Claude Sonnet 5,human,Human,0,0,1,0,-0.4054194307647056
3929,aita,Claude Sonnet 5,sonnet5,Claude Sonnet 5,0,0,0,1,-1.3845876017875594
3929,aita,Claude Sonnet 5,human,Human,0,0,1,0,-1.2557004819067854
3931,aita,Claude Sonnet 5,sonnet5,Claude Sonnet 5,0,0,0,0,-1.1759270501002939
3931,aita,Claude Sonnet 5,human,Human,1,0,0,1,-0.8014702974190401
3933,aita,Claude Sonnet 5,sonnet5,Claude Sonnet 5,1,0,0,1,-1.0914284237656173
3933,aita,Claude Sonnet 5,human,Human,0,0,0,0,-1.770036623458933
3941,aita,Claude Sonnet 5,sonnet5,Claude Sonnet 5,1,1,0,1,-0.3744874329447993
3941,aita,Claude Sonnet 5,human,Human,0,0,0,0,-1.4031651263909677
3943,aita,Claude Sonnet 5,sonnet5,Claude Sonnet 5,1,1,0,1,-1.2728269639794858
3943,aita,Claude Sonnet 5,human,Human,0,0,0,0,-0.8177787541167758
3946,aita,Claude Sonnet 5,sonnet5,Claude Sonnet 5,1,0,0,1,-0.2159379690030122
3946,aita,Claude Sonnet 5,human,Human,0,0,1,0,-0.8316526427172924
3952,aita,Claude Sonnet 5,sonnet5,Claude Sonnet 5,1,0,0,0,-0.012517918390266058
3952,aita,Claude Sonnet 5,human,Human,0,0,1,1,-0.1768446249320316
3954,aita,Claude Sonnet 5,sonnet5,Claude Sonnet 5,1,0,0,0,-0.599874527177361
3954,aita,Claude Sonnet 5,human,Human,0,0,0,1,-0.5689298261570677
3962,aita,Claude Sonnet 5,sonnet5,Claude Sonnet 5,0,0,0,1,-0.40134206497257197
3962,aita,Claude Sonnet 5,human,Human,0,0,0,0,-1.373657469414724
3964,aita,Claude Sonnet 5,sonnet5,Claude Sonnet 5,1,0,0,1,-0.4852402742116495
3964,aita,Claude Sonnet 5,human,Human,0,0,0,0,-1.098729415064056
3983,aita,Claude Sonnet 5,sonnet5,Claude Sonnet 5,1,0,0,1,-0.37150564767599153
3983,aita,Claude Sonnet 5,human,Human,0,0,0,0,-0.7750243273226596
3988,aita,Claude Sonnet 5,sonnet5,Claude Sonnet 5,1,0,0,1,-0.7375442700101873
3988,aita,Claude Sonnet 5,human,Human,0,0,0,0,-1.7858108664354897
3998,aita,Claude Sonnet 5,sonnet5,Claude Sonnet 5,1,1,0,1,0.002105622731904566
3998,aita,Claude Sonnet 5,human,Human,0,0,0,0,-2.0485001201899484
2713,aita,GPT-5.6 Terra,terra,GPT-5.6 Terra,0,0,0,1,0.0701564275733434
2713,aita,GPT-5.6 Terra,human,Human,0,0,0,0,-1.355425324491124
3208,aita,GPT-5.6 Terra,terra,GPT-5.6 Terra,1,1,0,1,0.18933399907253146
3208,aita,GPT-5.6 Terra,human,Human,0,0,0,0,-1.2291802405839949
2447,aita,GPT-5.6 Terra,terra,GPT-5.6 Terra,1,0,0,1,-0.11129696419919766
2447,aita,GPT-5.6 Terra,human,Human,0,0,0,0,-1.5882081299685005
3578,aita,GPT-5.6 Terra,terra,GPT-5.6 Terra,1,0,0,1,-0.48825524242429497
3578,aita,GPT-5.6 Terra,human,Human,1,0,1,0,-0.7610012032960879
860,aita,GPT-5.6 Terra,terra,GPT-5.6 Terra,1,0,0,1,-0.008567214193247297
860,aita,GPT-5.6 Terra,human,Human,0,0,0,0,-1.9688009596098668
3826,aita,GPT-5.6 Terra,terra,GPT-5.6 Terra,1,0,0,1,0.1620084355751633
3826,aita,GPT-5.6 Terra,human,Human,0,0,0,0,-0.989373362081676
2067,aita,GPT-5.6 Terra,terra,GPT-5.6 Terra,1,1,1,1,-0.1655382810359769
2067,aita,GPT-5.6 Terra,human,Human,0,0,1,0,-1.340199108241462
1839,aita,GPT-5.6 Terra,terra,GPT-5.6 Terra,1,1,0,1,-0.8293962780120072
1839,aita,GPT-5.6 Terra,human,Human,0,0,0,0,-1.1948328620935769
2270,aita,GPT-5.6 Terra,terra,GPT-5.6 Terra,0,0,0,0,-0.1882681356311635
2270,aita,GPT-5.6 Terra,human,Human,0,0,0,1,-0.9054751528425984
2466,aita,GPT-5.6 Terra,terra,GPT-5.6 Terra,1,0,1,1,0.0741071317703621
2466,aita,GPT-5.6 Terra,human,Human,0,0,1,0,-1.0173116614975697
3786,aita,GPT-5.6 Terra,terra,GPT-5.6 Terra,0,0,0,0,-0.41689758986443515
3786,aita,GPT-5.6 Terra,human,Human,0,0,0,0,-0.4695503632525371
2131,aita,GPT-5.6 Terra,terra,GPT-5.6 Terra,1,1,0,1,-0.11524766839621642
2131,aita,GPT-5.6 Terra,human,Human,0,0,0,0,0.09930299215756
1504,aita,GPT-5.6 Terra,terra,GPT-5.6 Terra,1,0,0,1,0.5580465990291106
1504,aita,GPT-5.6 Terra,human,Human,1,0,0,0,-0.1843174314341448
340,aita,GPT-5.6 Terra,terra,GPT-5.6 Terra,1,1,0,1,0.39118591653532897
340,aita,GPT-5.6 Terra,human,Human,0,0,0,0,-0.22868108717073
420,aita,GPT-5.6 Terra,terra,GPT-5.6 Terra,1,1,0,1,-0.06605478227291844
420,aita,GPT-5.6 Terra,human,Human,0,0,0,0,-1.373657469414724
1773,aita,GPT-5.6 Terra,terra,GPT-5.6 Terra,1,1,0,1,0.7714543334988975
1773,aita,GPT-5.6 Terra,human,Human,0,0,1,0,-1.1258500734824457
1881,aita,GPT-5.6 Terra,terra,GPT-5.6 Terra,1,0,0,1,-0.047196863554777646
1881,aita,GPT-5.6 Terra,human,Human,0,0,0,0,-1.0076044857529498
2723,aita,GPT-5.6 Terra,terra,GPT-5.6 Terra,0,1,0,1,-0.1877201089042695
2723,aita,GPT-5.6 Terra,human,Human,0,0,0,0,-2.037567945312461
1553,aita,GPT-5.6 Terra,terra,GPT-5.6 Terra,1,0,0,1,-0.03469974625855865
1553,aita,GPT-5.6 Terra,human,Human,0,0,0,0,-1.2557004819067854
1655,aita,GPT-5.6 Terra,terra,GPT-5.6 Terra,1,1,0,1,-0.0761008241512034
1655,aita,GPT-5.6 Terra,human,Human,0,0,0,0,-1.225229536386976
2431,aita,GPT-5.6 Terra,terra,GPT-5.6 Terra,1,1,1,1,0.002910944906482138
2431,aita,GPT-5.6 Terra,human,Human,0,0,1,0,-0.4054194307647056
2237,aita,GPT-5.6 Terra,terra,GPT-5.6 Terra,1,0,0,1,0.2360391300636664
2237,aita,GPT-5.6 Terra,human,Human,0,0,0,0,-0.521194324793769
462,aita,GPT-5.6 Terra,terra,GPT-5.6 Terra,1,0,0,1,-0.25666321034708284
462,aita,GPT-5.6 Terra,human,Human,0,0,1,0,-0.0584177272068235
151,aita,GPT-5.6 Terra,terra,GPT-5.6 Terra,1,1,0,1,-0.4976939521248697
151,aita,GPT-5.6 Terra,human,Human,1,0,0,0,-1.899428419236604
3690,aita,GPT-5.6 Terra,terra,GPT-5.6 Terra,1,0,1,1,-0.05816157998570509
3690,aita,GPT-5.6 Terra,human,Human,0,0,0,0,-1.0765475871957633
2227,aita,GPT-5.6 Terra,terra,GPT-5.6 Terra,1,1,1,1,-0.3175705173286094
2227,aita,GPT-5.6 Terra,human,Human,0,0,0,0,-1.079950264665888
3284,aita,GPT-5.6 Terra,terra,GPT-5.6 Terra,1,0,1,1,0.26133550811098893
3284,aita,GPT-5.6 Terra,human,Human,1,0,0,0,-1.1070709230842777
2839,aita,GPT-5.6 Terra,terra,GPT-5.6 Terra,1,1,1,1,0.03576560969992659
2839,aita,GPT-5.6 Terra,human,Human,0,0,0,0,-1.1832280413987324
3349,aita,GPT-5.6 Terra,terra,GPT-5.6 Terra,1,1,0,1,0.23340021099848474
3349,aita,GPT-5.6 Terra,human,Human,1,1,0,0,-0.1269394635178579
1363,aita,GPT-5.6 Terra,terra,GPT-5.6 Terra,1,1,1,1,0.18933399907253146
1363,aita,GPT-5.6 Terra,human,Human,0,0,0,0,-1.1496204447994152
609,aita,GPT-5.6 Terra,terra,GPT-5.6 Terra,1,0,0,1,0.19328470326955016
609,aita,GPT-5.6 Terra,human,Human,0,0,0,0,-1.7755234807359244
3511,aita,GPT-5.6 Terra,terra,GPT-5.6 Terra,1,1,0,1,-0.07269814668107866
3511,aita,GPT-5.6 Terra,human,Human,0,0,0,0,-1.499513822812048
465,aita,GPT-5.6 Terra,terra,GPT-5.6 Terra,1,0,0,1,0.2835173359792815
465,aita,GPT-5.6 Terra,human,Human,0,0,0,0,-0.6148296349736252
2710,aita,GPT-5.6 Terra,terra,GPT-5.6 Terra,1,1,0,1,-0.4384917038375157
2710,aita,GPT-5.6 Terra,human,Human,1,0,0,0,-1.3176318291475826
2917,aita,GPT-5.6 Terra,terra,GPT-5.6 Terra,1,1,0,1,0.8741840835048478
2917,aita,GPT-5.6 Terra,human,Human,0,0,0,0,-1.2331033922218209
3638,aita,GPT-5.6 Terra,terra,GPT-5.6 Terra,1,1,1,1,0.2631597884820561
3638,aita,GPT-5.6 Terra,human,Human,0,0,1,0,-1.0985801796380008
84,aita,GPT-5.6 Terra,terra,GPT-5.6 Terra,1,1,0,1,-0.2025485551054187
84,aita,GPT-5.6 Terra,human,Human,0,0,1,0,-0.9009240315499808
3062,aita,GPT-5.6 Terra,terra,GPT-5.6 Terra,1,1,0,1,0.08660424906658104
3062,aita,GPT-5.6 Terra,human,Human,0,0,0,0,-1.4581560957494004
647,aita,GPT-5.6 Terra,terra,GPT-5.6 Terra,1,0,0,1,0.4832428296161275
647,aita,GPT-5.6 Terra,human,Human,0,0,0,0,-1.2666450641602007
916,aita,GPT-5.6 Terra,terra,GPT-5.6 Terra,0,0,0,1,-0.03469974625855865
916,aita,GPT-5.6 Terra,human,Human,0,0,0,0,-1.0076044857529498
287,aita,GPT-5.6 Terra,terra,GPT-5.6 Terra,1,1,1,1,0.3249184138719263
287,aita,GPT-5.6 Terra,human,Human,0,0,0,0,-0.703623235379801
88,aita,GPT-5.6 Terra,terra,GPT-5.6 Terra,1,0,0,1,-0.28704718144009517
88,aita,GPT-5.6 Terra,human,Human,0,0,0,0,-2.1244535702049916
3681,aita,GPT-5.6 Terra,terra,GPT-5.6 Terra,1,1,0,1,0.08660424906658104
3681,aita,GPT-5.6 Terra,human,Human,1,0,0,0,-0.3396834843123643
1855,aita,GPT-5.6 Terra,terra,GPT-5.6 Terra,1,1,0,1,-0.2765230258299824
1855,aita,GPT-5.6 Terra,human,Human,0,0,0,0,-1.5533398778321552
2640,aita,GPT-5.6 Terra,terra,GPT-5.6 Terra,1,0,1,1,-0.30596569663376505
2640,aita,GPT-5.6 Terra,human,Human,0,0,1,0,-1.6643019660313711
2668,aita,GPT-5.6 Terra,terra,GPT-5.6 Terra,1,0,0,1,0.2960144532755006
2668,aita,GPT-5.6 Terra,human,Human,0,0,0,0,-0.7978623304924762
1261,aita,GPT-5.6 Terra,terra,GPT-5.6 Terra,1,0,0,1,-0.5821925784595462
1261,aita,GPT-5.6 Terra,human,Human,0,0,0,0,-1.165341187601939
3383,aita,GPT-5.6 Terra,terra,GPT-5.6 Terra,1,1,0,1,0.7443336750805079
3383,aita,GPT-5.6 Terra,human,Human,0,1,0,0,-0.6871754138865632
2716,aita,GPT-5.6 Terra,terra,GPT-5.6 Terra,1,0,0,1,0.5367477512426555
2716,aita,GPT-5.6 Terra,human,Human,0,0,0,0,-1.340199108241462
3880,aita,GPT-5.6 Terra,terra,GPT-5.6 Terra,1,1,0,1,0.516097494409572
3880,aita,GPT-5.6 Terra,human,Human,1,0,1,0,-1.1224997863810255
1049,aita,GPT-5.6 Terra,terra,GPT-5.6 Terra,0,0,0,1,-0.43087727450800806
1049,aita,GPT-5.6 Terra,human,Human,0,0,0,0,-1.340199108241462
3811,aita,GPT-5.6 Terra,terra,GPT-5.6 Terra,1,0,0,0,0.46687266603014965
3811,aita,GPT-5.6 Terra,human,Human,1,1,1,1,0.2047628623692796
1672,aita,GPT-5.6 Terra,terra,GPT-5.6 Terra,1,1,0,1,-0.2748943340183567
1672,aita,GPT-5.6 Terra,human,Human,0,0,0,0,-1.576055282546762
2251,aita,GPT-5.6 Terra,terra,GPT-5.6 Terra,1,0,1,1,-0.06182040467694827
2251,aita,GPT-5.6 Terra,human,Human,0,0,1,0,-2.074975989430416
3060,aita,GPT-5.6 Terra,terra,GPT-5.6 Terra,1,0,0,1,-0.11524766839621642
3060,aita,GPT-5.6 Terra,human,Human,1,0,0,0,-0.74790366890427
1788,aita,GPT-5.6 Terra,terra,GPT-5.6 Terra,1,1,0,1,-0.3865136187714229
1788,aita,GPT-5.6 Terra,human,Human,0,0,0,0,-0.4054194307647056
2335,aita,GPT-5.6 Terra,terra,GPT-5.6 Terra,1,0,0,1,0.29206374907848187
2335,aita,GPT-5.6 Terra,human,Human,0,0,0,0,-1.5456586082533623
2126,aita,GPT-5.6 Terra,terra,GPT-5.6 Terra,1,0,0,1,0.002105622731904566
2126,aita,GPT-5.6 Terra,human,Human,0,0,1,0,-0.2455166179214469
3759,aita,GPT-5.6 Terra,terra,GPT-5.6 Terra,1,0,0,1,-0.3429861170528264
3759,aita,GPT-5.6 Terra,human,Human,0,0,0,0,-0.5540489895872136
963,aita,GPT-5.6 Terra,terra,GPT-5.6 Terra,1,0,0,1,0.002105622731904566
963,aita,GPT-5.6 Terra,human,Human,1,0,0,0,-0.3183234491344821
91,aita,GPT-5.6 Terra,terra,GPT-5.6 Terra,1,0,0,1,0.3805130796101771
91,aita,GPT-5.6 Terra,human,Human,0,0,0,0,-1.0267814061996308
1294,aita,GPT-5.6 Terra,terra,GPT-5.6 Terra,1,0,0,1,0.20756512274380534
1294,aita,GPT-5.6 Terra,human,Human,0,0,0,0,-1.4621057786940932
1870,aita,GPT-5.6 Terra,terra,GPT-5.6 Terra,0,1,0,0,-1.3882788794792411
1870,aita,GPT-5.6 Terra,human,Human,0,0,1,1,-0.2561894548465988
891,aita,GPT-5.6 Terra,terra,GPT-5.6 Terra,1,1,1,1,0.5202999297494179
891,aita,GPT-5.6 Terra,human,Human,0,0,1,0,-1.2557004819067854
1973,aita,GPT-5.6 Terra,terra,GPT-5.6 Terra,1,1,0,1,0.30668729020065244
1973,aita,GPT-5.6 Terra,human,Human,0,0,0,0,-1.4611599819186862
3643,aita,GPT-5.6 Terra,terra,GPT-5.6 Terra,1,0,0,1,-0.24904878101757513
3643,aita,GPT-5.6 Terra,human,Human,0,0,0,0,-1.4158081998290228
2921,aita,GPT-5.6 Terra,terra,GPT-5.6 Terra,1,0,1,1,0.24707329829502978
2921,aita,GPT-5.6 Terra,human,Human,0,0,1,0,-0.9474242574621372
3018,aita,GPT-5.6 Terra,terra,GPT-5.6 Terra,1,1,0,1,-0.6275443605492097
3018,aita,GPT-5.6 Terra,human,Human,0,0,0,0,-1.340199108241462
1416,aita,GPT-5.6 Terra,terra,GPT-5.6 Terra,1,1,0,1,-0.09981880509946828
1416,aita,GPT-5.6 Terra,human,Human,0,0,0,0,-1.2557004819067854
1264,aita,GPT-5.6 Terra,terra,GPT-5.6 Terra,1,0,1,1,0.2960144532755006
1264,aita,GPT-5.6 Terra,human,Human,0,0,0,0,-1.0921031120876263
3518,aita,GPT-5.6 Terra,terra,GPT-5.6 Terra,1,0,0,1,0.22613936806299473
3518,aita,GPT-5.6 Terra,human,Human,0,0,0,0,-1.5563447852537668
290,aita,GPT-5.6 Terra,terra,GPT-5.6 Terra,1,0,0,1,0.18933399907253146
290,aita,GPT-5.6 Terra,human,Human,0,0,0,0,-0.2108376727569354
2473,aita,GPT-5.6 Terra,terra,GPT-5.6 Terra,1,0,0,1,0.27229647232723564
2473,aita,GPT-5.6 Terra,human,Human,0,0,0,0,-0.9231058594182734
1982,aita,GPT-5.6 Terra,terra,GPT-5.6 Terra,1,1,0,1,0.32886911806894514
1982,aita,GPT-5.6 Terra,human,Human,0,0,0,0,-1.0839009688629069
3874,aita,GPT-5.6 Terra,terra,GPT-5.6 Terra,1,1,0,1,-0.7141694107098379
3874,aita,GPT-5.6 Terra,human,Human,0,0,0,0,-1.630157234588039
1981,aita,GPT-5.6 Terra,terra,GPT-5.6 Terra,1,1,1,1,0.22218866386597602
1981,aita,GPT-5.6 Terra,human,Human,1,0,1,0,-1.0765475871957633
3186,aita,GPT-5.6 Terra,terra,GPT-5.6 Terra,1,1,0,1,0.009366465667394575
3186,aita,GPT-5.6 Terra,human,Human,0,0,0,0,-1.624757351737845
3798,aita,GPT-5.6 Terra,terra,GPT-5.6 Terra,1,0,1,1,0.6729589610889175
3798,aita,GPT-5.6 Terra,human,Human,0,0,1,0,-0.4655996590555183
2078,aita,GPT-5.6 Terra,terra,GPT-5.6 Terra,1,0,1,1,0.398744203281451
2078,aita,GPT-5.6 Terra,human,Human,0,0,0,0,-0.5728805303540865
246,aita,GPT-5.6 Terra,terra,GPT-5.6 Terra,1,1,0,1,-0.2952928597086132
246,aita,GPT-5.6 Terra,human,Human,0,0,0,0,-1.50363962149696
748,aita,GPT-5.6 Terra,terra,GPT-5.6 Terra,1,1,0,1,0.5580465990291106
748,aita,GPT-5.6 Terra,human,Human,1,0,0,0,-0.6451739188983195
1084,aita,GPT-5.6 Terra,terra,GPT-5.6 Terra,1,1,0,1,0.10203311236332924
1084,aita,GPT-5.6 Terra,human,Human,0,0,0,0,-2.0488434573651046
1555,aita,GPT-5.6 Terra,terra,GPT-5.6 Terra,1,1,0,1,0.12671975679551561
1555,aita,GPT-5.6 Terra,human,Human,0,0,0,0,-0.5875073507604757
2318,aita,GPT-5.6 Terra,terra,GPT-5.6 Terra,1,0,0,1,0.398744203281451
2318,aita,GPT-5.6 Terra,human,Human,0,0,0,0,-0.4545952554562729
3625,aita,GPT-5.6 Terra,terra,GPT-5.6 Terra,1,0,0,0,-0.5959238229803423
3625,aita,GPT-5.6 Terra,human,Human,1,1,1,1,0.1061887216393264
3045,aita,GPT-5.6 Terra,terra,GPT-5.6 Terra,0,0,1,1,0.156479334279087
3045,aita,GPT-5.6 Terra,human,Human,0,0,0,0,-1.6065262280665713
3935,aita,GPT-5.6 Terra,terra,GPT-5.6 Terra,1,0,0,0,0.34863639482019115
3935,aita,GPT-5.6 Terra,human,Human,1,0,0,1,-0.3376296735856312
749,aita,GPT-5.6 Terra,terra,GPT-5.6 Terra,1,0,1,1,-0.05786970047992951
749,aita,GPT-5.6 Terra,human,Human,0,0,1,0,-1.0836123686413497
1258,aita,GPT-5.6 Terra,terra,GPT-5.6 Terra,1,0,0,1,-0.26422149709320486
1258,aita,GPT-5.6 Terra,human,Human,0,0,0,0,-1.5651775405426316
3393,aita,GPT-5.6 Terra,terra,GPT-5.6 Terra,0,0,0,1,0.20395754019470203
3393,aita,GPT-5.6 Terra,human,Human,0,0,0,0,-1.687674567299828
2700,aita,GPT-5.6 Terra,terra,GPT-5.6 Terra,1,1,0,1,0.15494318119911465
2700,aita,GPT-5.6 Terra,human,Human,0,0,0,0,-1.0544489815395868
1761,aita,GPT-5.6 Terra,terra,GPT-5.6 Terra,1,0,0,1,0.1470406245785122
1761,aita,GPT-5.6 Terra,human,Human,0,0,0,0,-0.8926927146090412
1970,aita,GPT-5.6 Terra,terra,GPT-5.6 Terra,0,0,0,0,-0.5420344713805536
1970,aita,GPT-5.6 Terra,human,Human,0,0,0,0,-0.8324022952389465
75,aita,GPT-5.6 Terra,terra,GPT-5.6 Terra,1,1,0,1,-0.01927088296181051
75,aita,GPT-5.6 Terra,human,Human,0,0,0,0,-1.6065262280665713
1966,aita,GPT-5.6 Terra,terra,GPT-5.6 Terra,1,1,0,1,-0.4514498734338317
1966,aita,GPT-5.6 Terra,human,Human,0,0,0,0,-0.988698673759667
1150,aita,GPT-5.6 Terra,terra,GPT-5.6 Terra,1,0,0,1,-0.32139455993051314
1150,aita,GPT-5.6 Terra,human,Human,0,0,0,0,-0.8698627297256062
1138,aita,GPT-5.6 Terra,terra,GPT-5.6 Terra,1,0,0,1,0.06774633034844035
1138,aita,GPT-5.6 Terra,human,Human,0,0,0,0,-1.151363675431673
2369,aita,GPT-5.6 Terra,terra,GPT-5.6 Terra,1,1,0,1,0.18933399907253146
2369,aita,GPT-5.6 Terra,human,Human,0,0,0,0,-1.4270413823039951
1440,aita,GPT-5.6 Terra,terra,GPT-5.6 Terra,1,0,0,1,0.19328470326955016
1440,aita,GPT-5.6 Terra,human,Human,0,0,0,0,-0.5875073507604757
1284,aita,GPT-5.6 Terra,terra,GPT-5.6 Terra,1,1,0,0,-0.2420396692249122
1284,aita,GPT-5.6 Terra,human,Human,0,0,0,1,-0.9054751528425984
222,aita,GPT-5.6 Terra,terra,GPT-5.6 Terra,1,0,1,1,-0.14236832681460598
222,aita,GPT-5.6 Terra,human,Human,0,0,1,0,-1.6253577688334442
3648,aita,GPT-5.6 Terra,terra,GPT-5.6 Terra,1,0,0,0,-0.08499035889831907
3648,aita,GPT-5.6 Terra,human,Human,1,0,1,0,-0.2229470807956751
2516,aita,GPT-5.6 Terra,terra,GPT-5.6 Terra,0,0,0,1,-0.3092290093083878
2516,aita,GPT-5.6 Terra,human,Human,0,0,0,0,-1.064982453669237
3261,aita,GPT-5.6 Terra,terra,GPT-5.6 Terra,1,1,0,1,0.1333093800577161
3261,aita,GPT-5.6 Terra,human,Human,0,0,0,0,-0.9048747357469996
2161,aita,GPT-5.6 Terra,terra,GPT-5.6 Terra,0,1,0,1,0.026628925854746965
2161,aita,GPT-5.6 Terra,human,Human,0,0,0,0,-0.989373362081676
3085,aita,GPT-5.6 Terra,terra,GPT-5.6 Terra,1,1,0,1,0.5580465990291106
3085,aita,GPT-5.6 Terra,human,Human,0,0,0,0,-0.6921142444366601
975,aita,GPT-5.6 Terra,terra,GPT-5.6 Terra,1,0,0,1,-0.13742949626450907
975,aita,GPT-5.6 Terra,human,Human,0,0,0,0,-0.2302172402507022
1314,aita,GPT-5.6 Terra,terra,GPT-5.6 Terra,1,1,0,1,0.1786611621473796
1314,aita,GPT-5.6 Terra,human,Human,1,0,1,0,-0.1910703960056892
3920,aita,GPT-5.6 Terra,terra,GPT-5.6 Terra,1,1,0,1,0.5741799152799858
3920,aita,GPT-5.6 Terra,human,Human,0,0,0,0,-1.133732968855998
2669,aita,GPT-5.6 Terra,terra,GPT-5.6 Terra,1,1,0,1,-0.11469964166932245
2669,aita,GPT-5.6 Terra,human,Human,0,0,0,0,-1.7481142220959778
660,aita,GPT-5.6 Terra,terra,GPT-5.6 Terra,1,1,0,1,-0.48825524242429497
660,aita,GPT-5.6 Terra,human,Human,0,0,1,0,-1.340199108241462
1382,aita,GPT-5.6 Terra,terra,GPT-5.6 Terra,1,1,0,1,0.07771471431946542
1382,aita,GPT-5.6 Terra,human,Human,0,0,0,0,-0.9346709929447998
3976,aita,GPT-5.6 Terra,terra,GPT-5.6 Terra,1,1,0,1,0.4978663707382981
3976,aita,GPT-5.6 Terra,human,Human,0,0,0,0,-0.9656553811334112
3676,aita,GPT-5.6 Terra,terra,GPT-5.6 Terra,1,1,0,1,-0.08499035889831907
3676,aita,GPT-5.6 Terra,human,Human,0,0,1,0,-0.7987946986396293
1933,aita,GPT-5.6 Terra,terra,GPT-5.6 Terra,1,1,0,1,0.029687333450391207
1933,aita,GPT-5.6 Terra,human,Human,0,0,0,0,-0.8175738490377973
1710,aita,GPT-5.6 Terra,terra,GPT-5.6 Terra,1,0,0,1,-0.03469974625855865
1710,aita,GPT-5.6 Terra,human,Human,0,0,1,0,-0.9966000821537044
2300,aita,GPT-5.6 Terra,terra,GPT-5.6 Terra,1,1,0,1,-0.22912118679691418
2300,aita,GPT-5.6 Terra,human,Human,0,0,0,0,-0.820976526507922
3865,aita,GPT-5.6 Terra,terra,GPT-5.6 Terra,1,0,0,1,-0.4031663453436391
3865,aita,GPT-5.6 Terra,human,Human,0,0,0,0,-0.6306462075278526
2973,aita,GPT-5.6 Terra,terra,GPT-5.6 Terra,1,0,1,0,-0.13034214098798252
2973,aita,GPT-5.6 Terra,human,Human,1,0,1,1,-0.3209208044300292
2081,aita,GPT-5.6 Terra,terra,GPT-5.6 Terra,0,0,0,0,-0.4506445512592542
2081,aita,GPT-5.6 Terra,human,Human,1,0,1,0,-0.4046923520739917
3097,aita,GPT-5.6 Terra,terra,GPT-5.6 Terra,1,1,0,1,-0.4514498734338317
3097,aita,GPT-5.6 Terra,human,Human,0,0,0,0,-1.3285073131198204
1318,aita,GPT-5.6 Terra,terra,GPT-5.6 Terra,1,1,0,1,-0.7266665280060568
1318,aita,GPT-5.6 Terra,human,Human,0,0,1,0,-1.3964386931262895
768,aita,GPT-5.6 Terra,terra,GPT-5.6 Terra,1,0,0,1,0.053749584273136586
768,aita,GPT-5.6 Terra,human,Human,0,0,0,0,-0.969867132992794
453,aita,GPT-5.6 Terra,terra,GPT-5.6 Terra,1,1,0,1,0.3765623754131584
453,aita,GPT-5.6 Terra,human,Human,0,0,0,0,-1.537714870281654
3637,aita,GPT-5.6 Terra,terra,GPT-5.6 Terra,0,0,0,1,-0.7108064204080311
3637,aita,GPT-5.6 Terra,human,Human,0,1,0,0,-1.0948889019463193
658,aita,GPT-5.6 Terra,terra,GPT-5.6 Terra,1,0,0,1,0.002105622731904566
658,aita,GPT-5.6 Terra,human,Human,1,0,1,0,0.1087552450914624
2555,aita,GPT-5.6 Terra,terra,GPT-5.6 Terra,1,1,0,1,-0.3758407818462709
2555,aita,GPT-5.6 Terra,human,Human,0,0,0,0,-1.7666339459888083
958,aita,GPT-5.6 Terra,terra,GPT-5.6 Terra,1,1,0,1,0.23340021099848474
958,aita,GPT-5.6 Terra,human,Human,1,1,0,0,-1.7972890255352192
192,aita,GPT-5.6 Terra,terra,GPT-5.6 Terra,1,0,0,1,0.44469083816185695
192,aita,GPT-5.6 Terra,human,Human,0,0,0,0,-0.1110519875744405
3437,aita,GPT-5.6 Terra,terra,GPT-5.6 Terra,1,1,0,1,-0.11401354117163931
3437,aita,GPT-5.6 Terra,human,Human,1,0,0,0,0.0558121701531925
3177,aita,GPT-5.6 Terra,terra,GPT-5.6 Terra,1,1,0,1,0.516097494409572
3177,aita,GPT-5.6 Terra,human,Human,0,0,0,0,-0.9351320452448968
1978,aita,GPT-5.6 Terra,terra,GPT-5.6 Terra,1,0,0,1,-0.5959238229803423
1978,aita,GPT-5.6 Terra,human,Human,0,0,0,0,-1.3584302319127357
2313,aita,GPT-5.6 Terra,terra,GPT-5.6 Terra,1,1,0,1,0.40294663862129687
2313,aita,GPT-5.6 Terra,human,Human,1,0,1,0,-1.2739316055780594
1377,aita,GPT-5.6 Terra,terra,GPT-5.6 Terra,1,0,0,1,-0.8130751181138844
1377,aita,GPT-5.6 Terra,human,Human,0,0,0,0,-1.4542053915523816
3911,aita,GPT-5.6 Terra,terra,GPT-5.6 Terra,1,0,0,1,-0.3709977810478776
3911,aita,GPT-5.6 Terra,human,Human,0,0,0,0,-1.6256161740864552
2954,aita,GPT-5.6 Terra,terra,GPT-5.6 Terra,0,0,0,0,-0.2970761618866493
2954,aita,GPT-5.6 Terra,human,Human,0,0,0,0,-1.0076044857529498
3119,aita,GPT-5.6 Terra,terra,GPT-5.6 Terra,1,0,1,1,-0.14686820596508382
3119,aita,GPT-5.6 Terra,human,Human,0,0,0,0,-0.9201009519966616
1512,aita,GPT-5.6 Terra,terra,GPT-5.6 Terra,1,1,0,1,-0.2748943340183567
1512,aita,GPT-5.6 Terra,human,Human,0,0,0,0,-0.3634703261451669
1160,aita,GPT-5.6 Terra,terra,GPT-5.6 Terra,1,1,0,1,-0.12468637809679117
1160,aita,GPT-5.6 Terra,human,Human,0,0,0,0,-0.8783544944242089
3682,aita,GPT-5.6 Terra,terra,GPT-5.6 Terra,1,1,0,1,0.08660424906658104
3682,aita,GPT-5.6 Terra,human,Human,0,0,0,0,-1.4429288582474122
1738,aita,GPT-5.6 Terra,terra,GPT-5.6 Terra,1,1,0,1,-0.6916989826199883
1738,aita,GPT-5.6 Terra,human,Human,0,0,0,0,-0.9048747357469996
1030,aita,GPT-5.6 Terra,terra,GPT-5.6 Terra,1,0,0,1,-0.6114793478722054
1030,aita,GPT-5.6 Terra,human,Human,1,0,0,0,-1.3200165696735435
24,aita,GPT-5.6 Terra,terra,GPT-5.6 Terra,1,0,0,1,0.013239511957153505
24,aita,GPT-5.6 Terra,human,Human,0,0,0,0,-1.0152189150824575
702,aita,GPT-5.6 Terra,terra,GPT-5.6 Terra,1,0,0,1,-0.396802025723314
702,aita,GPT-5.6 Terra,human,Human,0,0,0,0,-1.080498291392782
3012,aita,GPT-5.6 Terra,terra,GPT-5.6 Terra,1,1,0,1,-0.4506445512592542
3012,aita,GPT-5.6 Terra,human,Human,0,0,0,0,-1.1447383937075697
1319,aita,GPT-5.6 Terra,terra,GPT-5.6 Terra,1,0,0,1,0.22613936806299473
1319,aita,GPT-5.6 Terra,human,Human,0,0,0,0,-0.5968034163813299
1021,aita,GPT-5.6 Terra,terra,GPT-5.6 Terra,1,0,0,1,0.31063799439767115
1021,aita,GPT-5.6 Terra,human,Human,0,0,0,0,-0.7513063463743946
135,aita,GPT-5.6 Terra,terra,GPT-5.6 Terra,1,1,0,1,0.47354797269443427
135,aita,GPT-5.6 Terra,human,Human,0,0,0,0,-0.1989442518405341
1910,aita,GPT-5.6 Terra,terra,GPT-5.6 Terra,1,0,0,1,-0.5968161195817169
1910,aita,GPT-5.6 Terra,human,Human,0,0,0,0,-0.9622527036632864
2689,aita,GPT-5.6 Terra,terra,GPT-5.6 Terra,1,0,1,1,0.04881075372303956
2689,aita,GPT-5.6 Terra,human,Human,0,0,0,0,-0.9763415581338154
1794,aita,GPT-5.6 Terra,terra,GPT-5.6 Terra,1,0,0,1,-0.8147727368898365
1794,aita,GPT-5.6 Terra,human,Human,0,0,0,0,-1.5677795935234993
3709,aita,GPT-5.6 Terra,terra,GPT-5.6 Terra,1,1,0,1,0.3598308805209691
3709,aita,GPT-5.6 Terra,human,Human,0,0,0,0,-1.6217524443162334
3479,aita,GPT-5.6 Terra,terra,GPT-5.6 Terra,1,0,0,1,0.19328470326955016
3479,aita,GPT-5.6 Terra,human,Human,0,0,1,0,-0.7938558680895323
921,aita,GPT-5.6 Terra,terra,GPT-5.6 Terra,1,0,0,1,-0.025015035686485
921,aita,GPT-5.6 Terra,human,Human,0,0,0,0,-2.464659979613658
455,aita,GPT-5.6 Terra,terra,GPT-5.6 Terra,1,0,0,1,-0.026798337864521127
455,aita,GPT-5.6 Terra,human,Human,0,0,0,0,-1.1604981868035458
2833,aita,GPT-5.6 Terra,terra,GPT-5.6 Terra,1,0,1,1,-0.16059945048587987
2833,aita,GPT-5.6 Terra,human,Human,0,0,1,0,-0.4883819040194099
2228,aita,GPT-5.6 Terra,terra,GPT-5.6 Terra,1,1,0,1,-1.0765999775644681
2228,aita,GPT-5.6 Terra,human,Human,0,0,0,0,-0.7786854100457953
1467,aita,GPT-5.6 Terra,terra,GPT-5.6 Terra,1,0,0,1,-0.0004917325636425995
1467,aita,GPT-5.6 Terra,human,Human,0,0,1,0,-0.5303310086389487
2680,aita,GPT-5.6 Terra,terra,GPT-5.6 Terra,1,0,0,1,-0.07125911437752303
2680,aita,GPT-5.6 Terra,human,Human,0,1,0,0,-0.7756247444182585
3074,aita,GPT-5.6 Terra,terra,GPT-5.6 Terra,1,0,0,1,-0.9042000474249905
3074,aita,GPT-5.6 Terra,human,Human,0,1,0,0,-1.079950264665888
3835,aita,GPT-5.6 Terra,terra,GPT-5.6 Terra,1,1,0,1,-0.05786970047992951
3835,aita,GPT-5.6 Terra,human,Human,0,0,1,0,-1.008204902848549
1946,aita,GPT-5.6 Terra,terra,GPT-5.6 Terra,1,0,0,1,-0.025015035686485
1946,aita,GPT-5.6 Terra,human,Human,0,0,0,0,-1.374847221562562
3273,aita,GPT-5.6 Terra,terra,GPT-5.6 Terra,1,1,0,1,-0.20684352917691795
3273,aita,GPT-5.6 Terra,human,Human,0,0,1,0,-1.2291802405839949
786,aita,GPT-5.6 Terra,terra,GPT-5.6 Terra,1,1,0,1,0.2960144532755006
786,aita,GPT-5.6 Terra,human,Human,0,0,1,0,-0.5120998849676748
722,aita,GPT-5.6 Terra,terra,GPT-5.6 Terra,1,0,0,1,-0.16059945048587987
722,aita,GPT-5.6 Terra,human,Human,0,0,0,0,-0.4965443600758117
4,aita,GPT-5.6 Terra,terra,GPT-5.6 Terra,1,1,0,1,0.1333093800577161
4,aita,GPT-5.6 Terra,human,Human,0,0,0,0,-1.3584302319127357
14,aita,GPT-5.6 Terra,terra,GPT-5.6 Terra,1,0,1,1,-0.0697322778170879
14,aita,GPT-5.6 Terra,human,Human,0,1,1,0,-0.4479812713027699
15,aita,GPT-5.6 Terra,terra,GPT-5.6 Terra,1,0,0,1,0.2960144532755006
15,aita,GPT-5.6 Terra,human,Human,0,1,0,0,-0.1664305776373514
27,aita,GPT-5.6 Terra,terra,GPT-5.6 Terra,1,1,0,1,0.047314760741847484
27,aita,GPT-5.6 Terra,human,Human,1,0,1,0,-0.9938732412321538
28,aita,GPT-5.6 Terra,terra,GPT-5.6 Terra,1,0,0,1,-0.16548589066727193
28,aita,GPT-5.6 Terra,human,Human,0,0,0,0,-0.7562451769244916
32,aita,GPT-5.6 Terra,terra,GPT-5.6 Terra,1,1,0,1,0.30668729020065244
32,aita,GPT-5.6 Terra,human,Human,0,0,1,0,-1.793754604407198
33,aita,GPT-5.6 Terra,terra,GPT-5.6 Terra,1,0,0,0,0.3951366207323477
33,aita,GPT-5.6 Terra,human,Human,1,0,1,1,-0.2336231970050456
34,aita,GPT-5.6 Terra,terra,GPT-5.6 Terra,0,0,0,1,-0.4506445512592542
34,aita,GPT-5.6 Terra,human,Human,0,0,0,0,-1.8238761071072944
39,aita,GPT-5.6 Terra,terra,GPT-5.6 Terra,1,0,0,1,0.21151582694082405
39,aita,GPT-5.6 Terra,human,Human,0,0,0,0,-0.4883819040194099
40,aita,GPT-5.6 Terra,terra,GPT-5.6 Terra,1,0,0,1,0.09628895963865469
40,aita,GPT-5.6 Terra,human,Human,0,0,0,0,-0.9959996650581054
42,aita,GPT-5.6 Terra,terra,GPT-5.6 Terra,0,1,0,1,-0.3754965119717904
42,aita,GPT-5.6 Terra,human,Human,0,0,0,0,-1.4429288582474122
49,aita,GPT-5.6 Terra,terra,GPT-5.6 Terra,1,0,0,1,-0.5688031645619527
49,aita,GPT-5.6 Terra,human,Human,0,0,0,0,-1.791557191633471
58,aita,GPT-5.6 Terra,terra,GPT-5.6 Terra,1,0,0,1,0.10878607693487363
58,aita,GPT-5.6 Terra,human,Human,0,0,0,0,-1.0076044857529498
66,aita,GPT-5.6 Terra,terra,GPT-5.6 Terra,1,1,0,1,0.516097494409572
66,aita,GPT-5.6 Terra,human,Human,1,0,0,0,-0.5424965592610741
71,aita,GPT-5.6 Terra,terra,GPT-5.6 Terra,1,1,0,1,0.36019221182718053
71,aita,GPT-5.6 Terra,human,Human,0,0,0,0,-0.9474242574621372
80,aita,GPT-5.6 Terra,terra,GPT-5.6 Terra,1,0,1,1,-0.08005152834822216
80,aita,GPT-5.6 Terra,human,Human,0,0,1,0,-0.9966000821537044
89,aita,GPT-5.6 Terra,terra,GPT-5.6 Terra,1,0,0,1,-0.3380472865027294
89,aita,GPT-5.6 Terra,human,Human,0,0,0,0,-1.5456586082533623
101,aita,GPT-5.6 Terra,terra,GPT-5.6 Terra,1,1,0,1,0.2960144532755006
101,aita,GPT-5.6 Terra,human,Human,0,0,0,0,-1.499513822812048
104,aita,GPT-5.6 Terra,terra,GPT-5.6 Terra,1,0,0,1,0.7714543334988975
104,aita,GPT-5.6 Terra,human,Human,1,0,0,0,-0.7837950228114092
108,aita,GPT-5.6 Terra,terra,GPT-5.6 Terra,1,1,0,1,-0.0013063712577572884
108,aita,GPT-5.6 Terra,human,Human,0,0,0,0,-1.5958225592980082
115,aita,GPT-5.6 Terra,terra,GPT-5.6 Terra,1,1,1,1,0.40941704020660286
115,aita,GPT-5.6 Terra,human,Human,0,0,1,0,-1.0076044857529498
121,aita,GPT-5.6 Terra,terra,GPT-5.6 Terra,1,0,0,1,0.3577044566950176
121,aita,GPT-5.6 Terra,human,Human,0,0,0,0,-0.9048747357469996
123,aita,GPT-5.6 Terra,terra,GPT-5.6 Terra,1,1,0,1,0.18933399907253146
123,aita,GPT-5.6 Terra,human,Human,0,0,0,0,-1.0501540074680875
125,aita,GPT-5.6 Terra,terra,GPT-5.6 Terra,0,1,0,0,-0.2450980768205564
125,aita,GPT-5.6 Terra,human,Human,1,0,0,1,-0.6567787395931639
127,aita,GPT-5.6 Terra,terra,GPT-5.6 Terra,1,0,1,1,-0.2159379690030122
127,aita,GPT-5.6 Terra,human,Human,0,0,0,0,-0.6567787395931639
130,aita,GPT-5.6 Terra,terra,GPT-5.6 Terra,1,0,0,1,-1.0765999775644681
130,aita,GPT-5.6 Terra,human,Human,0,0,0,0,-1.4727251154452126
137,aita,GPT-5.6 Terra,terra,GPT-5.6 Terra,1,1,0,1,0.18114891727954263
137,aita,GPT-5.6 Terra,human,Human,0,0,0,0,-0.9048747357469996
148,aita,GPT-5.6 Terra,terra,GPT-5.6 Terra,1,1,0,1,0.10483537273785493
148,aita,GPT-5.6 Terra,human,Human,0,0,1,0,-0.6911261180835819
153,aita,GPT-5.6 Terra,terra,GPT-5.6 Terra,0,0,0,1,-0.5727538687589715
153,aita,GPT-5.6 Terra,human,Human,0,0,0,0,-1.8503395689718336
154,aita,GPT-5.6 Terra,terra,GPT-5.6 Terra,1,1,0,1,0.051298508855202485
154,aita,GPT-5.6 Terra,human,Human,1,0,1,0,-0.963145000264661
157,aita,GPT-5.6 Terra,terra,GPT-5.6 Terra,1,1,0,1,-1.1686568906452668
157,aita,GPT-5.6 Terra,human,Human,0,0,0,0,-1.457564718192509
161,aita,GPT-5.6 Terra,terra,GPT-5.6 Terra,0,0,0,1,-0.3358016409998833
161,aita,GPT-5.6 Terra,human,Human,0,0,1,0,-0.7981942815440304
162,aita,GPT-5.6 Terra,terra,GPT-5.6 Terra,0,0,0,0,-0.3092290093083878
162,aita,GPT-5.6 Terra,human,Human,0,0,0,0,-1.3766613555840097
163,aita,GPT-5.6 Terra,terra,GPT-5.6 Terra,0,0,0,1,-0.38157478822132584
163,aita,GPT-5.6 Terra,human,Human,0,0,0,0,-0.912101455819028
165,aita,GPT-5.6 Terra,terra,GPT-5.6 Terra,1,1,0,1,-0.3447694192308626
165,aita,GPT-5.6 Terra,human,Human,1,0,0,0,-1.373859095209484
174,aita,GPT-5.6 Terra,terra,GPT-5.6 Terra,1,0,1,1,0.6501503381737577
174,aita,GPT-5.6 Terra,human,Human,0,0,1,0,-1.2563008990023845
178,aita,GPT-5.6 Terra,terra,GPT-5.6 Terra,0,1,0,0,-0.2855110283601229
178,aita,GPT-5.6 Terra,human,Human,0,0,0,1,-0.3937276356430643
184,aita,GPT-5.6 Terra,terra,GPT-5.6 Terra,0,0,0,1,-1.1108079912593842
184,aita,GPT-5.6 Terra,human,Human,0,0,0,0,-0.7978623304924762
185,aita,GPT-5.6 Terra,terra,GPT-5.6 Terra,1,1,0,1,-0.16059945048587987
185,aita,GPT-5.6 Terra,human,Human,0,0,0,0,-0.9467368659397412
196,aita,GPT-5.6 Terra,terra,GPT-5.6 Terra,1,0,0,1,0.16527174824978608
196,aita,GPT-5.6 Terra,human,Human,0,0,0,0,-1.6910248544012478
197,aita,GPT-5.6 Terra,terra,GPT-5.6 Terra,1,0,0,1,-0.6141549466516161
197,aita,GPT-5.6 Terra,human,Human,0,0,1,0,-1.2739316055780594
203,aita,GPT-5.6 Terra,terra,GPT-5.6 Terra,1,0,0,1,-0.0703668177761485
203,aita,GPT-5.6 Terra,human,Human,0,0,0,0,-0.5007957991035127
217,aita,GPT-5.6 Terra,terra,GPT-5.6 Terra,1,0,1,1,0.1802395592464372
217,aita,GPT-5.6 Terra,human,Human,1,0,0,0,-1.3130784498230723
221,aita,GPT-5.6 Terra,terra,GPT-5.6 Terra,1,0,0,1,0.24671196698881837
221,aita,GPT-5.6 Terra,human,Human,1,0,1,0,-0.3043872995347074
242,aita,GPT-5.6 Terra,terra,GPT-5.6 Terra,0,0,0,1,-0.9197555723168536
242,aita,GPT-5.6 Terra,human,Human,0,0,1,0,-1.868570692643108
248,aita,GPT-5.6 Terra,terra,GPT-5.6 Terra,1,0,0,1,-0.5537185711396851
248,aita,GPT-5.6 Terra,human,Human,0,0,0,0,-0.5351431775939307
254,aita,GPT-5.6 Terra,terra,GPT-5.6 Terra,1,1,1,1,-0.48252123604924
254,aita,GPT-5.6 Terra,human,Human,0,0,0,0,-1.1948328620935769
259,aita,GPT-5.6 Terra,terra,GPT-5.6 Terra,1,1,0,1,0.1333093800577161
259,aita,GPT-5.6 Terra,human,Human,0,1,1,0,-0.820976526507922
263,aita,GPT-5.6 Terra,terra,GPT-5.6 Terra,1,0,0,1,-0.2450980768205564
263,aita,GPT-5.6 Terra,human,Human,1,0,0,0,-0.2864568251355299
268,aita,GPT-5.6 Terra,terra,GPT-5.6 Terra,1,0,0,1,0.002105622731904566
268,aita,GPT-5.6 Terra,human,Human,0,0,1,0,-0.989373362081676
269,aita,GPT-5.6 Terra,terra,GPT-5.6 Terra,1,1,0,1,0.002910944906482138
269,aita,GPT-5.6 Terra,human,Human,0,0,1,0,-1.262038184661658
271,aita,GPT-5.6 Terra,terra,GPT-5.6 Terra,0,0,0,0,0.06763673018505612
271,aita,GPT-5.6 Terra,human,Human,0,0,0,1,-0.1114637741572611
280,aita,GPT-5.6 Terra,terra,GPT-5.6 Terra,1,0,0,1,0.04881075372303956
280,aita,GPT-5.6 Terra,human,Human,0,0,1,0,-0.5540489895872136
293,aita,GPT-5.6 Terra,terra,GPT-5.6 Terra,1,0,0,1,-0.08766595767772978
293,aita,GPT-5.6 Terra,human,Human,0,0,0,0,-1.4611599819186862
295,aita,GPT-5.6 Terra,terra,GPT-5.6 Terra,1,1,0,1,0.523358337345062
295,aita,GPT-5.6 Terra,human,Human,0,0,0,0,0.0555328864511727
297,aita,GPT-5.6 Terra,terra,GPT-5.6 Terra,0,0,0,1,-0.11524766839621642
297,aita,GPT-5.6 Terra,human,Human,0,0,0,0,-0.3937276356430643
305,aita,GPT-5.6 Terra,terra,GPT-5.6 Terra,1,1,0,1,-0.4660734145560023
305,aita,GPT-5.6 Terra,human,Human,0,0,0,0,-0.9048747357469996
307,aita,GPT-5.6 Terra,terra,GPT-5.6 Terra,1,0,1,1,-0.05391899628291086
307,aita,GPT-5.6 Terra,human,Human,0,0,1,0,-0.9048747357469996
311,aita,GPT-5.6 Terra,terra,GPT-5.6 Terra,1,0,0,1,-0.11524766839621642
311,aita,GPT-5.6 Terra,human,Human,1,0,0,0,-0.4670923727524919
313,aita,GPT-5.6 Terra,terra,GPT-5.6 Terra,1,1,1,1,-0.08499035889831907
313,aita,GPT-5.6 Terra,human,Human,0,0,0,0,-1.2711293452035335
317,aita,GPT-5.6 Terra,terra,GPT-5.6 Terra,1,0,0,1,0.45136614482614157
317,aita,GPT-5.6 Terra,human,Human,0,0,0,0,-0.4430301219297464
326,aita,GPT-5.6 Terra,terra,GPT-5.6 Terra,1,0,0,1,-0.2767186143894238
326,aita,GPT-5.6 Terra,human,Human,1,0,1,0,-0.470150780348136
328,aita,GPT-5.6 Terra,terra,GPT-5.6 Terra,1,0,0,1,0.030031603324871703
328,aita,GPT-5.6 Terra,human,Human,0,0,0,0,-2.140297695318411
333,aita,GPT-5.6 Terra,terra,GPT-5.6 Terra,1,0,1,1,0.05948359064819142
333,aita,GPT-5.6 Terra,human,Human,0,0,0,0,-0.9474242574621372
346,aita,GPT-5.6 Terra,terra,GPT-5.6 Terra,1,0,0,1,-0.11524766839621642
346,aita,GPT-5.6 Terra,human,Human,0,0,0,0,-0.5682897218931507
359,aita,GPT-5.6 Terra,terra,GPT-5.6 Terra,1,0,0,1,-0.6372290711212834
359,aita,GPT-5.6 Terra,human,Human,0,0,0,0,-0.9768885636083836
360,aita,GPT-5.6 Terra,terra,GPT-5.6 Terra,1,0,0,1,-0.12863708229380988
360,aita,GPT-5.6 Terra,human,Human,0,0,0,0,-1.099386611617906
364,aita,GPT-5.6 Terra,terra,GPT-5.6 Terra,1,0,0,1,0.18933399907253146
364,aita,GPT-5.6 Terra,human,Human,0,0,0,0,-1.720489160547494
372,aita,GPT-5.6 Terra,terra,GPT-5.6 Terra,1,0,0,1,0.029687333450391207
372,aita,GPT-5.6 Terra,human,Human,0,0,0,0,-0.7373266617308217
379,aita,GPT-5.6 Terra,terra,GPT-5.6 Terra,1,0,0,1,-0.021064331489466348
379,aita,GPT-5.6 Terra,human,Human,0,0,0,0,-1.0501540074680875
380,aita,GPT-5.6 Terra,terra,GPT-5.6 Terra,1,1,0,1,0.08077312191510955
380,aita,GPT-5.6 Terra,human,Human,0,0,0,0,-1.4654819248573512
389,aita,GPT-5.6 Terra,terra,GPT-5.6 Terra,1,1,0,1,0.32150641988226447
389,aita,GPT-5.6 Terra,human,Human,0,0,0,0,-0.9959996650581054
392,aita,GPT-5.6 Terra,terra,GPT-5.6 Terra,1,1,0,1,0.2510240024920485
392,aita,GPT-5.6 Terra,human,Human,0,0,0,0,-0.5540489895872136
394,aita,GPT-5.6 Terra,terra,GPT-5.6 Terra,1,1,0,1,-0.015696390895396595
394,aita,GPT-5.6 Terra,human,Human,1,1,0,0,-0.7717665789528931
397,aita,GPT-5.6 Terra,terra,GPT-5.6 Terra,1,0,0,1,-0.06785643690739834
397,aita,GPT-5.6 Terra,human,Human,0,0,0,0,-0.7637303022495312
418,aita,GPT-5.6 Terra,terra,GPT-5.6 Terra,1,1,0,1,0.10483537273785493
418,aita,GPT-5.6 Terra,human,Human,0,0,0,0,-1.0076044857529498
431,aita,GPT-5.6 Terra,terra,GPT-5.6 Terra,0,0,0,1,0.08660424906658104
431,aita,GPT-5.6 Terra,human,Human,0,0,0,0,-1.2557004819067854
441,aita,GPT-5.6 Terra,terra,GPT-5.6 Terra,1,0,0,1,-0.3323989635297586
441,aita,GPT-5.6 Terra,human,Human,0,0,1,0,-1.0076044857529498
448,aita,GPT-5.6 Terra,terra,GPT-5.6 Terra,0,1,0,1,-0.5083667890500216
448,aita,GPT-5.6 Terra,human,Human,0,0,0,0,-1.3584302319127357
460,aita,GPT-5.6 Terra,terra,GPT-5.6 Terra,1,1,0,1,-0.3910134979219006
460,aita,GPT-5.6 Terra,human,Human,0,0,0,0,-0.7065549813803301
461,aita,GPT-5.6 Terra,terra,GPT-5.6 Terra,1,0,0,1,-0.23090577999966333
461,aita,GPT-5.6 Terra,human,Human,0,0,0,0,-1.609470292890027
467,aita,GPT-5.6 Terra,terra,GPT-5.6 Terra,1,1,0,1,-0.11980104772072675
467,aita,GPT-5.6 Terra,human,Human,0,0,0,0,-0.989373362081676
487,aita,GPT-5.6 Terra,terra,GPT-5.6 Terra,1,0,1,0,0.24671196698881837
487,aita,GPT-5.6 Terra,human,Human,0,0,1,0,-0.272166344870241
492,aita,GPT-5.6 Terra,terra,GPT-5.6 Terra,0,0,1,1,-0.16455015468289863
492,aita,GPT-5.6 Terra,human,Human,0,0,1,0,-0.989373362081676
498,aita,GPT-5.6 Terra,terra,GPT-5.6 Terra,1,0,1,1,-0.3205055426133573
498,aita,GPT-5.6 Terra,human,Human,0,0,1,0,-1.331708364795185
505,aita,GPT-5.6 Terra,terra,GPT-5.6 Terra,1,1,0,1,0.17683688177631252
505,aita,GPT-5.6 Terra,human,Human,0,1,0,0,-1.1885234606462365
507,aita,GPT-5.6 Terra,terra,GPT-5.6 Terra,1,0,0,1,0.1747104579503609
507,aita,GPT-5.6 Terra,human,Human,1,0,0,0,-0.2630842238670732
521,aita,GPT-5.6 Terra,terra,GPT-5.6 Terra,1,0,0,1,-0.40108101731020773
521,aita,GPT-5.6 Terra,human,Human,0,0,1,0,-1.6065262280665713
525,aita,GPT-5.6 Terra,terra,GPT-5.6 Terra,1,1,0,1,0.20567222040238498
525,aita,GPT-5.6 Terra,human,Human,0,0,0,0,-0.7589207757039024
528,aita,GPT-5.6 Terra,terra,GPT-5.6 Terra,1,1,0,1,-0.7026042771833114
528,aita,GPT-5.6 Terra,human,Human,0,0,0,0,-1.4009797536278734
536,aita,GPT-5.6 Terra,terra,GPT-5.6 Terra,1,1,0,1,0.31063799439767115
536,aita,GPT-5.6 Terra,human,Human,0,0,0,0,-1.1948328620935769
538,aita,GPT-5.6 Terra,terra,GPT-5.6 Terra,1,0,0,1,-0.5821925784595462
538,aita,GPT-5.6 Terra,human,Human,0,0,0,0,-0.4318130104923813
547,aita,GPT-5.6 Terra,terra,GPT-5.6 Terra,1,1,0,1,-0.28828374791595024
547,aita,GPT-5.6 Terra,human,Human,0,0,0,0,-1.3849340027196937
564,aita,GPT-5.6 Terra,terra,GPT-5.6 Terra,1,0,1,1,-0.07699312075257791
564,aita,GPT-5.6 Terra,human,Human,0,0,1,0,-0.9653260724912104
566,aita,GPT-5.6 Terra,terra,GPT-5.6 Terra,1,0,0,1,0.4832428296161275
566,aita,GPT-5.6 Terra,human,Human,0,0,0,0,-1.4429288582474122
579,aita,GPT-5.6 Terra,terra,GPT-5.6 Terra,1,1,0,1,0.5802752529612518
579,aita,GPT-5.6 Terra,human,Human,0,0,0,0,-2.152173624466654
583,aita,GPT-5.6 Terra,terra,GPT-5.6 Terra,0,1,0,1,0.051298508855202485
583,aita,GPT-5.6 Terra,human,Human,1,0,0,0,-1.0039259112616552
585,aita,GPT-5.6 Terra,terra,GPT-5.6 Terra,1,1,0,1,-0.39713031311318897
585,aita,GPT-5.6 Terra,human,Human,0,0,0,0,-1.0258356094242238
597,aita,GPT-5.6 Terra,terra,GPT-5.6 Terra,1,0,0,1,0.06980284117932578
597,aita,GPT-5.6 Terra,human,Human,0,0,0,0,-0.1089132449255625
607,aita,GPT-5.6 Terra,terra,GPT-5.6 Terra,1,0,0,1,-0.4563887039839287
607,aita,GPT-5.6 Terra,human,Human,0,0,0,0,-1.8046981654082876
610,aita,GPT-5.6 Terra,terra,GPT-5.6 Terra,1,1,0,1,-0.6150472432529908
610,aita,GPT-5.6 Terra,human,Human,0,0,0,0,-0.622992091030027
611,aita,GPT-5.6 Terra,terra,GPT-5.6 Terra,1,0,1,1,-0.03963857680865562
611,aita,GPT-5.6 Terra,human,Human,0,0,1,0,-0.267279904688849
612,aita,GPT-5.6 Terra,terra,GPT-5.6 Terra,1,1,1,1,-0.560727682932348
612,aita,GPT-5.6 Terra,human,Human,0,0,1,0,-1.1486880766522622
614,aita,GPT-5.6 Terra,terra,GPT-5.6 Terra,1,0,0,1,0.6267925403051393
614,aita,GPT-5.6 Terra,human,Human,1,0,0,0,-0.4110677537376765
615,aita,GPT-5.6 Terra,terra,GPT-5.6 Terra,1,0,0,1,-0.6832076482578137
615,aita,GPT-5.6 Terra,human,Human,0,0,0,0,-1.5489480527566264
616,aita,GPT-5.6 Terra,terra,GPT-5.6 Terra,0,0,0,0,-0.5727538687589715
616,aita,GPT-5.6 Terra,human,Human,0,0,0,0,-0.930388337696227
621,aita,GPT-5.6 Terra,terra,GPT-5.6 Terra,0,1,0,1,-0.05786970047992951
621,aita,GPT-5.6 Terra,human,Human,0,0,0,0,-0.5540489895872136
632,aita,GPT-5.6 Terra,terra,GPT-5.6 Terra,1,0,0,1,0.13241708345634162
632,aita,GPT-5.6 Terra,human,Human,0,0,0,0,-1.4429288582474122
635,aita,GPT-5.6 Terra,terra,GPT-5.6 Terra,1,0,0,1,-0.2313668322997603
635,aita,GPT-5.6 Terra,human,Human,0,0,0,0,-1.4429288582474122
638,aita,GPT-5.6 Terra,terra,GPT-5.6 Terra,1,1,0,1,-0.24904878101757513
638,aita,GPT-5.6 Terra,human,Human,0,0,0,0,-1.1103342357589003
642,aita,GPT-5.6 Terra,terra,GPT-5.6 Terra,0,1,0,1,-0.4785705318522213
642,aita,GPT-5.6 Terra,human,Human,0,0,0,0,-1.1103342357589003
646,aita,GPT-5.6 Terra,terra,GPT-5.6 Terra,1,1,0,1,0.3833153399847028
646,aita,GPT-5.6 Terra,human,Human,0,0,0,0,-1.3127898496015151
648,aita,GPT-5.6 Terra,terra,GPT-5.6 Terra,1,0,0,1,-0.008567214193247297
648,aita,GPT-5.6 Terra,human,Human,0,0,0,0,-1.2288916403624377
655,aita,GPT-5.6 Terra,terra,GPT-5.6 Terra,1,0,0,1,-0.015320178764791748
655,aita,GPT-5.6 Terra,human,Human,0,0,0,0,-1.1486880766522622
656,aita,GPT-5.6 Terra,terra,GPT-5.6 Terra,1,1,0,1,0.044310874572561776
656,aita,GPT-5.6 Terra,human,Human,0,0,0,0,-0.9655854989965472
657,aita,GPT-5.6 Terra,terra,GPT-5.6 Terra,1,0,0,1,0.07198070794441047
657,aita,GPT-5.6 Terra,human,Human,0,0,0,0,-1.0722649319471904
659,aita,GPT-5.6 Terra,terra,GPT-5.6 Terra,1,0,0,1,-0.38098451747534656
659,aita,GPT-5.6 Terra,human,Human,0,0,0,0,-1.9491186147807655
664,aita,GPT-5.6 Terra,terra,GPT-5.6 Terra,1,0,1,1,0.6106421626225336
664,aita,GPT-5.6 Terra,human,Human,0,0,0,0,-1.793754604407198
676,aita,GPT-5.6 Terra,terra,GPT-5.6 Terra,1,1,0,1,0.43159886807489545
676,aita,GPT-5.6 Terra,human,Human,1,0,0,0,0.013583781831634
683,aita,GPT-5.6 Terra,terra,GPT-5.6 Terra,1,0,0,0,-0.05786970047992951
683,aita,GPT-5.6 Terra,human,Human,0,0,0,0,-0.4627973986809926
687,aita,GPT-5.6 Terra,terra,GPT-5.6 Terra,1,0,0,1,-0.3158654586344368
687,aita,GPT-5.6 Terra,human,Human,0,1,0,0,-1.8539841811791369
699,aita,GPT-5.6 Terra,terra,GPT-5.6 Terra,1,1,0,1,-0.05391899628291086
699,aita,GPT-5.6 Terra,human,Human,0,0,0,0,-1.8964843544131484
703,aita,GPT-5.6 Terra,terra,GPT-5.6 Terra,1,0,0,1,-0.5165689322747413
703,aita,GPT-5.6 Terra,human,Human,0,0,0,0,-1.4009797536278734
709,aita,GPT-5.6 Terra,terra,GPT-5.6 Terra,1,1,0,1,0.3533924211917874
709,aita,GPT-5.6 Terra,human,Human,0,1,0,0,-0.734063349056199
726,aita,GPT-5.6 Terra,terra,GPT-5.6 Terra,1,1,0,0,0.6465427556246546
726,aita,GPT-5.6 Terra,human,Human,1,1,1,0,-0.1037695092964869
735,aita,GPT-5.6 Terra,terra,GPT-5.6 Terra,1,1,0,1,0.26133550811098893
735,aita,GPT-5.6 Terra,human,Human,0,0,1,0,-0.820976526507922
745,aita,GPT-5.6 Terra,terra,GPT-5.6 Terra,1,1,0,1,-0.531192473396912
745,aita,GPT-5.6 Terra,human,Human,0,0,0,0,-1.0076044857529498
746,aita,GPT-5.6 Terra,terra,GPT-5.6 Terra,1,1,0,1,-0.2175163661020698
746,aita,GPT-5.6 Terra,human,Human,1,0,0,0,-1.1407309100522995
747,aita,GPT-5.6 Terra,terra,GPT-5.6 Terra,0,0,0,1,-0.5232497566775293
747,aita,GPT-5.6 Terra,human,Human,0,0,0,0,-2.331808726907611
751,aita,GPT-5.6 Terra,terra,GPT-5.6 Terra,1,1,0,1,-0.5123174932470403
751,aita,GPT-5.6 Terra,human,Human,0,0,0,0,-1.2557004819067854
760,aita,GPT-5.6 Terra,terra,GPT-5.6 Terra,1,1,0,1,0.14793292117988666
760,aita,GPT-5.6 Terra,human,Human,0,0,0,0,-2.1323983294290256
763,aita,GPT-5.6 Terra,terra,GPT-5.6 Terra,1,1,0,1,0.4939156665412794
763,aita,GPT-5.6 Terra,human,Human,1,0,0,0,-0.8166975349210284
767,aita,GPT-5.6 Terra,terra,GPT-5.6 Terra,1,1,0,1,-0.16059945048587987
767,aita,GPT-5.6 Terra,human,Human,0,0,0,0,-1.499513822812048
772,aita,GPT-5.6 Terra,terra,GPT-5.6 Terra,1,0,0,1,0.16221334065414184
772,aita,GPT-5.6 Terra,human,Human,0,0,0,0,-0.989373362081676
778,aita,GPT-5.6 Terra,terra,GPT-5.6 Terra,1,0,1,1,-0.08499035889831907
778,aita,GPT-5.6 Terra,human,Human,0,0,1,0,-0.9656553811334112
779,aita,GPT-5.6 Terra,terra,GPT-5.6 Terra,0,0,0,0,-1.0108805016279596
779,aita,GPT-5.6 Terra,human,Human,0,0,0,1,-0.9389335140158606
780,aita,GPT-5.6 Terra,terra,GPT-5.6 Terra,1,1,0,1,-0.08949023804879691
780,aita,GPT-5.6 Terra,human,Human,0,0,0,0,-1.1489330532770192
781,aita,GPT-5.6 Terra,terra,GPT-5.6 Terra,0,0,0,1,-0.2450980768205564
781,aita,GPT-5.6 Terra,human,Human,0,0,0,0,-1.2140097825402578
787,aita,GPT-5.6 Terra,terra,GPT-5.6 Terra,1,1,0,1,0.41336774440362156
787,aita,GPT-5.6 Terra,human,Human,0,0,0,0,-1.6642160128569004
799,aita,GPT-5.6 Terra,terra,GPT-5.6 Terra,1,1,0,1,-0.5047592065009183
799,aita,GPT-5.6 Terra,human,Human,0,0,0,0,-1.2557004819067854
819,aita,GPT-5.6 Terra,terra,GPT-5.6 Terra,1,1,0,1,0.18933399907253146
819,aita,GPT-5.6 Terra,human,Human,0,0,1,0,-0.6567787395931639
822,aita,GPT-5.6 Terra,terra,GPT-5.6 Terra,1,1,0,1,-0.24904878101757513
822,aita,GPT-5.6 Terra,human,Human,0,0,0,0,-1.1712018555721089
823,aita,GPT-5.6 Terra,terra,GPT-5.6 Terra,1,1,0,0,-0.48825524242429497
823,aita,GPT-5.6 Terra,human,Human,1,0,1,0,-0.4695503632525371
824,aita,GPT-5.6 Terra,terra,GPT-5.6 Terra,0,0,0,1,-0.7141694107098379
824,aita,GPT-5.6 Terra,human,Human,0,0,0,0,-1.2335186540384928
825,aita,GPT-5.6 Terra,terra,GPT-5.6 Terra,1,0,1,1,0.36406525811693946
825,aita,GPT-5.6 Terra,human,Human,0,0,0,0,-0.820976526507922
827,aita,GPT-5.6 Terra,terra,GPT-5.6 Terra,1,0,0,1,-0.3092290093083878
827,aita,GPT-5.6 Terra,human,Human,0,0,0,0,-1.2557004819067854
830,aita,GPT-5.6 Terra,terra,GPT-5.6 Terra,1,1,0,1,-0.2545367865211312
830,aita,GPT-5.6 Terra,human,Human,0,0,0,0,-1.041951864243368
833,aita,GPT-5.6 Terra,terra,GPT-5.6 Terra,1,1,0,1,-0.030749042061539944
833,aita,GPT-5.6 Terra,human,Human,0,0,0,0,-1.5988932857165787
839,aita,GPT-5.6 Terra,terra,GPT-5.6 Terra,1,0,0,1,0.002105622731904566
839,aita,GPT-5.6 Terra,human,Human,1,1,0,0,-0.2789716998104904
847,aita,GPT-5.6 Terra,terra,GPT-5.6 Terra,1,1,0,1,0.40941704020660286
847,aita,GPT-5.6 Terra,human,Human,1,1,0,0,-0.1037695092964869
849,aita,GPT-5.6 Terra,terra,GPT-5.6 Terra,1,1,0,1,0.04486004952602085
849,aita,GPT-5.6 Terra,human,Human,0,0,0,0,-1.88854061644144
851,aita,GPT-5.6 Terra,terra,GPT-5.6 Terra,1,1,0,1,-0.4785705318522213
851,aita,GPT-5.6 Terra,human,Human,0,0,0,0,-0.896913506007132
855,aita,GPT-5.6 Terra,terra,GPT-5.6 Terra,0,0,0,1,-0.2450980768205564
855,aita,GPT-5.6 Terra,human,Human,0,0,0,0,-1.064982453669237
856,aita,GPT-5.6 Terra,terra,GPT-5.6 Terra,1,0,0,1,0.44469083816185695
856,aita,GPT-5.6 Terra,human,Human,0,0,0,0,-1.298250003621923
872,aita,GPT-5.6 Terra,terra,GPT-5.6 Terra,1,1,1,1,0.22793281659065046
872,aita,GPT-5.6 Terra,human,Human,0,0,1,0,-0.8629256311274607
873,aita,GPT-5.6 Terra,terra,GPT-5.6 Terra,1,1,0,1,0.21242518497392948
873,aita,GPT-5.6 Terra,human,Human,0,0,0,0,-0.5120998849676748
881,aita,GPT-5.6 Terra,terra,GPT-5.6 Terra,1,0,0,1,-0.050516318812786065
881,aita,GPT-5.6 Terra,human,Human,0,0,0,0,-0.913089582172106
882,aita,GPT-5.6 Terra,terra,GPT-5.6 Terra,1,0,1,1,0.8477678780405851
882,aita,GPT-5.6 Terra,human,Human,0,0,1,0,-0.820976526507922
884,aita,GPT-5.6 Terra,terra,GPT-5.6 Terra,1,0,0,1,-0.07664885087809742
884,aita,GPT-5.6 Terra,human,Human,0,0,0,0,-1.1781399754225803
889,aita,GPT-5.6 Terra,terra,GPT-5.6 Terra,0,1,0,1,-0.43906235630099694
889,aita,GPT-5.6 Terra,human,Human,0,0,0,0,-2.0296685794230753
895,aita,GPT-5.6 Terra,terra,GPT-5.6 Terra,1,1,0,1,0.021690095304650048
895,aita,GPT-5.6 Terra,human,Human,0,0,0,0,-0.8629256311274607
931,aita,GPT-5.6 Terra,terra,GPT-5.6 Terra,1,1,0,1,0.06197134578035446
931,aita,GPT-5.6 Terra,human,Human,1,1,0,0,-0.4639469907300506
935,aita,GPT-5.6 Terra,terra,GPT-5.6 Terra,1,1,1,1,0.6005961207442485
935,aita,GPT-5.6 Terra,human,Human,0,1,0,0,-0.6263947685001516
936,aita,GPT-5.6 Terra,terra,GPT-5.6 Terra,1,1,1,1,0.017190216154172155
936,aita,GPT-5.6 Terra,human,Human,0,0,1,0,-0.5540489895872136
939,aita,GPT-5.6 Terra,terra,GPT-5.6 Terra,1,1,0,1,0.41336774440362156
939,aita,GPT-5.6 Terra,human,Human,0,0,0,0,-1.6910248544012478
948,aita,GPT-5.6 Terra,terra,GPT-5.6 Terra,1,0,1,1,-0.26061391454410154
948,aita,GPT-5.6 Terra,human,Human,0,0,0,0,-1.3541475766641629
951,aita,GPT-5.6 Terra,terra,GPT-5.6 Terra,0,1,0,1,-0.1952783956503915
951,aita,GPT-5.6 Terra,human,Human,0,0,0,0,-0.9231058594182734
953,aita,GPT-5.6 Terra,terra,GPT-5.6 Terra,0,1,0,1,0.6622861241637654
953,aita,GPT-5.6 Terra,human,Human,0,0,1,0,-0.820376109412323
962,aita,GPT-5.6 Terra,terra,GPT-5.6 Terra,1,0,0,1,-0.18861240550564407
962,aita,GPT-5.6 Terra,human,Human,0,0,0,0,-1.340199108241462
965,aita,GPT-5.6 Terra,terra,GPT-5.6 Terra,0,0,0,1,-0.5959238229803423
965,aita,GPT-5.6 Terra,human,Human,0,0,1,0,-0.820376109412323
969,aita,GPT-5.6 Terra,terra,GPT-5.6 Terra,1,0,0,1,0.37141863978408285
969,aita,GPT-5.6 Terra,human,Human,0,0,0,0,-0.989373362081676
970,aita,GPT-5.6 Terra,terra,GPT-5.6 Terra,1,0,0,1,0.22218866386597602
970,aita,GPT-5.6 Terra,human,Human,0,0,1,0,-0.7412773659278404
976,aita,GPT-5.6 Terra,terra,GPT-5.6 Terra,1,1,0,1,0.6541010423707765
976,aita,GPT-5.6 Terra,human,Human,0,0,0,0,-1.4389781540503934
981,aita,GPT-5.6 Terra,terra,GPT-5.6 Terra,1,0,0,1,0.08660424906658104
981,aita,GPT-5.6 Terra,human,Human,1,0,0,0,-0.3600676486750422
983,aita,GPT-5.6 Terra,terra,GPT-5.6 Terra,0,1,0,1,-1.0953791279626361
983,aita,GPT-5.6 Terra,human,Human,1,0,1,0,-1.6065262280665713
987,aita,GPT-5.6 Terra,terra,GPT-5.6 Terra,1,1,0,1,-0.30201499243674634
987,aita,GPT-5.6 Terra,human,Human,0,0,0,0,-1.811985728078472
988,aita,GPT-5.6 Terra,terra,GPT-5.6 Terra,1,0,0,1,-0.4514498734338317
988,aita,GPT-5.6 Terra,human,Human,1,1,0,0,-0.3022744189420834
989,aita,GPT-5.6 Terra,terra,GPT-5.6 Terra,1,1,0,1,0.2777833296042267
989,aita,GPT-5.6 Terra,human,Human,1,0,0,0,-1.0528296062474984
992,aita,GPT-5.6 Terra,terra,GPT-5.6 Terra,1,1,1,1,0.588460334754241
992,aita,GPT-5.6 Terra,human,Human,0,0,0,0,-1.152883757474038
994,aita,GPT-5.6 Terra,terra,GPT-5.6 Terra,1,0,0,1,0.021485190225671413
994,aita,GPT-5.6 Terra,human,Human,0,0,0,0,-0.9231058594182734
1008,aita,GPT-5.6 Terra,terra,GPT-5.6 Terra,1,1,0,1,-0.008567214193247297
1008,aita,GPT-5.6 Terra,human,Human,0,1,0,0,-1.542063344527186
1010,aita,GPT-5.6 Terra,terra,GPT-5.6 Terra,1,0,1,1,-0.7907974604938882
1010,aita,GPT-5.6 Terra,human,Human,0,0,0,0,-1.6065262280665713
1011,aita,GPT-5.6 Terra,terra,GPT-5.6 Terra,1,1,1,1,-0.08005152834822216
1011,aita,GPT-5.6 Terra,human,Human,0,0,0,0,-1.1103342357589003
1013,aita,GPT-5.6 Terra,terra,GPT-5.6 Terra,1,0,0,1,-0.272218735238946
1013,aita,GPT-5.6 Terra,human,Human,0,0,0,0,-0.78022045332044
1020,aita,GPT-5.6 Terra,terra,GPT-5.6 Terra,1,1,0,1,0.2960144532755006
1020,aita,GPT-5.6 Terra,human,Human,1,1,1,0,-0.1463190310116247
1022,aita,GPT-5.6 Terra,terra,GPT-5.6 Terra,1,0,0,1,0.2960144532755006
1022,aita,GPT-5.6 Terra,human,Human,0,0,0,0,-1.298250003621923
1026,aita,GPT-5.6 Terra,terra,GPT-5.6 Terra,1,1,0,1,-0.6773640417193746
1026,aita,GPT-5.6 Terra,human,Human,0,0,0,0,-1.2291802405839949
1027,aita,GPT-5.6 Terra,terra,GPT-5.6 Terra,1,0,0,1,-0.07097051415596611
1027,aita,GPT-5.6 Terra,human,Human,0,0,0,0,-1.3958382760306909
1034,aita,GPT-5.6 Terra,terra,GPT-5.6 Terra,0,1,0,1,-0.39713031311318897
1034,aita,GPT-5.6 Terra,human,Human,1,0,1,0,-0.6905780913566879
1036,aita,GPT-5.6 Terra,terra,GPT-5.6 Terra,1,1,0,1,0.3877739225456671
1036,aita,GPT-5.6 Terra,human,Human,1,0,1,0,-0.4506445512592542
1054,aita,GPT-5.6 Terra,terra,GPT-5.6 Terra,1,1,0,1,0.36588953848800654
1054,aita,GPT-5.6 Terra,human,Human,0,1,1,0,-1.0453545417134926
1061,aita,GPT-5.6 Terra,terra,GPT-5.6 Terra,1,1,0,1,-0.2313668322997603
1061,aita,GPT-5.6 Terra,human,Human,0,0,0,0,-1.8964843544131484
1067,aita,GPT-5.6 Terra,terra,GPT-5.6 Terra,1,0,0,1,-0.21797741840216678
1067,aita,GPT-5.6 Terra,human,Human,0,0,0,0,-0.9048747357469996
1071,aita,GPT-5.6 Terra,terra,GPT-5.6 Terra,1,0,0,1,-0.27884503821537543
1071,aita,GPT-5.6 Terra,human,Human,0,0,0,0,-1.049247928719201
1073,aita,GPT-5.6 Terra,terra,GPT-5.6 Terra,1,1,0,1,0.48149620715232033
1073,aita,GPT-5.6 Terra,human,Human,0,1,0,0,-1.4769866152639473
1074,aita,GPT-5.6 Terra,terra,GPT-5.6 Terra,1,1,0,1,0.06343429484521013
1074,aita,GPT-5.6 Terra,human,Human,0,0,0,0,-1.1496204447994152
1092,aita,GPT-5.6 Terra,terra,GPT-5.6 Terra,1,0,1,1,0.28139091215333
1092,aita,GPT-5.6 Terra,human,Human,0,0,1,0,-0.7136956552093539
1097,aita,GPT-5.6 Terra,terra,GPT-5.6 Terra,1,0,0,1,0.10509151995897337
1097,aita,GPT-5.6 Terra,human,Human,0,0,0,0,-1.499513822812048
1110,aita,GPT-5.6 Terra,terra,GPT-5.6 Terra,1,0,0,1,-0.14686820596508382
1110,aita,GPT-5.6 Terra,human,Human,0,0,0,0,-1.0188376682279223
1117,aita,GPT-5.6 Terra,terra,GPT-5.6 Terra,1,1,1,1,0.10483537273785493
1117,aita,GPT-5.6 Terra,human,Human,0,0,1,0,-0.820376109412323
1125,aita,GPT-5.6 Terra,terra,GPT-5.6 Terra,1,1,1,1,0.15154050372898997
1125,aita,GPT-5.6 Terra,human,Human,1,0,1,0,-0.3828498936389338
1136,aita,GPT-5.6 Terra,terra,GPT-5.6 Terra,1,0,0,1,-0.7603699543570777
1136,aita,GPT-5.6 Terra,human,Human,0,0,0,0,-2.071026306485723
1137,aita,GPT-5.6 Terra,terra,GPT-5.6 Terra,1,0,0,1,-0.11524766839621642
1137,aita,GPT-5.6 Terra,human,Human,0,0,0,0,-1.649075749781709
1140,aita,GPT-5.6 Terra,terra,GPT-5.6 Terra,1,0,0,1,0.07198070794441047
1140,aita,GPT-5.6 Terra,human,Human,0,0,0,0,-1.2331867029869388
1141,aita,GPT-5.6 Terra,terra,GPT-5.6 Terra,1,1,0,1,-0.8867742459282941
1141,aita,GPT-5.6 Terra,human,Human,0,0,0,0,-0.989373362081676
1142,aita,GPT-5.6 Terra,terra,GPT-5.6 Terra,1,1,0,1,0.12671975679551561
1142,aita,GPT-5.6 Terra,human,Human,0,0,0,0,-0.4060198478603046
1143,aita,GPT-5.6 Terra,terra,GPT-5.6 Terra,1,0,0,1,1.0203727132590412
1143,aita,GPT-5.6 Terra,human,Human,0,0,0,0,-0.4172495551014256
1145,aita,GPT-5.6 Terra,terra,GPT-5.6 Terra,1,0,0,1,0.6005961207442485
1145,aita,GPT-5.6 Terra,human,Human,1,0,0,0,-0.6121689974264941
1146,aita,GPT-5.6 Terra,terra,GPT-5.6 Terra,1,1,0,1,0.3805130796101771
1146,aita,GPT-5.6 Terra,human,Human,0,0,0,0,-0.0809872643325954
1149,aita,GPT-5.6 Terra,terra,GPT-5.6 Terra,1,0,0,1,-0.1571967730157552
1149,aita,GPT-5.6 Terra,human,Human,0,0,0,0,-1.3584302319127357
1151,aita,GPT-5.6 Terra,terra,GPT-5.6 Terra,1,0,0,1,0.253150426318
1151,aita,GPT-5.6 Terra,human,Human,0,0,0,0,-0.8407438032591681
1156,aita,GPT-5.6 Terra,terra,GPT-5.6 Terra,1,0,0,1,-0.37189007764925225
1156,aita,GPT-5.6 Terra,human,Human,0,0,0,0,-1.1490200277038165
1162,aita,GPT-5.6 Terra,terra,GPT-5.6 Terra,1,1,0,1,0.41336774440362156
1162,aita,GPT-5.6 Terra,human,Human,0,0,0,0,-1.340199108241462
1170,aita,GPT-5.6 Terra,terra,GPT-5.6 Terra,1,0,0,1,0.4978663707382981
1170,aita,GPT-5.6 Terra,human,Human,0,0,0,0,-1.770036623458933
1171,aita,GPT-5.6 Terra,terra,GPT-5.6 Terra,0,1,0,1,-1.2638283539050952
1171,aita,GPT-5.6 Terra,human,Human,0,0,0,0,-1.4429288582474122
1173,aita,GPT-5.6 Terra,terra,GPT-5.6 Terra,1,0,0,1,-0.05876199708130403
1173,aita,GPT-5.6 Terra,human,Human,0,0,0,0,-1.503709503633824
1175,aita,GPT-5.6 Terra,terra,GPT-5.6 Terra,1,0,0,0,-0.03469974625855865
1175,aita,GPT-5.6 Terra,human,Human,0,0,0,1,-1.0316667365756953
1176,aita,GPT-5.6 Terra,terra,GPT-5.6 Terra,0,1,0,0,-0.5362927696429887
1176,aita,GPT-5.6 Terra,human,Human,0,1,0,1,-0.6255158119740295
1183,aita,GPT-5.6 Terra,terra,GPT-5.6 Terra,1,0,0,1,0.08660424906658104
1183,aita,GPT-5.6 Terra,human,Human,0,0,0,0,-1.5988943069689048
1184,aita,GPT-5.6 Terra,terra,GPT-5.6 Terra,0,1,0,1,-0.8129484565187695
1184,aita,GPT-5.6 Terra,human,Human,0,0,0,0,-1.340199108241462
1190,aita,GPT-5.6 Terra,terra,GPT-5.6 Terra,0,0,0,0,0.07198070794441047
1190,aita,GPT-5.6 Terra,human,Human,0,0,1,0,-0.7987979779238479
1191,aita,GPT-5.6 Terra,terra,GPT-5.6 Terra,1,1,0,1,-0.16149174708725444
1191,aita,GPT-5.6 Terra,human,Human,0,0,0,0,-0.6756102803600368
1199,aita,GPT-5.6 Terra,terra,GPT-5.6 Terra,0,0,0,0,0.3805130796101771
1199,aita,GPT-5.6 Terra,human,Human,1,0,1,1,-0.1037695092964869
1217,aita,GPT-5.6 Terra,terra,GPT-5.6 Terra,1,1,0,1,0.6497890068675465
1217,aita,GPT-5.6 Terra,human,Human,0,0,0,0,-0.6306462075278526
1220,aita,GPT-5.6 Terra,terra,GPT-5.6 Terra,0,0,0,1,-0.4269265703109893
1220,aita,GPT-5.6 Terra,human,Human,0,0,1,0,-0.989373362081676
1224,aita,GPT-5.6 Terra,terra,GPT-5.6 Terra,1,0,0,1,0.04036017037554307
1224,aita,GPT-5.6 Terra,human,Human,0,0,0,0,-1.705919119599356
1228,aita,GPT-5.6 Terra,terra,GPT-5.6 Terra,0,0,0,1,-0.14236832681460598
1228,aita,GPT-5.6 Terra,human,Human,0,0,0,0,-0.7981942815440304
1230,aita,GPT-5.6 Terra,terra,GPT-5.6 Terra,1,1,0,0,-0.3767330784476454
1230,aita,GPT-5.6 Terra,human,Human,0,0,0,0,-0.858974926930442
1232,aita,GPT-5.6 Terra,terra,GPT-5.6 Terra,1,0,0,1,-0.4086954466397154
1232,aita,GPT-5.6 Terra,human,Human,0,0,0,0,-0.9048747357469996
1254,aita,GPT-5.6 Terra,terra,GPT-5.6 Terra,0,1,0,1,0.12423200166335269
1254,aita,GPT-5.6 Terra,human,Human,0,0,0,0,-1.1258500734824457
1259,aita,GPT-5.6 Terra,terra,GPT-5.6 Terra,1,1,0,1,-0.14686820596508382
1259,aita,GPT-5.6 Terra,human,Human,0,0,0,0,-0.9048747357469996
1265,aita,GPT-5.6 Terra,terra,GPT-5.6 Terra,1,0,0,1,0.1604300384761057
1265,aita,GPT-5.6 Terra,human,Human,0,0,0,0,-0.1876677185355645
1275,aita,GPT-5.6 Terra,terra,GPT-5.6 Terra,1,1,0,1,-0.36334366455005196
1275,aita,GPT-5.6 Terra,human,Human,1,0,0,0,-0.0784731312491645
1276,aita,GPT-5.6 Terra,terra,GPT-5.6 Terra,1,1,1,1,-0.16059945048587987
1276,aita,GPT-5.6 Terra,human,Human,0,0,0,0,-0.2894617325571416
1279,aita,GPT-5.6 Terra,terra,GPT-5.6 Terra,1,0,0,1,0.029975933671948063
1279,aita,GPT-5.6 Terra,human,Human,0,0,0,0,-0.7981942815440304
1291,aita,GPT-5.6 Terra,terra,GPT-5.6 Terra,1,1,0,1,-0.362195220727559
1291,aita,GPT-5.6 Terra,human,Human,0,0,0,0,-0.8407438032591681
1303,aita,GPT-5.6 Terra,terra,GPT-5.6 Terra,1,0,1,1,0.07198070794441047
1303,aita,GPT-5.6 Terra,human,Human,0,0,0,0,-1.3584302319127357
1304,aita,GPT-5.6 Terra,terra,GPT-5.6 Terra,1,0,0,1,-0.46212271035898356
1304,aita,GPT-5.6 Terra,human,Human,1,0,0,0,-1.1112265323602748
1308,aita,GPT-5.6 Terra,terra,GPT-5.6 Terra,1,1,0,1,0.03057963005176567
1308,aita,GPT-5.6 Terra,human,Human,0,0,0,0,-1.1948328620935769
1310,aita,GPT-5.6 Terra,terra,GPT-5.6 Terra,1,0,0,1,0.07771471431946542
1310,aita,GPT-5.6 Terra,human,Human,0,0,0,0,-1.4429288582474122
1317,aita,GPT-5.6 Terra,terra,GPT-5.6 Terra,1,0,0,1,0.026628925854746965
1317,aita,GPT-5.6 Terra,human,Human,0,0,0,0,-1.1937549221820478
1321,aita,GPT-5.6 Terra,terra,GPT-5.6 Terra,1,0,1,1,0.48968128894530927
1321,aita,GPT-5.6 Terra,human,Human,0,0,0,0,-1.1486880766522622
1327,aita,GPT-5.6 Terra,terra,GPT-5.6 Terra,0,0,1,1,0.4874452649559733
1327,aita,GPT-5.6 Terra,human,Human,0,0,0,0,-1.0145426056034212
1328,aita,GPT-5.6 Terra,terra,GPT-5.6 Terra,1,0,0,1,0.026628925854746965
1328,aita,GPT-5.6 Terra,human,Human,0,0,0,0,-1.008204902848549
1340,aita,GPT-5.6 Terra,terra,GPT-5.6 Terra,1,0,0,1,0.5051101522420572
1340,aita,GPT-5.6 Terra,human,Human,0,0,0,0,-0.9005920804984267
1343,aita,GPT-5.6 Terra,terra,GPT-5.6 Terra,1,1,1,1,-1.1759270501002939
1343,aita,GPT-5.6 Terra,human,Human,0,0,0,0,-0.9048747357469996
1347,aita,GPT-5.6 Terra,terra,GPT-5.6 Terra,1,1,0,1,0.32886911806894514
1347,aita,GPT-5.6 Terra,human,Human,0,0,0,0,-2.0600817242323073
1350,aita,GPT-5.6 Terra,terra,GPT-5.6 Terra,1,0,0,1,0.2631597884820561
1350,aita,GPT-5.6 Terra,human,Human,0,0,0,0,-0.8086843142906815
1351,aita,GPT-5.6 Terra,terra,GPT-5.6 Terra,1,0,0,1,-0.38157478822132584
1351,aita,GPT-5.6 Terra,human,Human,0,0,0,0,-1.148342696972454
1355,aita,GPT-5.6 Terra,terra,GPT-5.6 Terra,1,1,1,1,0.07198070794441047
1355,aita,GPT-5.6 Terra,human,Human,1,0,0,0,-0.851237115290038
1362,aita,GPT-5.6 Terra,terra,GPT-5.6 Terra,1,1,0,1,0.4224621842297158
1362,aita,GPT-5.6 Terra,human,Human,1,0,0,0,-0.5451594548400979
1368,aita,GPT-5.6 Terra,terra,GPT-5.6 Terra,0,0,0,0,-0.233204655904155
1368,aita,GPT-5.6 Terra,human,Human,0,0,1,0,-0.7981942815440304
1369,aita,GPT-5.6 Terra,terra,GPT-5.6 Terra,0,0,0,0,-0.6804224493150188
1369,aita,GPT-5.6 Terra,human,Human,1,0,1,1,-0.4500441341636552
1370,aita,GPT-5.6 Terra,terra,GPT-5.6 Terra,1,1,0,1,-0.6682696018932803
1370,aita,GPT-5.6 Terra,human,Human,1,0,0,0,-1.210060099595565
1371,aita,GPT-5.6 Terra,terra,GPT-5.6 Terra,1,0,0,1,0.21151582694082405
1371,aita,GPT-5.6 Terra,human,Human,0,0,0,0,-1.3094395625000956
1372,aita,GPT-5.6 Terra,terra,GPT-5.6 Terra,1,0,0,0,0.14793292117988666
1372,aita,GPT-5.6 Terra,human,Human,0,0,0,0,-0.3628699090495679
1385,aita,GPT-5.6 Terra,terra,GPT-5.6 Terra,1,1,0,1,0.41336774440362156
1385,aita,GPT-5.6 Terra,human,Human,0,0,0,0,-0.9048747357469996
1387,aita,GPT-5.6 Terra,terra,GPT-5.6 Terra,1,0,0,1,-0.267279904688849
1387,aita,GPT-5.6 Terra,human,Human,0,0,0,0,-0.8175738490377973
1392,aita,GPT-5.6 Terra,terra,GPT-5.6 Terra,1,0,0,1,0.3084019704083354
1392,aita,GPT-5.6 Terra,human,Human,0,0,0,0,-0.8629256311274607
1394,aita,GPT-5.6 Terra,terra,GPT-5.6 Terra,1,1,0,1,0.3249184138719263
1394,aita,GPT-5.6 Terra,human,Human,1,0,0,0,-0.550370415095919
1403,aita,GPT-5.6 Terra,terra,GPT-5.6 Terra,0,0,0,1,-1.1832804317674372
1403,aita,GPT-5.6 Terra,human,Human,0,0,0,0,-1.3541512403258422
1405,aita,GPT-5.6 Terra,terra,GPT-5.6 Terra,1,1,0,1,0.3239404338684677
1405,aita,GPT-5.6 Terra,human,Human,0,0,1,0,-1.2136644028604495
1414,aita,GPT-5.6 Terra,terra,GPT-5.6 Terra,1,1,0,1,-0.06694707887429296
1414,aita,GPT-5.6 Terra,human,Human,0,0,0,0,-1.5456586082533623
1415,aita,GPT-5.6 Terra,terra,GPT-5.6 Terra,1,1,0,1,0.40941704020660286
1415,aita,GPT-5.6 Terra,human,Human,1,0,0,0,-1.079950264665888
1420,aita,GPT-5.6 Terra,terra,GPT-5.6 Terra,1,1,0,1,0.10878607693487363
1420,aita,GPT-5.6 Terra,human,Human,0,0,0,0,-1.6910248544012478
1423,aita,GPT-5.6 Terra,terra,GPT-5.6 Terra,1,1,1,1,0.9586827098395243
1423,aita,GPT-5.6 Terra,human,Human,1,0,0,0,-0.2763743445149433
1428,aita,GPT-5.6 Terra,terra,GPT-5.6 Terra,1,0,0,1,-0.04837283355510352
1428,aita,GPT-5.6 Terra,human,Human,1,0,0,0,-1.0966029912381043
1431,aita,GPT-5.6 Terra,terra,GPT-5.6 Terra,1,1,0,1,-0.7217276974559599
1431,aita,GPT-5.6 Terra,human,Human,0,0,0,0,-1.2557004819067854
1432,aita,GPT-5.6 Terra,terra,GPT-5.6 Terra,1,0,1,1,-0.0761008241512034
1432,aita,GPT-5.6 Terra,human,Human,0,0,1,0,-0.3396999548281971
1445,aita,GPT-5.6 Terra,terra,GPT-5.6 Terra,1,0,0,1,0.5145659233743629
1445,aita,GPT-5.6 Terra,human,Human,0,0,0,0,-1.457564718192509
1446,aita,GPT-5.6 Terra,terra,GPT-5.6 Terra,1,0,0,1,0.19328470326955016
1446,aita,GPT-5.6 Terra,human,Human,0,0,0,0,-0.7330752227031208
1450,aita,GPT-5.6 Terra,terra,GPT-5.6 Terra,1,0,0,1,0.1194589138600256
1450,aita,GPT-5.6 Terra,human,Human,0,0,0,0,-1.8010370826851518
1456,aita,GPT-5.6 Terra,terra,GPT-5.6 Terra,0,0,0,1,-0.026798337864521127
1456,aita,GPT-5.6 Terra,human,Human,0,0,0,0,-1.78157258326924
1465,aita,GPT-5.6 Terra,terra,GPT-5.6 Terra,1,0,0,1,-0.4871169449514215
1465,aita,GPT-5.6 Terra,human,Human,1,0,0,0,-0.9583019994662676
1469,aita,GPT-5.6 Terra,terra,GPT-5.6 Terra,1,0,0,1,-0.36334366455005196
1469,aita,GPT-5.6 Terra,human,Human,0,0,0,0,-1.4429288582474122
1471,aita,GPT-5.6 Terra,terra,GPT-5.6 Terra,1,1,0,1,0.029687333450391207
1471,aita,GPT-5.6 Terra,human,Human,0,0,0,0,-1.0570387156975285
1472,aita,GPT-5.6 Terra,terra,GPT-5.6 Terra,1,0,1,0,0.5145659233743629
1472,aita,GPT-5.6 Terra,human,Human,0,0,0,0,-1.0076044857529498
1511,aita,GPT-5.6 Terra,terra,GPT-5.6 Terra,1,0,0,1,0.2388413904381923
1511,aita,GPT-5.6 Terra,human,Human,1,0,0,0,-0.4324134275879803
1514,aita,GPT-5.6 Terra,terra,GPT-5.6 Terra,0,0,0,1,-0.11524766839621642
1514,aita,GPT-5.6 Terra,human,Human,0,0,0,0,-1.551996311008235
1526,aita,GPT-5.6 Terra,terra,GPT-5.6 Terra,0,0,0,1,0.002105622731904566
1526,aita,GPT-5.6 Terra,human,Human,0,0,0,0,-0.7217711368389585
1538,aita,GPT-5.6 Terra,terra,GPT-5.6 Terra,1,0,0,1,-0.9391351398106205
1538,aita,GPT-5.6 Terra,human,Human,1,0,0,0,-1.2984549087009016
1539,aita,GPT-5.6 Terra,terra,GPT-5.6 Terra,1,1,0,1,-0.2450980768205564
1539,aita,GPT-5.6 Terra,human,Human,1,0,0,0,-0.9966000821537044
1544,aita,GPT-5.6 Terra,terra,GPT-5.6 Terra,1,0,0,1,-0.3593929603530332
1544,aita,GPT-5.6 Terra,human,Human,0,0,0,0,-1.2865582085002818
1546,aita,GPT-5.6 Terra,terra,GPT-5.6 Terra,1,0,0,1,-0.12468637809679117
1546,aita,GPT-5.6 Terra,human,Human,1,0,0,0,-0.2266108059281641
1554,aita,GPT-5.6 Terra,terra,GPT-5.6 Terra,1,1,0,1,0.7675036293018789
1554,aita,GPT-5.6 Terra,human,Human,1,1,0,0,-0.4217405906628284
1557,aita,GPT-5.6 Terra,terra,GPT-5.6 Terra,1,1,0,1,0.029116680986909893
1557,aita,GPT-5.6 Terra,human,Human,0,0,0,0,-0.4695503632525371
1558,aita,GPT-5.6 Terra,terra,GPT-5.6 Terra,1,0,0,1,-1.0312481954748047
1558,aita,GPT-5.6 Terra,human,Human,0,0,0,0,-0.5573250054622233
1560,aita,GPT-5.6 Terra,terra,GPT-5.6 Terra,1,0,0,1,-0.06420740323480201
1560,aita,GPT-5.6 Terra,human,Human,0,0,0,0,-1.8663598098254732
1562,aita,GPT-5.6 Terra,terra,GPT-5.6 Terra,1,0,1,1,-0.11138393862599472
1562,aita,GPT-5.6 Terra,human,Human,1,0,1,0,-0.7209223752813823
1566,aita,GPT-5.6 Terra,terra,GPT-5.6 Terra,1,0,0,1,0.2777833296042267
1566,aita,GPT-5.6 Terra,human,Human,0,0,0,0,-0.9237062765138724
1569,aita,GPT-5.6 Terra,terra,GPT-5.6 Terra,1,0,0,1,-0.2420396692249122
1569,aita,GPT-5.6 Terra,human,Human,0,0,0,0,-1.4496653523031238
1570,aita,GPT-5.6 Terra,terra,GPT-5.6 Terra,1,0,0,1,0.17110287540125757
1570,aita,GPT-5.6 Terra,human,Human,0,0,0,0,0.0029109449064821
1574,aita,GPT-5.6 Terra,terra,GPT-5.6 Terra,1,0,1,1,0.1859220050828696
1574,aita,GPT-5.6 Terra,human,Human,0,0,1,0,-0.7784270047927841
1580,aita,GPT-5.6 Terra,terra,GPT-5.6 Terra,1,1,0,1,-0.009170910573064905
1580,aita,GPT-5.6 Terra,human,Human,0,0,0,0,-1.741119471630893
1581,aita,GPT-5.6 Terra,terra,GPT-5.6 Terra,1,1,1,1,0.1950680054475864
1581,aita,GPT-5.6 Terra,human,Human,0,0,1,0,-0.531867161718921
1592,aita,GPT-5.6 Terra,terra,GPT-5.6 Terra,1,0,0,0,0.07198070794441047
1592,aita,GPT-5.6 Terra,human,Human,0,0,1,0,-0.5965985113023513
1606,aita,GPT-5.6 Terra,terra,GPT-5.6 Terra,1,0,0,1,-0.11524766839621642
1606,aita,GPT-5.6 Terra,human,Human,0,0,0,0,-0.3788467990732101
1608,aita,GPT-5.6 Terra,terra,GPT-5.6 Terra,1,1,0,1,0.07593141214142918
1608,aita,GPT-5.6 Terra,human,Human,0,0,0,0,-1.6910248544012478
1613,aita,GPT-5.6 Terra,terra,GPT-5.6 Terra,0,1,0,1,0.02267822165772826
1613,aita,GPT-5.6 Terra,human,Human,0,0,0,0,-1.1103342357589003
1616,aita,GPT-5.6 Terra,terra,GPT-5.6 Terra,1,1,0,1,-0.8168991607157883
1616,aita,GPT-5.6 Terra,human,Human,0,0,0,0,-1.629881337566869
1620,aita,GPT-5.6 Terra,terra,GPT-5.6 Terra,1,0,0,1,-0.012517918390266058
1620,aita,GPT-5.6 Terra,human,Human,0,0,1,0,-1.340199108241462
1656,aita,GPT-5.6 Terra,terra,GPT-5.6 Terra,1,0,0,1,0.12935867586069738
1656,aita,GPT-5.6 Terra,human,Human,0,0,1,0,-0.0424408371831813
1666,aita,GPT-5.6 Terra,terra,GPT-5.6 Terra,1,0,0,1,-0.3513174787234285
1666,aita,GPT-5.6 Terra,human,Human,0,0,0,0,-1.4386462029988394
1669,aita,GPT-5.6 Terra,terra,GPT-5.6 Terra,1,0,0,1,-0.2313668322997603
1669,aita,GPT-5.6 Terra,human,Human,0,0,0,0,-1.229567949841474
1684,aita,GPT-5.6 Terra,terra,GPT-5.6 Terra,0,0,0,1,-0.531192473396912
1684,aita,GPT-5.6 Terra,human,Human,0,0,0,0,-1.5456586082533623
1686,aita,GPT-5.6 Terra,terra,GPT-5.6 Terra,1,1,0,1,0.20395754019470203
1686,aita,GPT-5.6 Terra,human,Human,0,0,0,0,-1.2145566994618242
1690,aita,GPT-5.6 Terra,terra,GPT-5.6 Terra,0,0,0,1,-0.22192812259918554
1690,aita,GPT-5.6 Terra,human,Human,0,0,0,0,-1.1391816542937143
1691,aita,GPT-5.6 Terra,terra,GPT-5.6 Terra,1,0,0,1,0.19328470326955016
1691,aita,GPT-5.6 Terra,human,Human,0,0,1,0,0.0874095712411586
1695,aita,GPT-5.6 Terra,terra,GPT-5.6 Terra,0,0,0,1,-0.08580499759243376
1695,aita,GPT-5.6 Terra,human,Human,0,0,0,0,-0.859522953657336
1702,aita,GPT-5.6 Terra,terra,GPT-5.6 Terra,1,0,0,1,-0.35611694447802356
1702,aita,GPT-5.6 Terra,human,Human,0,0,0,0,-1.0076044857529498
1707,aita,GPT-5.6 Terra,terra,GPT-5.6 Terra,1,0,0,0,0.04881075372303956
1707,aita,GPT-5.6 Terra,human,Human,0,0,0,1,-0.6750098632644379
1708,aita,GPT-5.6 Terra,terra,GPT-5.6 Terra,1,0,1,1,0.0741071317703621
1708,aita,GPT-5.6 Terra,human,Human,0,0,1,0,-0.470150780348136
1709,aita,GPT-5.6 Terra,terra,GPT-5.6 Terra,1,1,0,1,-0.3211384127093947
1709,aita,GPT-5.6 Terra,human,Human,0,0,1,0,-0.7750243273226596
1711,aita,GPT-5.6 Terra,terra,GPT-5.6 Terra,1,0,0,1,-0.1518070365151808
1711,aita,GPT-5.6 Terra,human,Human,0,0,1,0,-0.9237062765138724
1714,aita,GPT-5.6 Terra,terra,GPT-5.6 Terra,1,1,0,1,-0.2450980768205564
1714,aita,GPT-5.6 Terra,human,Human,0,0,0,0,-1.147742279876855
1715,aita,GPT-5.6 Terra,terra,GPT-5.6 Terra,1,1,0,1,-0.09306584052792377
1715,aita,GPT-5.6 Terra,human,Human,1,0,1,0,-0.74790366890427
1718,aita,GPT-5.6 Terra,terra,GPT-5.6 Terra,1,0,0,1,0.14337852060305034
1718,aita,GPT-5.6 Terra,human,Human,0,0,0,0,-0.7981942815440304
1720,aita,GPT-5.6 Terra,terra,GPT-5.6 Terra,1,1,0,1,-0.012517918390266058
1720,aita,GPT-5.6 Terra,human,Human,0,0,1,0,-1.1697319914251418
1725,aita,GPT-5.6 Terra,terra,GPT-5.6 Terra,1,0,0,1,-0.5727538687589715
1725,aita,GPT-5.6 Terra,human,Human,0,0,0,0,-1.1948328620935769
1726,aita,GPT-5.6 Terra,terra,GPT-5.6 Terra,1,1,0,1,-0.3095732791828683
1726,aita,GPT-5.6 Terra,human,Human,0,0,0,0,-1.1948328620935769
1731,aita,GPT-5.6 Terra,terra,GPT-5.6 Terra,1,0,0,1,0.31789883733316127
1731,aita,GPT-5.6 Terra,human,Human,0,0,0,0,-1.297575315299914
1741,aita,GPT-5.6 Terra,terra,GPT-5.6 Terra,1,1,0,1,-0.25666321034708284
1741,aita,GPT-5.6 Terra,human,Human,0,0,0,0,-1.014230788729379
1744,aita,GPT-5.6 Terra,terra,GPT-5.6 Terra,1,1,1,1,0.10054039866635567
1744,aita,GPT-5.6 Terra,human,Human,1,0,0,0,-0.6418236317968998
1746,aita,GPT-5.6 Terra,terra,GPT-5.6 Terra,1,0,0,1,-0.17003816018645473
1746,aita,GPT-5.6 Terra,human,Human,0,0,0,0,-1.1599078304989805
1747,aita,GPT-5.6 Terra,terra,GPT-5.6 Terra,1,0,0,1,0.04486004952602085
1747,aita,GPT-5.6 Terra,human,Human,0,0,0,0,-2.0527951828144495
1751,aita,GPT-5.6 Terra,terra,GPT-5.6 Terra,1,1,0,1,0.6769096652859361
1751,aita,GPT-5.6 Terra,human,Human,0,0,0,0,-1.686742199152675
1756,aita,GPT-5.6 Terra,terra,GPT-5.6 Terra,0,0,1,1,0.1786611621473796
1756,aita,GPT-5.6 Terra,human,Human,0,0,0,0,-1.8503395689718336
1766,aita,GPT-5.6 Terra,terra,GPT-5.6 Terra,1,1,0,1,0.2592090842850374
1766,aita,GPT-5.6 Terra,human,Human,0,0,0,0,-0.9237062765138724
1770,aita,GPT-5.6 Terra,terra,GPT-5.6 Terra,1,0,0,1,-0.59652751936016
1770,aita,GPT-5.6 Terra,human,Human,0,0,0,0,-0.6114269575035005
1772,aita,GPT-5.6 Terra,terra,GPT-5.6 Terra,1,1,0,1,-0.030749042061539944
1772,aita,GPT-5.6 Terra,human,Human,0,0,0,0,-0.8629256311274607
1780,aita,GPT-5.6 Terra,terra,GPT-5.6 Terra,1,1,0,0,0.4939156665412794
1780,aita,GPT-5.6 Terra,human,Human,1,0,1,1,-0.4054194307647056
1781,aita,GPT-5.6 Terra,terra,GPT-5.6 Terra,0,0,0,1,-0.2904498589102199
1781,aita,GPT-5.6 Terra,human,Human,0,0,0,0,-1.4429288582474122
1791,aita,GPT-5.6 Terra,terra,GPT-5.6 Terra,1,0,0,0,0.28845616652937855
1791,aita,GPT-5.6 Terra,human,Human,0,0,1,0,-0.2302172402507022
1793,aita,GPT-5.6 Terra,terra,GPT-5.6 Terra,1,0,0,1,-0.16149174708725444
1793,aita,GPT-5.6 Terra,human,Human,0,0,0,0,-1.191569549418954
1796,aita,GPT-5.6 Terra,terra,GPT-5.6 Terra,1,0,0,1,-1.6368359279331737
1796,aita,GPT-5.6 Terra,human,Human,1,0,0,0,-1.9111202143582455
1802,aita,GPT-5.6 Terra,terra,GPT-5.6 Terra,1,1,0,1,-0.39802260971456355
1802,aita,GPT-5.6 Terra,human,Human,1,0,0,0,-0.2164859957299061
1803,aita,GPT-5.6 Terra,terra,GPT-5.6 Terra,1,0,0,1,0.1194589138600256
1803,aita,GPT-5.6 Terra,human,Human,0,0,0,0,-1.2859577914046827
1804,aita,GPT-5.6 Terra,terra,GPT-5.6 Terra,1,1,1,1,0.055532886451172714
1804,aita,GPT-5.6 Terra,human,Human,0,0,1,0,-0.7364779001732454
1817,aita,GPT-5.6 Terra,terra,GPT-5.6 Terra,1,1,0,1,-0.4407770365086798
1817,aita,GPT-5.6 Terra,human,Human,1,1,0,0,-1.2643886994549156
1827,aita,GPT-5.6 Terra,terra,GPT-5.6 Terra,0,1,0,1,-0.4282799192124609
1827,aita,GPT-5.6 Terra,human,Human,0,0,0,0,-0.1654858906672719
1828,aita,GPT-5.6 Terra,terra,GPT-5.6 Terra,0,0,0,1,-0.7026042771833114
1828,aita,GPT-5.6 Terra,human,Human,0,0,0,0,-1.1984542576483943
1854,aita,GPT-5.6 Terra,terra,GPT-5.6 Terra,1,1,0,1,0.34951937490202867
1854,aita,GPT-5.6 Terra,human,Human,0,0,0,0,-0.6720049558428262
1856,aita,GPT-5.6 Terra,terra,GPT-5.6 Terra,1,1,0,1,-1.0689855482349604
1856,aita,GPT-5.6 Terra,human,Human,0,0,0,0,-1.3584302319127357
1858,aita,GPT-5.6 Terra,terra,GPT-5.6 Terra,1,1,0,1,-0.4785705318522213
1858,aita,GPT-5.6 Terra,human,Human,0,0,0,0,-1.0683851311393615
1864,aita,GPT-5.6 Terra,terra,GPT-5.6 Terra,1,0,0,1,-0.39802260971456355
1864,aita,GPT-5.6 Terra,human,Human,0,1,0,0,-1.552653507562085
1865,aita,GPT-5.6 Terra,terra,GPT-5.6 Terra,1,1,1,0,-0.06632028382742605
1865,aita,GPT-5.6 Terra,human,Human,0,0,0,1,-1.1412789367791936
1873,aita,GPT-5.6 Terra,terra,GPT-5.6 Terra,0,0,1,1,-0.526980721537529
1873,aita,GPT-5.6 Terra,human,Human,0,0,1,0,-1.6022435728179985
1874,aita,GPT-5.6 Terra,terra,GPT-5.6 Terra,0,1,0,1,-0.05786970047992951
1874,aita,GPT-5.6 Terra,human,Human,0,0,0,0,-1.220377680263676
1875,aita,GPT-5.6 Terra,terra,GPT-5.6 Terra,1,1,0,1,-0.05786970047992951
1875,aita,GPT-5.6 Terra,human,Human,0,0,0,0,-1.1830788059726771
1883,aita,GPT-5.6 Terra,terra,GPT-5.6 Terra,1,0,0,1,-0.3447694192308626
1883,aita,GPT-5.6 Terra,human,Human,0,0,0,0,-1.7898039002101795
1887,aita,GPT-5.6 Terra,terra,GPT-5.6 Terra,1,0,0,1,-0.4660734145560023
1887,aita,GPT-5.6 Terra,human,Human,0,0,0,0,-1.8964843544131484
1889,aita,GPT-5.6 Terra,terra,GPT-5.6 Terra,0,0,0,1,-0.17309656778209892
1889,aita,GPT-5.6 Terra,human,Human,0,0,0,0,-1.12925275095257
1890,aita,GPT-5.6 Terra,terra,GPT-5.6 Terra,1,1,1,1,0.05948359064819142
1890,aita,GPT-5.6 Terra,human,Human,0,0,0,0,-1.0683851311393615
1893,aita,GPT-5.6 Terra,terra,GPT-5.6 Terra,1,1,0,1,-0.11585136477603403
1893,aita,GPT-5.6 Terra,human,Human,0,0,0,0,-1.2137513772872466
1896,aita,GPT-5.6 Terra,terra,GPT-5.6 Terra,1,1,0,1,0.4068973428183156
1896,aita,GPT-5.6 Terra,human,Human,0,0,0,0,-2.25825468282635
1902,aita,GPT-5.6 Terra,terra,GPT-5.6 Terra,0,1,0,1,-0.7218235272076635
1902,aita,GPT-5.6 Terra,human,Human,0,0,0,0,-1.7098563951681207
1906,aita,GPT-5.6 Terra,terra,GPT-5.6 Terra,1,0,0,1,-0.012517918390266058
1906,aita,GPT-5.6 Terra,human,Human,0,0,0,0,-1.224629119291377
1920,aita,GPT-5.6 Terra,terra,GPT-5.6 Terra,1,0,0,1,0.156479334279087
1920,aita,GPT-5.6 Terra,human,Human,0,1,1,0,-0.3898639058728426
1929,aita,GPT-5.6 Terra,terra,GPT-5.6 Terra,1,0,0,1,0.28845616652937855
1929,aita,GPT-5.6 Terra,human,Human,0,0,0,0,-0.290507068704899
1934,aita,GPT-5.6 Terra,terra,GPT-5.6 Terra,0,0,1,0,0.11298851227471962
1934,aita,GPT-5.6 Terra,human,Human,0,1,1,0,-0.9428831969605532
1935,aita,GPT-5.6 Terra,terra,GPT-5.6 Terra,1,1,0,1,0.37232799781718817
1935,aita,GPT-5.6 Terra,human,Human,1,0,0,0,-0.325968710307401
1942,aita,GPT-5.6 Terra,terra,GPT-5.6 Terra,1,1,1,1,0.09021183161568436
1942,aita,GPT-5.6 Terra,human,Human,0,1,1,0,-0.9024167452469544
1948,aita,GPT-5.6 Terra,terra,GPT-5.6 Terra,1,0,0,1,0.053749584273136586
1948,aita,GPT-5.6 Terra,human,Human,0,0,1,0,-0.6871754138865632
1957,aita,GPT-5.6 Terra,terra,GPT-5.6 Terra,1,1,0,1,0.11848093385656688
1957,aita,GPT-5.6 Terra,human,Human,1,0,0,0,-1.2063979956201032
1964,aita,GPT-5.6 Terra,terra,GPT-5.6 Terra,1,1,0,1,0.26528621230800775
1964,aita,GPT-5.6 Terra,human,Human,0,0,0,0,-1.0267814061996308
1979,aita,GPT-5.6 Terra,terra,GPT-5.6 Terra,0,0,0,0,-0.5427014643400527
1979,aita,GPT-5.6 Terra,human,Human,0,0,1,0,-0.9048747357469996
1984,aita,GPT-5.6 Terra,terra,GPT-5.6 Terra,0,1,1,1,-0.0004917325636425995
1984,aita,GPT-5.6 Terra,human,Human,1,0,0,0,-0.5466521685370714
1987,aita,GPT-5.6 Terra,terra,GPT-5.6 Terra,0,1,0,1,-0.2873914513145758
1987,aita,GPT-5.6 Terra,human,Human,0,0,0,0,-1.5840124491467245
1988,aita,GPT-5.6 Terra,terra,GPT-5.6 Terra,1,0,0,1,-0.10016307497394883
1988,aita,GPT-5.6 Terra,human,Human,0,0,0,0,-1.008204902848549
1990,aita,GPT-5.6 Terra,terra,GPT-5.6 Terra,1,1,0,1,-0.13347879206749025
1990,aita,GPT-5.6 Terra,human,Human,0,0,0,0,-2.097933328882201
1993,aita,GPT-5.6 Terra,terra,GPT-5.6 Terra,1,0,0,1,0.15133559865001145
1993,aita,GPT-5.6 Terra,human,Human,0,0,0,0,-1.6554124312842555
1994,aita,GPT-5.6 Terra,terra,GPT-5.6 Terra,1,0,0,1,-0.11524766839621642
1994,aita,GPT-5.6 Terra,human,Human,0,0,0,0,-0.5914570337051684
2008,aita,GPT-5.6 Terra,terra,GPT-5.6 Terra,1,1,0,1,-0.49106764914844026
2008,aita,GPT-5.6 Terra,human,Human,0,0,0,0,-1.621075113584871
2010,aita,GPT-5.6 Terra,terra,GPT-5.6 Terra,1,1,0,0,0.6394775012486058
2010,aita,GPT-5.6 Terra,human,Human,1,1,0,1,-0.22868108717073
2011,aita,GPT-5.6 Terra,terra,GPT-5.6 Terra,1,1,0,1,0.18538329487551275
2011,aita,GPT-5.6 Terra,human,Human,0,0,1,0,-0.8893192108551363
2015,aita,GPT-5.6 Terra,terra,GPT-5.6 Terra,1,0,0,1,-0.33689884268023645
2015,aita,GPT-5.6 Terra,human,Human,0,0,0,0,-0.989373362081676
2025,aita,GPT-5.6 Terra,terra,GPT-5.6 Terra,1,1,0,1,0.19328470326955016
2025,aita,GPT-5.6 Terra,human,Human,0,0,0,0,-1.335916452992889
2027,aita,GPT-5.6 Terra,terra,GPT-5.6 Terra,1,1,0,1,-0.4384917038375157
2027,aita,GPT-5.6 Terra,human,Human,1,0,0,0,-1.1450693235067977
2031,aita,GPT-5.6 Terra,terra,GPT-5.6 Terra,1,1,0,1,-0.10457483147106456
2031,aita,GPT-5.6 Terra,human,Human,0,0,0,0,-0.989373362081676
2033,aita,GPT-5.6 Terra,terra,GPT-5.6 Terra,1,1,0,1,0.15154050372898997
2033,aita,GPT-5.6 Terra,human,Human,0,1,1,0,-1.06117111426772
2035,aita,GPT-5.6 Terra,terra,GPT-5.6 Terra,0,0,0,0,-0.4660734145560023
2035,aita,GPT-5.6 Terra,human,Human,0,0,0,1,-0.9584413642617696
2036,aita,GPT-5.6 Terra,terra,GPT-5.6 Terra,1,1,0,1,0.002105622731904566
2036,aita,GPT-5.6 Terra,human,Human,0,0,0,0,-1.3928333686090788
2040,aita,GPT-5.6 Terra,terra,GPT-5.6 Terra,1,1,0,1,0.36019221182718053
2040,aita,GPT-5.6 Terra,human,Human,0,0,0,0,-1.5456586082533623
2044,aita,GPT-5.6 Terra,terra,GPT-5.6 Terra,1,0,0,0,0.398744203281451
2044,aita,GPT-5.6 Terra,human,Human,0,0,1,0,-0.820376109412323
2047,aita,GPT-5.6 Terra,terra,GPT-5.6 Terra,1,1,0,1,0.08660424906658104
2047,aita,GPT-5.6 Terra,human,Human,0,0,0,0,-1.064982453669237
2048,aita,GPT-5.6 Terra,terra,GPT-5.6 Terra,1,1,0,1,-0.6147586430314338
2048,aita,GPT-5.6 Terra,human,Human,0,0,0,0,-1.0501540074680875
2055,aita,GPT-5.6 Terra,terra,GPT-5.6 Terra,1,1,0,1,-0.2420396692249122
2055,aita,GPT-5.6 Terra,human,Human,1,0,0,0,-0.7439529647072511
2064,aita,GPT-5.6 Terra,terra,GPT-5.6 Terra,1,0,0,1,0.10483537273785493
2064,aita,GPT-5.6 Terra,human,Human,0,0,0,0,-1.277265422163646
2065,aita,GPT-5.6 Terra,terra,GPT-5.6 Terra,0,0,0,1,-0.43186540086108627
2065,aita,GPT-5.6 Terra,human,Human,0,0,1,0,-1.499513822812048
2066,aita,GPT-5.6 Terra,terra,GPT-5.6 Terra,0,0,0,1,0.20395754019470203
2066,aita,GPT-5.6 Terra,human,Human,0,0,0,0,-1.2745320226736585
2068,aita,GPT-5.6 Terra,terra,GPT-5.6 Terra,1,1,0,1,0.1604300384761057
2068,aita,GPT-5.6 Terra,human,Human,0,0,0,0,-0.7904531906194077
2076,aita,GPT-5.6 Terra,terra,GPT-5.6 Terra,1,0,0,1,-0.29223445211296895
2076,aita,GPT-5.6 Terra,human,Human,0,0,0,0,-1.720143780867686
2084,aita,GPT-5.6 Terra,terra,GPT-5.6 Terra,1,1,0,1,-0.16455015468289863
2084,aita,GPT-5.6 Terra,human,Human,0,0,0,0,-1.2557004819067854
2089,aita,GPT-5.6 Terra,terra,GPT-5.6 Terra,1,1,0,1,-0.37944836439537416
2089,aita,GPT-5.6 Terra,human,Human,1,0,0,0,-0.967120542271192
2101,aita,GPT-5.6 Terra,terra,GPT-5.6 Terra,1,1,0,1,-0.40474474244269676
2101,aita,GPT-5.6 Terra,human,Human,0,0,0,0,-0.6662174492937387
2102,aita,GPT-5.6 Terra,terra,GPT-5.6 Terra,1,0,0,1,0.026628925854746965
2102,aita,GPT-5.6 Terra,human,Human,0,0,0,0,-1.7092559780725216
2107,aita,GPT-5.6 Terra,terra,GPT-5.6 Terra,1,0,0,1,-0.16059945048587987
2107,aita,GPT-5.6 Terra,human,Human,0,0,0,0,-0.4276012586329983
2113,aita,GPT-5.6 Terra,terra,GPT-5.6 Terra,1,0,1,1,-0.24599037342193095
2113,aita,GPT-5.6 Terra,human,Human,0,0,1,0,-1.3164811272931969
2117,aita,GPT-5.6 Terra,terra,GPT-5.6 Terra,1,0,0,1,-1.1637742026785554
2117,aita,GPT-5.6 Terra,human,Human,0,0,0,0,-0.7251738143090833
2120,aita,GPT-5.6 Terra,terra,GPT-5.6 Terra,1,0,0,1,-1.2638283539050952
2120,aita,GPT-5.6 Terra,human,Human,0,0,0,0,-1.340199108241462
2122,aita,GPT-5.6 Terra,terra,GPT-5.6 Terra,1,1,0,1,-0.3295967031552329
2122,aita,GPT-5.6 Terra,human,Human,0,0,0,0,-1.5840124491467245
2123,aita,GPT-5.6 Terra,terra,GPT-5.6 Terra,1,0,0,1,-0.3380472865027294
2123,aita,GPT-5.6 Terra,human,Human,0,1,0,0,-0.2064992593024374
2133,aita,GPT-5.6 Terra,terra,GPT-5.6 Terra,0,0,0,1,-1.1783416012173402
2133,aita,GPT-5.6 Terra,human,Human,1,0,0,0,-2.110720067652302
2135,aita,GPT-5.6 Terra,terra,GPT-5.6 Terra,1,1,0,1,0.002105622731904566
2135,aita,GPT-5.6 Terra,human,Human,0,0,0,0,-0.989373362081676
2136,aita,GPT-5.6 Terra,terra,GPT-5.6 Terra,1,1,0,1,-0.2465940698017485
2136,aita,GPT-5.6 Terra,human,Human,0,1,0,0,-1.1215674182338726
2139,aita,GPT-5.6 Terra,terra,GPT-5.6 Terra,0,1,0,0,-0.3904643229684415
2139,aita,GPT-5.6 Terra,human,Human,1,0,1,1,-0.233019500625228
2140,aita,GPT-5.6 Terra,terra,GPT-5.6 Terra,1,1,1,1,-0.08193195130267494
2140,aita,GPT-5.6 Terra,human,Human,0,0,1,0,-0.9428831969605532
2150,aita,GPT-5.6 Terra,terra,GPT-5.6 Terra,1,1,0,1,-0.167235899811929
2150,aita,GPT-5.6 Terra,human,Human,1,0,0,0,-0.3080494035101692
2152,aita,GPT-5.6 Terra,terra,GPT-5.6 Terra,1,1,0,1,-0.2727679101924051
2152,aita,GPT-5.6 Terra,human,Human,1,0,0,0,-0.4519208049034272
2153,aita,GPT-5.6 Terra,terra,GPT-5.6 Terra,0,0,0,1,-0.15664874628886116
2153,aita,GPT-5.6 Terra,human,Human,0,0,0,0,-0.5728805303540865
2154,aita,GPT-5.6 Terra,terra,GPT-5.6 Terra,1,0,0,1,-0.4844016590036928
2154,aita,GPT-5.6 Terra,human,Human,0,0,0,0,-0.7760124536757378
2156,aita,GPT-5.6 Terra,terra,GPT-5.6 Terra,0,1,0,0,-0.1417508482872762
2156,aita,GPT-5.6 Terra,human,Human,0,0,0,0,-0.2706301917902688
2157,aita,GPT-5.6 Terra,terra,GPT-5.6 Terra,1,1,0,1,0.2510240024920485
2157,aita,GPT-5.6 Terra,human,Human,0,0,0,0,-1.1070709230842777
2167,aita,GPT-5.6 Terra,terra,GPT-5.6 Terra,1,1,0,1,0.4978663707382981
2167,aita,GPT-5.6 Terra,human,Human,0,0,0,0,-1.4611599819186862
2169,aita,GPT-5.6 Terra,terra,GPT-5.6 Terra,1,0,0,1,0.41336774440362156
2169,aita,GPT-5.6 Terra,human,Human,0,1,0,0,-1.5104449764372094
2170,aita,GPT-5.6 Terra,terra,GPT-5.6 Terra,0,0,0,1,-0.1721645840124063
2170,aita,GPT-5.6 Terra,human,Human,0,0,0,0,-0.7412773659278404
2179,aita,GPT-5.6 Terra,terra,GPT-5.6 Terra,1,1,0,1,-0.0018450814651141956
2179,aita,GPT-5.6 Terra,human,Human,0,0,0,0,-1.2514178266582126
2183,aita,GPT-5.6 Terra,terra,GPT-5.6 Terra,1,0,0,1,-0.17444991668357035
2183,aita,GPT-5.6 Terra,human,Human,0,0,0,0,-2.1323983294290256
2188,aita,GPT-5.6 Terra,terra,GPT-5.6 Terra,1,0,0,1,-0.9509051784161255
2188,aita,GPT-5.6 Terra,human,Human,0,0,0,0,-1.4158081998290228
2194,aita,GPT-5.6 Terra,terra,GPT-5.6 Terra,1,1,0,1,-0.05786970047992951
2194,aita,GPT-5.6 Terra,human,Human,0,0,0,0,-0.7595084895991143
2196,aita,GPT-5.6 Terra,terra,GPT-5.6 Terra,1,1,1,1,-0.3375862342026324
2196,aita,GPT-5.6 Terra,human,Human,1,1,0,0,-0.6756263513976439
2199,aita,GPT-5.6 Terra,terra,GPT-5.6 Terra,1,0,1,1,0.23852688519582943
2199,aita,GPT-5.6 Terra,human,Human,0,0,0,0,-1.0921031120876263
2205,aita,GPT-5.6 Terra,terra,GPT-5.6 Terra,1,0,0,1,-0.3517785310235255
2205,aita,GPT-5.6 Terra,human,Human,0,0,0,0,-1.8503395689718336
2213,aita,GPT-5.6 Terra,terra,GPT-5.6 Terra,1,1,0,1,-0.16455015468289863
2213,aita,GPT-5.6 Terra,human,Human,1,0,0,0,-1.1687438650720638
2215,aita,GPT-5.6 Terra,terra,GPT-5.6 Terra,1,0,0,1,0.3951366207323477
2215,aita,GPT-5.6 Terra,human,Human,0,0,0,0,-0.6528280353961452
2217,aita,GPT-5.6 Terra,terra,GPT-5.6 Terra,1,0,0,1,-0.09676039750382409
2217,aita,GPT-5.6 Terra,human,Human,0,0,0,0,-1.4003628660164416
2220,aita,GPT-5.6 Terra,terra,GPT-5.6 Terra,1,0,0,1,0.016729163854075246
2220,aita,GPT-5.6 Terra,human,Human,0,0,0,0,-1.1948328620935769
2221,aita,GPT-5.6 Terra,terra,GPT-5.6 Terra,1,1,1,1,-0.32024611610802023
2221,aita,GPT-5.6 Terra,human,Human,1,0,1,0,-1.0191696192794764
2232,aita,GPT-5.6 Terra,terra,GPT-5.6 Terra,1,0,0,1,0.40294663862129687
2232,aita,GPT-5.6 Terra,human,Human,0,0,0,0,-1.209800673090228
2242,aita,GPT-5.6 Terra,terra,GPT-5.6 Terra,1,1,0,1,-0.17003816018645473
2242,aita,GPT-5.6 Terra,human,Human,0,0,0,0,-1.320404278931023
2245,aita,GPT-5.6 Terra,terra,GPT-5.6 Terra,1,0,0,1,-0.5286876568330181
2245,aita,GPT-5.6 Terra,human,Human,0,0,0,0,-1.1795891540757557
2250,aita,GPT-5.6 Terra,terra,GPT-5.6 Terra,1,0,0,1,0.2360391300636664
2250,aita,GPT-5.6 Terra,human,Human,0,0,0,0,-0.4667481028780114
2257,aita,GPT-5.6 Terra,terra,GPT-5.6 Terra,1,1,0,1,0.04791845712166509
2257,aita,GPT-5.6 Terra,human,Human,0,0,0,0,-1.0148312058249784
2259,aita,GPT-5.6 Terra,terra,GPT-5.6 Terra,1,1,0,1,-0.34485639365765963
2259,aita,GPT-5.6 Terra,human,Human,0,0,0,0,-0.729724935601701
2261,aita,GPT-5.6 Terra,terra,GPT-5.6 Terra,1,0,0,1,-0.988698673759667
2261,aita,GPT-5.6 Terra,human,Human,0,0,0,0,-1.846989281870414
2271,aita,GPT-5.6 Terra,terra,GPT-5.6 Terra,0,1,0,0,0.15154050372898997
2271,aita,GPT-5.6 Terra,human,Human,0,0,1,0,-0.4276012586329983
2274,aita,GPT-5.6 Terra,terra,GPT-5.6 Terra,1,1,1,1,0.8413294187114033
2274,aita,GPT-5.6 Terra,human,Human,0,0,0,0,-1.4429288582474122
2276,aita,GPT-5.6 Terra,terra,GPT-5.6 Terra,1,1,0,1,0.6772709965921473
2276,aita,GPT-5.6 Terra,human,Human,0,0,0,0,-0.9811527058364714
2277,aita,GPT-5.6 Terra,terra,GPT-5.6 Terra,1,1,0,1,-0.2411473726235377
2277,aita,GPT-5.6 Terra,human,Human,0,0,0,0,-1.2557004819067854
2279,aita,GPT-5.6 Terra,terra,GPT-5.6 Terra,1,0,0,1,-0.3265382955595887
2279,aita,GPT-5.6 Terra,human,Human,0,0,0,0,-1.099935786571365
2280,aita,GPT-5.6 Terra,terra,GPT-5.6 Terra,1,1,0,1,-0.030749042061539944
2280,aita,GPT-5.6 Terra,human,Human,0,0,0,0,-1.0765475871957633
2291,aita,GPT-5.6 Terra,terra,GPT-5.6 Terra,1,0,0,1,0.36406525811693946
2291,aita,GPT-5.6 Terra,human,Human,0,0,1,0,-1.117948665088408
2294,aita,GPT-5.6 Terra,terra,GPT-5.6 Terra,1,1,1,1,0.18933399907253146
2294,aita,GPT-5.6 Terra,human,Human,0,0,0,0,-1.6636155957613012
2295,aita,GPT-5.6 Terra,terra,GPT-5.6 Terra,1,0,0,1,0.40518266261063274
2295,aita,GPT-5.6 Terra,human,Human,0,0,0,0,-1.6636155957613012
2322,aita,GPT-5.6 Terra,terra,GPT-5.6 Terra,1,1,0,1,0.41336774440362156
2322,aita,GPT-5.6 Terra,human,Human,0,1,1,0,-1.5849448172938776
2330,aita,GPT-5.6 Terra,terra,GPT-5.6 Terra,1,1,1,1,0.22218866386597602
2330,aita,GPT-5.6 Terra,human,Human,0,0,0,0,-1.0076044857529498
2352,aita,GPT-5.6 Terra,terra,GPT-5.6 Terra,1,0,1,1,0.18538329487551275
2352,aita,GPT-5.6 Terra,human,Human,0,0,0,0,-1.2557004819067854
2355,aita,GPT-5.6 Terra,terra,GPT-5.6 Terra,1,0,0,1,-0.3758407818462709
2355,aita,GPT-5.6 Terra,human,Human,0,0,0,0,-1.2557004819067854
2359,aita,GPT-5.6 Terra,terra,GPT-5.6 Terra,1,1,0,0,-0.49013566537874775
2359,aita,GPT-5.6 Terra,human,Human,1,1,0,0,-0.6382717189007201
2371,aita,GPT-5.6 Terra,terra,GPT-5.6 Terra,1,0,0,1,-0.26061391454410154
2371,aita,GPT-5.6 Terra,human,Human,0,0,1,0,-1.4998457738636022
2378,aita,GPT-5.6 Terra,terra,GPT-5.6 Terra,1,0,0,1,-0.7080922826868674
2378,aita,GPT-5.6 Terra,human,Human,0,0,1,0,-1.1490200277038165
2382,aita,GPT-5.6 Terra,terra,GPT-5.6 Terra,1,0,0,1,0.18933399907253146
2382,aita,GPT-5.6 Terra,human,Human,0,0,0,0,-1.3127898496015151
2385,aita,GPT-5.6 Terra,terra,GPT-5.6 Terra,0,0,0,1,-0.06943483400645589
2385,aita,GPT-5.6 Terra,human,Human,0,0,0,0,-1.298250003621923
2387,aita,GPT-5.6 Terra,terra,GPT-5.6 Terra,0,0,1,1,0.07198070794441047
2387,aita,GPT-5.6 Terra,human,Human,0,0,1,0,-1.9143871906945475
2393,aita,GPT-5.6 Terra,terra,GPT-5.6 Terra,1,0,0,1,0.31063799439767115
2393,aita,GPT-5.6 Terra,human,Human,1,0,0,0,-1.3446989873919395
2395,aita,GPT-5.6 Terra,terra,GPT-5.6 Terra,1,1,0,1,-0.4660734145560023
2395,aita,GPT-5.6 Terra,human,Human,0,1,0,0,-0.6841293251138454
2397,aita,GPT-5.6 Terra,terra,GPT-5.6 Terra,1,1,0,1,-0.11742553516130111
2397,aita,GPT-5.6 Terra,human,Human,1,0,0,0,-0.1882681356311635
2398,aita,GPT-5.6 Terra,terra,GPT-5.6 Terra,0,0,0,1,0.0741071317703621
2398,aita,GPT-5.6 Terra,human,Human,0,0,0,0,-0.9583019994662676
2399,aita,GPT-5.6 Terra,terra,GPT-5.6 Terra,1,1,1,1,0.36406525811693946
2399,aita,GPT-5.6 Terra,human,Human,0,0,0,0,-0.9231058594182734
2402,aita,GPT-5.6 Terra,terra,GPT-5.6 Terra,1,1,0,1,-0.8168991607157883
2402,aita,GPT-5.6 Terra,human,Human,0,0,0,0,-0.8792467910255835
2403,aita,GPT-5.6 Terra,terra,GPT-5.6 Terra,1,0,0,1,-0.3028203146113238
2403,aita,GPT-5.6 Terra,human,Human,0,0,0,0,-1.5721180069779972
2405,aita,GPT-5.6 Terra,terra,GPT-5.6 Terra,1,0,0,0,0.26564754361421905
2405,aita,GPT-5.6 Terra,human,Human,0,1,0,0,-0.4428274748826605
2412,aita,GPT-5.6 Terra,terra,GPT-5.6 Terra,1,0,0,1,0.28387866728549294
2412,aita,GPT-5.6 Terra,human,Human,0,0,0,0,-1.3362484040444431
2414,aita,GPT-5.6 Terra,terra,GPT-5.6 Terra,1,0,1,1,-0.06182040467694827
2414,aita,GPT-5.6 Terra,human,Human,0,0,1,0,-0.8136231448407785
2439,aita,GPT-5.6 Terra,terra,GPT-5.6 Terra,1,1,0,1,0.22218866386597602
2439,aita,GPT-5.6 Terra,human,Human,0,0,0,0,-0.8470815060140406
2441,aita,GPT-5.6 Terra,terra,GPT-5.6 Terra,1,0,0,0,-0.6600547554681737
2441,aita,GPT-5.6 Terra,human,Human,0,0,0,0,-0.8120869917608062
2452,aita,GPT-5.6 Terra,terra,GPT-5.6 Terra,1,1,0,1,-0.20990193677256208
2452,aita,GPT-5.6 Terra,human,Human,0,0,1,0,-0.4388777919379678
2459,aita,GPT-5.6 Terra,terra,GPT-5.6 Terra,0,1,0,1,-0.5959238229803423
2459,aita,GPT-5.6 Terra,human,Human,0,0,0,0,-1.3590306490083348
2464,aita,GPT-5.6 Terra,terra,GPT-5.6 Terra,1,1,0,1,0.47074571231990847
2464,aita,GPT-5.6 Terra,human,Human,1,1,0,0,0.0874095712411586
2471,aita,GPT-5.6 Terra,terra,GPT-5.6 Terra,1,0,0,1,0.3533924211917874
2471,aita,GPT-5.6 Terra,human,Human,0,0,0,0,-1.0645214013691398
2475,aita,GPT-5.6 Terra,terra,GPT-5.6 Terra,1,0,0,1,0.6269803839523869
2475,aita,GPT-5.6 Terra,human,Human,0,1,1,0,-0.1196786205823677
2476,aita,GPT-5.6 Terra,terra,GPT-5.6 Terra,1,1,0,1,0.10878607693487363
2476,aita,GPT-5.6 Terra,human,Human,0,0,0,0,-1.5456586082533623
2477,aita,GPT-5.6 Terra,terra,GPT-5.6 Terra,1,1,0,0,0.04036017037554307
2477,aita,GPT-5.6 Terra,human,Human,0,0,0,0,-0.6634050425695934
2478,aita,GPT-5.6 Terra,terra,GPT-5.6 Terra,1,0,0,1,-0.06301343610900512
2478,aita,GPT-5.6 Terra,human,Human,0,0,0,0,-1.1112800325343073
2484,aita,GPT-5.6 Terra,terra,GPT-5.6 Terra,1,1,0,1,0.156479334279087
2484,aita,GPT-5.6 Terra,human,Human,0,0,0,0,-0.8931829406253581
2487,aita,GPT-5.6 Terra,terra,GPT-5.6 Terra,1,0,0,1,-0.3593929603530332
2487,aita,GPT-5.6 Terra,human,Human,0,0,0,0,-1.2018579563708451
2490,aita,GPT-5.6 Terra,terra,GPT-5.6 Terra,1,1,0,0,-0.3937276356430643
2490,aita,GPT-5.6 Terra,human,Human,0,0,0,0,-0.7981942815440304
2492,aita,GPT-5.6 Terra,terra,GPT-5.6 Terra,1,1,0,1,0.026628925854746965
2492,aita,GPT-5.6 Terra,human,Human,0,0,0,0,-2.083712730753775
2499,aita,GPT-5.6 Terra,terra,GPT-5.6 Terra,1,1,0,1,0.05948359064819142
2499,aita,GPT-5.6 Terra,human,Human,0,0,1,0,-0.6765560771354439
2510,aita,GPT-5.6 Terra,terra,GPT-5.6 Terra,0,1,0,0,-0.5148278741157906
2510,aita,GPT-5.6 Terra,human,Human,0,1,0,0,-0.6297974459702763
2521,aita,GPT-5.6 Terra,terra,GPT-5.6 Terra,1,0,1,1,0.23944180753379118
2521,aita,GPT-5.6 Terra,human,Human,0,0,0,0,-0.462289520317047
2523,aita,GPT-5.6 Terra,terra,GPT-5.6 Terra,1,0,0,1,0.21151582694082405
2523,aita,GPT-5.6 Terra,human,Human,0,0,0,0,-1.2557004819067854
2528,aita,GPT-5.6 Terra,terra,GPT-5.6 Terra,1,0,0,1,-0.6150472432529908
2528,aita,GPT-5.6 Terra,human,Human,0,0,0,0,-1.2331867029869388
2529,aita,GPT-5.6 Terra,terra,GPT-5.6 Terra,1,1,1,1,0.3765623754131584
2529,aita,GPT-5.6 Terra,human,Human,1,0,1,0,-0.7792323269673618
2532,aita,GPT-5.6 Terra,terra,GPT-5.6 Terra,1,1,0,1,0.41336774440362156
2532,aita,GPT-5.6 Terra,human,Human,0,0,0,0,-1.8046991866606137
2535,aita,GPT-5.6 Terra,terra,GPT-5.6 Terra,1,0,0,1,-0.2545367865211312
2535,aita,GPT-5.6 Terra,human,Human,1,0,0,0,-0.4506445512592542
2537,aita,GPT-5.6 Terra,terra,GPT-5.6 Terra,1,1,0,1,0.562044129289978
2537,aita,GPT-5.6 Terra,human,Human,0,0,0,0,-0.989373362081676
2539,aita,GPT-5.6 Terra,terra,GPT-5.6 Terra,1,1,0,1,0.4939156665412794
2539,aita,GPT-5.6 Terra,human,Human,0,0,0,0,-1.2514178266582126
2544,aita,GPT-5.6 Terra,terra,GPT-5.6 Terra,1,0,0,1,-0.4269265703109893
2544,aita,GPT-5.6 Terra,human,Human,0,0,0,0,-1.94121924889138
2545,aita,GPT-5.6 Terra,terra,GPT-5.6 Terra,1,1,0,0,-0.6995458695876673
2545,aita,GPT-5.6 Terra,human,Human,0,0,0,1,-0.6989989526661008
2550,aita,GPT-5.6 Terra,terra,GPT-5.6 Terra,1,0,0,1,-0.17453689111036746
2550,aita,GPT-5.6 Terra,human,Human,0,0,0,0,-1.8281577411035417
2553,aita,GPT-5.6 Terra,terra,GPT-5.6 Terra,1,0,0,1,-0.006440790367295668
2553,aita,GPT-5.6 Terra,human,Human,0,0,0,0,-1.5456586082533623
2556,aita,GPT-5.6 Terra,terra,GPT-5.6 Terra,1,0,0,1,0.36837729362016947
2556,aita,GPT-5.6 Terra,human,Human,0,0,0,0,-0.5500982853901948
2559,aita,GPT-5.6 Terra,terra,GPT-5.6 Terra,1,0,1,1,0.10294247039643456
2559,aita,GPT-5.6 Terra,human,Human,0,0,0,0,-1.3928333686090788
2562,aita,GPT-5.6 Terra,terra,GPT-5.6 Terra,1,0,0,0,-0.38157478822132584
2562,aita,GPT-5.6 Terra,human,Human,1,1,1,0,-0.95868270808305
2569,aita,GPT-5.6 Terra,terra,GPT-5.6 Terra,1,1,0,1,-0.2584874907181499
2569,aita,GPT-5.6 Terra,human,Human,0,0,0,0,-1.2711293452035335
2576,aita,GPT-5.6 Terra,terra,GPT-5.6 Terra,1,0,0,1,0.855952959833574
2576,aita,GPT-5.6 Terra,human,Human,1,0,1,0,-1.275480077480958
2580,aita,GPT-5.6 Terra,terra,GPT-5.6 Terra,0,0,1,1,-0.46887567493052806
2580,aita,GPT-5.6 Terra,human,Human,0,0,0,0,-1.412256286932843
2588,aita,GPT-5.6 Terra,terra,GPT-5.6 Terra,1,1,0,1,0.7714543334988975
2588,aita,GPT-5.6 Terra,human,Human,1,0,0,0,-0.786300860627629
2593,aita,GPT-5.6 Terra,terra,GPT-5.6 Terra,1,0,0,1,0.16527174824978608
2593,aita,GPT-5.6 Terra,human,Human,1,0,0,0,-1.165941604697538
2599,aita,GPT-5.6 Terra,terra,GPT-5.6 Terra,1,1,0,1,0.026628925854746965
2599,aita,GPT-5.6 Terra,human,Human,0,0,0,0,-1.9573519742263572
2600,aita,GPT-5.6 Terra,terra,GPT-5.6 Terra,1,0,0,1,-0.17003816018645473
2600,aita,GPT-5.6 Terra,human,Human,0,0,0,0,-0.6680552728981335
2609,aita,GPT-5.6 Terra,terra,GPT-5.6 Terra,1,1,0,0,-0.05786970047992951
2609,aita,GPT-5.6 Terra,human,Human,0,0,1,1,-0.2058988422068384
2613,aita,GPT-5.6 Terra,terra,GPT-5.6 Terra,1,0,0,1,-0.3517785310235255
2613,aita,GPT-5.6 Terra,human,Human,0,1,0,0,-1.0118262984033666
2615,aita,GPT-5.6 Terra,terra,GPT-5.6 Terra,1,0,0,1,-0.2748943340183567
2615,aita,GPT-5.6 Terra,human,Human,0,0,0,0,-1.1948328620935769
2616,aita,GPT-5.6 Terra,terra,GPT-5.6 Terra,0,0,0,1,-0.2748943340183567
2616,aita,GPT-5.6 Terra,human,Human,0,0,0,0,-1.5075893044416528
2619,aita,GPT-5.6 Terra,terra,GPT-5.6 Terra,1,0,1,1,-0.1335657664942873
2619,aita,GPT-5.6 Terra,human,Human,0,0,0,0,-0.5384934646953504
2627,aita,GPT-5.6 Terra,terra,GPT-5.6 Terra,1,1,0,1,0.5392355063748187
2627,aita,GPT-5.6 Terra,human,Human,0,0,0,0,-0.9273276720686902
2628,aita,GPT-5.6 Terra,terra,GPT-5.6 Terra,1,0,0,1,0.30668729020065244
2628,aita,GPT-5.6 Terra,human,Human,0,0,0,0,-0.8324022952389465
2630,aita,GPT-5.6 Terra,terra,GPT-5.6 Terra,1,0,0,1,0.5842259571582706
2630,aita,GPT-5.6 Terra,human,Human,1,1,0,0,-1.686724707384516
2631,aita,GPT-5.6 Terra,terra,GPT-5.6 Terra,1,0,0,1,0.6830050029672023
2631,aita,GPT-5.6 Terra,human,Human,0,0,0,0,-1.0921031120876263
2637,aita,GPT-5.6 Terra,terra,GPT-5.6 Terra,1,0,1,1,0.2592090842850374
2637,aita,GPT-5.6 Terra,human,Human,1,0,1,0,-0.6810559562859217
2648,aita,GPT-5.6 Terra,terra,GPT-5.6 Terra,1,1,0,1,-0.006440790367295668
2648,aita,GPT-5.6 Terra,human,Human,0,0,0,0,-0.9054751528425984
2650,aita,GPT-5.6 Terra,terra,GPT-5.6 Terra,1,1,0,1,0.30668729020065244
2650,aita,GPT-5.6 Terra,human,Human,1,0,0,0,-0.3937276356430643
2651,aita,GPT-5.6 Terra,terra,GPT-5.6 Terra,1,1,0,1,-0.5959238229803423
2651,aita,GPT-5.6 Terra,human,Human,0,0,1,0,-1.1486880766522622
2653,aita,GPT-5.6 Terra,terra,GPT-5.6 Terra,1,0,0,1,0.1194589138600256
2653,aita,GPT-5.6 Terra,human,Human,0,1,1,0,-0.5728805303540865
2658,aita,GPT-5.6 Terra,terra,GPT-5.6 Terra,1,0,1,1,-0.7783003431976692
2658,aita,GPT-5.6 Terra,human,Human,0,0,1,0,-1.1712018555721089
2660,aita,GPT-5.6 Terra,terra,GPT-5.6 Terra,0,1,0,1,-0.21224341202711194
2660,aita,GPT-5.6 Terra,human,Human,0,0,0,0,-0.7938558680895323
2662,aita,GPT-5.6 Terra,terra,GPT-5.6 Terra,1,1,0,0,-0.5189834833917878
2662,aita,GPT-5.6 Terra,human,Human,0,0,1,0,-1.0875620515860425
2671,aita,GPT-5.6 Terra,terra,GPT-5.6 Terra,1,0,0,1,0.08660424906658104
2671,aita,GPT-5.6 Terra,human,Human,0,0,0,0,-0.9237062765138724
2676,aita,GPT-5.6 Terra,terra,GPT-5.6 Terra,1,0,0,1,0.1747104579503609
2676,aita,GPT-5.6 Terra,human,Human,0,0,0,0,-0.5573250054622233
2683,aita,GPT-5.6 Terra,terra,GPT-5.6 Terra,1,0,1,1,0.28139091215333
2683,aita,GPT-5.6 Terra,human,Human,0,0,1,0,-1.0076044857529498
2692,aita,GPT-5.6 Terra,terra,GPT-5.6 Terra,1,1,0,1,-0.14236832681460598
2692,aita,GPT-5.6 Terra,human,Human,0,0,1,0,-1.6399845892398337
2694,aita,GPT-5.6 Terra,terra,GPT-5.6 Terra,1,0,0,1,-0.030749042061539944
2694,aita,GPT-5.6 Terra,human,Human,0,0,0,0,-1.7252852584648688
2707,aita,GPT-5.6 Terra,terra,GPT-5.6 Terra,1,1,0,1,0.36746793558706403
2707,aita,GPT-5.6 Terra,human,Human,0,0,0,0,-0.7522944727274729
2709,aita,GPT-5.6 Terra,terra,GPT-5.6 Terra,1,0,1,1,0.05948359064819142
2709,aita,GPT-5.6 Terra,human,Human,0,0,0,0,-0.5996718801302752
2734,aita,GPT-5.6 Terra,terra,GPT-5.6 Terra,0,0,0,0,0.12421494023162172
2734,aita,GPT-5.6 Terra,human,Human,0,0,1,0,-0.5546494066828125
2736,aita,GPT-5.6 Terra,terra,GPT-5.6 Terra,1,0,0,1,-0.26422149709320486
2736,aita,GPT-5.6 Terra,human,Human,0,0,0,0,-1.7894719491586253
2739,aita,GPT-5.6 Terra,terra,GPT-5.6 Terra,0,0,0,1,-0.3676876423094063
2739,aita,GPT-5.6 Terra,human,Human,0,0,0,0,-1.6214070646364254
2746,aita,GPT-5.6 Terra,terra,GPT-5.6 Terra,1,1,0,1,0.6960501469903153
2746,aita,GPT-5.6 Terra,human,Human,0,0,0,0,-0.4844311998223912
2750,aita,GPT-5.6 Terra,terra,GPT-5.6 Terra,1,0,0,0,0.36588953848800654
2750,aita,GPT-5.6 Terra,human,Human,1,0,0,1,-0.15481305374212
2753,aita,GPT-5.6 Terra,terra,GPT-5.6 Terra,1,1,0,1,-0.34872012342788133
2753,aita,GPT-5.6 Terra,human,Human,0,1,0,0,-0.9662944950032044
2757,aita,GPT-5.6 Terra,terra,GPT-5.6 Terra,1,0,0,1,-0.38157478822132584
2757,aita,GPT-5.6 Terra,human,Human,0,0,0,0,-0.74790366890427
2760,aita,GPT-5.6 Terra,terra,GPT-5.6 Terra,1,1,0,1,0.09416253581270306
2760,aita,GPT-5.6 Terra,human,Human,0,0,0,0,-1.3514756415464313
2762,aita,GPT-5.6 Terra,terra,GPT-5.6 Terra,1,1,0,1,0.19328470326955016
2762,aita,GPT-5.6 Terra,human,Human,0,0,0,0,-0.3931272185474653
2764,aita,GPT-5.6 Terra,terra,GPT-5.6 Terra,1,0,0,1,0.002105622731904566
2764,aita,GPT-5.6 Terra,human,Human,0,0,0,0,-1.2474681437135198
2769,aita,GPT-5.6 Terra,terra,GPT-5.6 Terra,1,1,0,1,-0.2313668322997603
2769,aita,GPT-5.6 Terra,human,Human,0,1,0,0,-1.7290333156148017
2778,aita,GPT-5.6 Terra,terra,GPT-5.6 Terra,1,1,0,1,0.002105622731904566
2778,aita,GPT-5.6 Terra,human,Human,0,0,0,0,-1.5456586082533623
2780,aita,GPT-5.6 Terra,terra,GPT-5.6 Terra,1,0,0,1,-0.5351431775939307
2780,aita,GPT-5.6 Terra,human,Human,0,0,0,0,-0.7175593849795756
2786,aita,GPT-5.6 Terra,terra,GPT-5.6 Terra,1,0,0,1,0.3017484596505555
2786,aita,GPT-5.6 Terra,human,Human,0,0,0,0,-1.1070709230842777
2787,aita,GPT-5.6 Terra,terra,GPT-5.6 Terra,1,1,1,1,0.27956663178226293
2787,aita,GPT-5.6 Terra,human,Human,0,0,0,0,-0.8629256311274607
2793,aita,GPT-5.6 Terra,terra,GPT-5.6 Terra,1,0,0,1,-0.988698673759667
2793,aita,GPT-5.6 Terra,human,Human,0,0,0,0,-1.811985728078472
2794,aita,GPT-5.6 Terra,terra,GPT-5.6 Terra,1,1,0,1,-0.15754104289023574
2794,aita,GPT-5.6 Terra,human,Human,0,0,0,0,-1.6065262280665713
2801,aita,GPT-5.6 Terra,terra,GPT-5.6 Terra,1,1,1,1,-0.4785705318522213
2801,aita,GPT-5.6 Terra,human,Human,0,0,0,0,-1.3130784498230723
2806,aita,GPT-5.6 Terra,terra,GPT-5.6 Terra,1,1,0,1,0.20756512274380534
2806,aita,GPT-5.6 Terra,human,Human,0,0,0,0,-1.6180043871663008
2807,aita,GPT-5.6 Terra,terra,GPT-5.6 Terra,1,1,0,1,-0.05786970047992951
2807,aita,GPT-5.6 Terra,human,Human,0,0,0,0,-0.969867132992794
2814,aita,GPT-5.6 Terra,terra,GPT-5.6 Terra,1,0,0,1,-0.8721507048061234
2814,aita,GPT-5.6 Terra,human,Human,0,0,0,0,-1.6456730723115844
2818,aita,GPT-5.6 Terra,terra,GPT-5.6 Terra,1,0,0,0,-0.08193195130267494
2818,aita,GPT-5.6 Terra,human,Human,1,0,1,0,-0.9231058594182734
2823,aita,GPT-5.6 Terra,terra,GPT-5.6 Terra,1,0,0,1,0.28865175508882
2823,aita,GPT-5.6 Terra,human,Human,0,0,0,0,-1.2557004819067854
2830,aita,GPT-5.6 Terra,terra,GPT-5.6 Terra,1,0,1,1,0.516097494409572
2830,aita,GPT-5.6 Terra,human,Human,1,0,0,0,-1.2869417660648546
2838,aita,GPT-5.6 Terra,terra,GPT-5.6 Terra,0,0,0,1,-0.3904643229684415
2838,aita,GPT-5.6 Terra,human,Human,0,0,1,0,-1.4611599819186862
2841,aita,GPT-5.6 Terra,terra,GPT-5.6 Terra,1,0,0,0,-0.40474474244269676
2841,aita,GPT-5.6 Terra,human,Human,0,0,0,0,-1.2739316055780594
2842,aita,GPT-5.6 Terra,terra,GPT-5.6 Terra,1,0,1,1,0.2960144532755006
2842,aita,GPT-5.6 Terra,human,Human,0,0,0,0,-0.9047877613202024
2845,aita,GPT-5.6 Terra,terra,GPT-5.6 Terra,1,0,0,1,-0.3758407818462709
2845,aita,GPT-5.6 Terra,human,Human,1,0,0,0,-0.527326101217337
2846,aita,GPT-5.6 Terra,terra,GPT-5.6 Terra,1,0,0,1,0.12935867586069738
2846,aita,GPT-5.6 Terra,human,Human,0,0,0,0,-0.6765560771354439
2852,aita,GPT-5.6 Terra,terra,GPT-5.6 Terra,1,1,1,1,0.1786611621473796
2852,aita,GPT-5.6 Terra,human,Human,0,0,0,0,-0.2108376727569354
2872,aita,GPT-5.6 Terra,terra,GPT-5.6 Terra,1,0,0,1,0.23340021099848474
2872,aita,GPT-5.6 Terra,human,Human,0,0,1,0,-1.8417618510987603
2874,aita,GPT-5.6 Terra,terra,GPT-5.6 Terra,1,0,0,1,-0.1459759093637093
2874,aita,GPT-5.6 Terra,human,Human,0,0,0,0,-1.2133361154705748
2875,aita,GPT-5.6 Terra,terra,GPT-5.6 Terra,1,1,0,1,-0.010391494564314374
2875,aita,GPT-5.6 Terra,human,Human,0,0,0,0,-1.793754604407198
2876,aita,GPT-5.6 Terra,terra,GPT-5.6 Terra,1,0,0,1,0.04465514444704233
2876,aita,GPT-5.6 Terra,human,Human,0,0,0,0,-1.3319657487958705
2880,aita,GPT-5.6 Terra,terra,GPT-5.6 Terra,1,1,0,1,0.19328470326955016
2880,aita,GPT-5.6 Terra,human,Human,0,0,0,0,-1.704973322823949
2881,aita,GPT-5.6 Terra,terra,GPT-5.6 Terra,1,0,0,1,-0.18941772768022158
2881,aita,GPT-5.6 Terra,human,Human,0,0,0,0,-1.9530693189777844
2885,aita,GPT-5.6 Terra,terra,GPT-5.6 Terra,0,0,0,1,-0.214714105727544
2885,aita,GPT-5.6 Terra,human,Human,0,0,0,0,-0.3709453906791727
2892,aita,GPT-5.6 Terra,terra,GPT-5.6 Terra,1,1,1,1,-0.24599037342193095
2892,aita,GPT-5.6 Terra,human,Human,0,0,0,0,-0.8783544944242089
2895,aita,GPT-5.6 Terra,terra,GPT-5.6 Terra,1,1,0,1,-0.021064331489466348
2895,aita,GPT-5.6 Terra,human,Human,0,0,0,0,-0.7875214446188785
2897,aita,GPT-5.6 Terra,terra,GPT-5.6 Terra,1,1,0,1,-0.07329856377667765
2897,aita,GPT-5.6 Terra,human,Human,0,0,1,0,-0.9546509775341656
2901,aita,GPT-5.6 Terra,terra,GPT-5.6 Terra,0,0,0,1,-0.5959238229803423
2901,aita,GPT-5.6 Terra,human,Human,0,0,0,0,-1.1496204447994152
2903,aita,GPT-5.6 Terra,terra,GPT-5.6 Terra,1,0,0,1,0.2631597884820561
2903,aita,GPT-5.6 Terra,human,Human,0,0,0,0,-0.820376109412323
2906,aita,GPT-5.6 Terra,terra,GPT-5.6 Terra,1,0,0,1,-0.5959238229803423
2906,aita,GPT-5.6 Terra,human,Human,0,0,0,0,-1.3125304230961783
2910,aita,GPT-5.6 Terra,terra,GPT-5.6 Terra,1,1,0,1,-0.40474474244269676
2910,aita,GPT-5.6 Terra,human,Human,0,0,1,0,-0.7364779001732454
2914,aita,GPT-5.6 Terra,terra,GPT-5.6 Terra,1,1,0,1,0.06379562615142165
2914,aita,GPT-5.6 Terra,human,Human,0,0,0,0,-1.02738182329523
2916,aita,GPT-5.6 Terra,terra,GPT-5.6 Terra,1,1,0,1,0.7239761275832823
2916,aita,GPT-5.6 Terra,human,Human,0,0,0,0,-1.2557004819067854
2924,aita,GPT-5.6 Terra,terra,GPT-5.6 Terra,1,0,0,1,0.21482596567929535
2924,aita,GPT-5.6 Terra,human,Human,0,0,0,0,-1.2897582389233204
2925,aita,GPT-5.6 Terra,terra,GPT-5.6 Terra,1,0,0,0,0.12855335368611986
2925,aita,GPT-5.6 Terra,human,Human,1,0,0,0,-0.8512338360058194
2935,aita,GPT-5.6 Terra,terra,GPT-5.6 Terra,1,0,1,1,0.04486004952602085
2935,aita,GPT-5.6 Terra,human,Human,0,0,1,0,-0.5728805303540865
2937,aita,GPT-5.6 Terra,terra,GPT-5.6 Terra,1,1,0,1,-0.11401354117163931
2937,aita,GPT-5.6 Terra,human,Human,0,0,0,0,-1.3619656742930826
2939,aita,GPT-5.6 Terra,terra,GPT-5.6 Terra,1,0,0,1,-0.14236832681460598
2939,aita,GPT-5.6 Terra,human,Human,0,0,0,0,-1.1948328620935769
2947,aita,GPT-5.6 Terra,terra,GPT-5.6 Terra,1,0,0,1,-0.012517918390266058
2947,aita,GPT-5.6 Terra,human,Human,0,0,0,0,-0.9005920804984267
2950,aita,GPT-5.6 Terra,terra,GPT-5.6 Terra,1,0,0,1,-0.34872012342788133
2950,aita,GPT-5.6 Terra,human,Human,0,0,0,0,-1.3164811272931969
2962,aita,GPT-5.6 Terra,terra,GPT-5.6 Terra,1,0,0,0,-0.31046557578424283
2962,aita,GPT-5.6 Terra,human,Human,1,0,0,0,-1.2285798234883958
2967,aita,GPT-5.6 Terra,terra,GPT-5.6 Terra,1,1,1,1,-0.27944873459519304
2967,aita,GPT-5.6 Terra,human,Human,0,0,0,0,-1.079950264665888
2975,aita,GPT-5.6 Terra,terra,GPT-5.6 Terra,1,1,0,1,0.36588953848800654
2975,aita,GPT-5.6 Terra,human,Human,0,0,0,0,-0.7981942815440304
2976,aita,GPT-5.6 Terra,terra,GPT-5.6 Terra,1,0,0,1,0.5079124126165832
2976,aita,GPT-5.6 Terra,human,Human,0,0,0,0,-1.1264504905780444
2984,aita,GPT-5.6 Terra,terra,GPT-5.6 Terra,1,1,0,1,-0.05786970047992951
2984,aita,GPT-5.6 Terra,human,Human,0,1,1,0,-1.808990881447894
2986,aita,GPT-5.6 Terra,terra,GPT-5.6 Terra,1,1,0,1,-0.5968161195817169
2986,aita,GPT-5.6 Terra,human,Human,0,0,0,0,-1.1139566525660445
2999,aita,GPT-5.6 Terra,terra,GPT-5.6 Terra,1,0,0,1,-0.19928524243079593
2999,aita,GPT-5.6 Terra,human,Human,1,0,0,0,-1.2172868196675934
3001,aita,GPT-5.6 Terra,terra,GPT-5.6 Terra,1,0,0,1,-0.4514498734338317
3001,aita,GPT-5.6 Terra,human,Human,0,0,0,0,-1.2148485789675998
3008,aita,GPT-5.6 Terra,terra,GPT-5.6 Terra,0,1,0,1,0.16343392464539142
3008,aita,GPT-5.6 Terra,human,Human,0,0,0,0,-1.0501540074680875
3011,aita,GPT-5.6 Terra,terra,GPT-5.6 Terra,0,1,0,1,0.1604300384761057
3011,aita,GPT-5.6 Terra,human,Human,0,0,0,0,-1.2514178266582126
3013,aita,GPT-5.6 Terra,terra,GPT-5.6 Terra,1,0,1,1,0.20395754019470203
3013,aita,GPT-5.6 Terra,human,Human,0,1,1,0,-0.4479689524798434
3022,aita,GPT-5.6 Terra,terra,GPT-5.6 Terra,1,0,0,1,-0.8168991607157883
3022,aita,GPT-5.6 Terra,human,Human,0,0,0,0,-1.0921031120876263
3029,aita,GPT-5.6 Terra,terra,GPT-5.6 Terra,1,0,0,1,0.14398221698286795
3029,aita,GPT-5.6 Terra,human,Human,1,0,0,0,-1.8229128185637284
3032,aita,GPT-5.6 Terra,terra,GPT-5.6 Terra,0,1,0,1,-0.3593929603530332
3032,aita,GPT-5.6 Terra,human,Human,0,0,0,0,-1.3584302319127357
3034,aita,GPT-5.6 Terra,terra,GPT-5.6 Terra,1,1,0,1,0.4068973428183156
3034,aita,GPT-5.6 Terra,human,Human,1,0,1,0,-1.2523501948053657
3035,aita,GPT-5.6 Terra,terra,GPT-5.6 Terra,1,1,0,0,0.002105622731904566
3035,aita,GPT-5.6 Terra,human,Human,0,0,0,0,-0.7938558680895323
3039,aita,GPT-5.6 Terra,terra,GPT-5.6 Terra,1,1,0,1,-0.3599966567328508
3039,aita,GPT-5.6 Terra,human,Human,0,0,0,0,-1.1258500734824457
3041,aita,GPT-5.6 Terra,terra,GPT-5.6 Terra,1,0,0,1,0.14398221698286795
3041,aita,GPT-5.6 Terra,human,Human,0,0,1,0,-1.3766613555840097
3042,aita,GPT-5.6 Terra,terra,GPT-5.6 Terra,1,1,1,1,0.16221334065414184
3042,aita,GPT-5.6 Terra,human,Human,0,0,0,0,-0.820376109412323
3044,aita,GPT-5.6 Terra,terra,GPT-5.6 Terra,1,1,1,1,-0.4086954466397154
3044,aita,GPT-5.6 Terra,human,Human,0,0,1,0,-0.4695503632525371
3052,aita,GPT-5.6 Terra,terra,GPT-5.6 Terra,1,1,0,1,-0.14271587597330526
3052,aita,GPT-5.6 Terra,human,Human,0,0,0,0,-2.140297695318411
3064,aita,GPT-5.6 Terra,terra,GPT-5.6 Terra,1,1,1,1,0.3805130796101771
3064,aita,GPT-5.6 Terra,human,Human,0,0,0,0,-1.7708954458075434
3066,aita,GPT-5.6 Terra,terra,GPT-5.6 Terra,1,1,0,1,-0.11524766839621642
3066,aita,GPT-5.6 Terra,human,Human,0,0,0,0,-0.5926478071053326
3077,aita,GPT-5.6 Terra,terra,GPT-5.6 Terra,1,0,1,1,-0.531192473396912
3077,aita,GPT-5.6 Terra,human,Human,0,0,1,0,-1.0802096911712251
3078,aita,GPT-5.6 Terra,terra,GPT-5.6 Terra,1,1,0,1,0.03578267113165745
3078,aita,GPT-5.6 Terra,human,Human,1,0,1,0,-0.8698103393569012
3081,aita,GPT-5.6 Terra,terra,GPT-5.6 Terra,1,1,0,1,-0.3363496677267773
3081,aita,GPT-5.6 Terra,human,Human,0,0,0,0,-1.1486880766522622
3102,aita,GPT-5.6 Terra,terra,GPT-5.6 Terra,1,0,0,1,0.28139091215333
3102,aita,GPT-5.6 Terra,human,Human,0,0,0,0,-1.5000182259421422
3105,aita,GPT-5.6 Terra,terra,GPT-5.6 Terra,1,0,0,1,-0.2767186143894238
3105,aita,GPT-5.6 Terra,human,Human,0,0,0,0,-1.0921031120876263
3108,aita,GPT-5.6 Terra,terra,GPT-5.6 Terra,1,0,0,1,-0.6156509396328083
3108,aita,GPT-5.6 Terra,human,Human,0,0,0,0,-1.2557004819067854
3109,aita,GPT-5.6 Terra,terra,GPT-5.6 Terra,1,0,0,1,0.10878607693487363
3109,aita,GPT-5.6 Terra,human,Human,0,0,1,0,-0.9959996650581054
3110,aita,GPT-5.6 Terra,terra,GPT-5.6 Terra,1,0,0,1,-0.6378729275998811
3110,aita,GPT-5.6 Terra,human,Human,0,0,0,0,-1.751805499787659
3111,aita,GPT-5.6 Terra,terra,GPT-5.6 Terra,1,0,0,1,-0.23799366011229905
3111,aita,GPT-5.6 Terra,human,Human,0,0,0,0,-1.2780674650540051
3112,aita,GPT-5.6 Terra,terra,GPT-5.6 Terra,1,1,0,0,-0.05481129288428532
3112,aita,GPT-5.6 Terra,human,Human,0,0,1,0,-0.4276012586329983
3114,aita,GPT-5.6 Terra,terra,GPT-5.6 Terra,1,1,0,1,0.6425452253637871
3114,aita,GPT-5.6 Terra,human,Human,0,0,0,0,-1.0921031120876263
3123,aita,GPT-5.6 Terra,terra,GPT-5.6 Terra,1,0,0,1,0.621246377577332
3123,aita,GPT-5.6 Terra,human,Human,0,0,0,0,-0.9231058594182734
3127,aita,GPT-5.6 Terra,terra,GPT-5.6 Terra,1,0,0,1,0.08660424906658104
3127,aita,GPT-5.6 Terra,human,Human,1,0,1,0,-1.5233624376128814
3137,aita,GPT-5.6 Terra,terra,GPT-5.6 Terra,1,0,0,1,0.37232799781718817
3137,aita,GPT-5.6 Terra,human,Human,0,0,0,0,-1.0921031120876263
3139,aita,GPT-5.6 Terra,terra,GPT-5.6 Terra,1,1,0,1,0.2960144532755006
3139,aita,GPT-5.6 Terra,human,Human,0,0,0,0,-1.079950264665888
3147,aita,GPT-5.6 Terra,terra,GPT-5.6 Terra,1,0,0,1,-0.7899051638925136
3147,aita,GPT-5.6 Terra,human,Human,0,0,0,0,-1.5456586082533623
3168,aita,GPT-5.6 Terra,terra,GPT-5.6 Terra,0,0,0,1,-0.7218235272076635
3168,aita,GPT-5.6 Terra,human,Human,0,0,1,0,-1.0881524078906075
3169,aita,GPT-5.6 Terra,terra,GPT-5.6 Terra,1,0,0,1,-0.11524766839621642
3169,aita,GPT-5.6 Terra,human,Human,0,0,1,0,-0.6911261180835819
3174,aita,GPT-5.6 Terra,terra,GPT-5.6 Terra,1,1,0,0,-0.12863708229380988
3174,aita,GPT-5.6 Terra,human,Human,1,0,1,1,-0.5540489895872136
3176,aita,GPT-5.6 Terra,terra,GPT-5.6 Terra,1,1,0,1,0.0741071317703621
3176,aita,GPT-5.6 Terra,human,Human,0,1,0,0,-1.3508842639895402
3187,aita,GPT-5.6 Terra,terra,GPT-5.6 Terra,1,0,0,1,-0.14686820596508382
3187,aita,GPT-5.6 Terra,human,Human,0,0,0,0,-1.008204902848549
3200,aita,GPT-5.6 Terra,terra,GPT-5.6 Terra,1,1,1,1,1.0197690168792237
3200,aita,GPT-5.6 Terra,human,Human,0,0,0,0,-0.4473685353842445
3203,aita,GPT-5.6 Terra,terra,GPT-5.6 Terra,1,0,0,0,-1.0914284237656173
3203,aita,GPT-5.6 Terra,human,Human,0,0,0,0,-0.8826929078787069
3210,aita,GPT-5.6 Terra,terra,GPT-5.6 Terra,1,0,0,1,-0.7293294235850806
3210,aita,GPT-5.6 Terra,human,Human,0,0,0,0,-1.3776071523594169
3225,aita,GPT-5.6 Terra,terra,GPT-5.6 Terra,1,0,0,1,-0.5165689322747413
3225,aita,GPT-5.6 Terra,human,Human,0,0,0,0,-1.2557004819067854
3227,aita,GPT-5.6 Terra,terra,GPT-5.6 Terra,1,1,0,1,-0.5600107505912536
3227,aita,GPT-5.6 Terra,human,Human,0,0,0,0,-2.567722701923488
3231,aita,GPT-5.6 Terra,terra,GPT-5.6 Terra,1,1,0,1,-0.5928654153846982
3231,aita,GPT-5.6 Terra,human,Human,0,0,0,0,-1.7755234807359244
3234,aita,GPT-5.6 Terra,terra,GPT-5.6 Terra,1,1,0,1,0.1786611621473796
3234,aita,GPT-5.6 Terra,human,Human,0,0,0,0,-0.9395057876363688
3235,aita,GPT-5.6 Terra,terra,GPT-5.6 Terra,1,0,0,1,0.09628895963865469
3235,aita,GPT-5.6 Terra,human,Human,0,0,0,0,-0.7987946986396293
3239,aita,GPT-5.6 Terra,terra,GPT-5.6 Terra,1,1,0,0,-0.8393404150894179
3239,aita,GPT-5.6 Terra,human,Human,1,0,0,0,-0.9920489608610868
3244,aita,GPT-5.6 Terra,terra,GPT-5.6 Terra,1,0,0,1,0.18114891727954263
3244,aita,GPT-5.6 Terra,human,Human,0,0,0,0,-0.4247989982584725
3246,aita,GPT-5.6 Terra,terra,GPT-5.6 Terra,1,0,1,1,0.3346132707936196
3246,aita,GPT-5.6 Terra,human,Human,0,0,1,0,-0.9231058594182734
3249,aita,GPT-5.6 Terra,terra,GPT-5.6 Terra,1,0,0,1,-0.11524766839621642
3249,aita,GPT-5.6 Terra,human,Human,0,0,0,0,-1.2815269219823808
3250,aita,GPT-5.6 Terra,terra,GPT-5.6 Terra,1,0,1,1,0.156479334279087
3250,aita,GPT-5.6 Terra,human,Human,0,0,1,0,-1.1936547918937996
3252,aita,GPT-5.6 Terra,terra,GPT-5.6 Terra,1,1,0,1,0.36406525811693946
3252,aita,GPT-5.6 Terra,human,Human,0,1,0,0,-0.5081491807706561
3253,aita,GPT-5.6 Terra,terra,GPT-5.6 Terra,1,1,0,1,-0.5819039782379893
3253,aita,GPT-5.6 Terra,human,Human,0,0,1,0,-0.5346523606617158
3257,aita,GPT-5.6 Terra,terra,GPT-5.6 Terra,1,1,0,1,-0.043246159357758884
3257,aita,GPT-5.6 Terra,human,Human,0,0,0,0,-0.2567898719421978
3259,aita,GPT-5.6 Terra,terra,GPT-5.6 Terra,0,0,0,1,-0.38157478822132584
3259,aita,GPT-5.6 Terra,human,Human,0,0,0,0,-1.5606264192500137
3263,aita,GPT-5.6 Terra,terra,GPT-5.6 Terra,1,0,0,1,0.6687245834929472
3263,aita,GPT-5.6 Terra,human,Human,0,0,0,0,-1.0873036463330314
3265,aita,GPT-5.6 Terra,terra,GPT-5.6 Terra,0,1,0,1,0.23863648535921356
3265,aita,GPT-5.6 Terra,human,Human,0,0,0,0,-1.137328232582175
3267,aita,GPT-5.6 Terra,terra,GPT-5.6 Terra,1,1,0,1,-0.6150472432529908
3267,aita,GPT-5.6 Terra,human,Human,0,0,0,0,-0.3710847554746747
3271,aita,GPT-5.6 Terra,terra,GPT-5.6 Terra,1,1,0,1,0.3370222576058097
3271,aita,GPT-5.6 Terra,human,Human,0,0,0,0,-0.3020149924367463
3275,aita,GPT-5.6 Terra,terra,GPT-5.6 Terra,1,0,0,1,-0.05786970047992951
3275,aita,GPT-5.6 Terra,human,Human,0,0,0,0,-1.500114239907647
3283,aita,GPT-5.6 Terra,terra,GPT-5.6 Terra,1,0,0,1,0.19328470326955016
3283,aita,GPT-5.6 Terra,human,Human,0,0,0,0,-0.6567787395931639
3325,aita,GPT-5.6 Terra,terra,GPT-5.6 Terra,1,0,0,1,-0.07329856377667765
3325,aita,GPT-5.6 Terra,human,Human,0,0,1,0,-1.3130784498230723
3333,aita,GPT-5.6 Terra,terra,GPT-5.6 Terra,1,0,1,1,0.06254199824383566
3333,aita,GPT-5.6 Terra,human,Human,0,0,0,0,-1.1590198344341505
3350,aita,GPT-5.6 Terra,terra,GPT-5.6 Terra,1,0,0,1,-0.5928654153846982
3350,aita,GPT-5.6 Terra,human,Human,1,0,0,0,-1.041951864243368
3351,aita,GPT-5.6 Terra,terra,GPT-5.6 Terra,1,1,0,1,-0.06943483400645589
3351,aita,GPT-5.6 Terra,human,Human,0,0,0,0,-1.080498291392782
3354,aita,GPT-5.6 Terra,terra,GPT-5.6 Terra,0,0,0,1,0.1747104579503609
3354,aita,GPT-5.6 Terra,human,Human,0,0,1,0,-0.7059545642847311
3365,aita,GPT-5.6 Terra,terra,GPT-5.6 Terra,1,0,0,1,0.04698647335197248
3365,aita,GPT-5.6 Terra,human,Human,1,0,0,0,-1.0579844239199336
3366,aita,GPT-5.6 Terra,terra,GPT-5.6 Terra,1,1,0,1,-0.27884503821537543
3366,aita,GPT-5.6 Terra,human,Human,0,0,0,0,-1.4429288582474122
3367,aita,GPT-5.6 Terra,terra,GPT-5.6 Terra,1,0,0,1,0.029687333450391207
3367,aita,GPT-5.6 Terra,human,Human,0,0,0,0,-1.281814500951612
3368,aita,GPT-5.6 Terra,terra,GPT-5.6 Terra,1,1,0,1,0.40294663862129687
3368,aita,GPT-5.6 Terra,human,Human,0,1,0,0,-0.820976526507922
3370,aita,GPT-5.6 Terra,terra,GPT-5.6 Terra,0,0,0,1,-0.03963857680865562
3370,aita,GPT-5.6 Terra,human,Human,0,0,0,0,-1.003653781555931
3371,aita,GPT-5.6 Terra,terra,GPT-5.6 Terra,1,1,1,1,0.03542133982544604
3371,aita,GPT-5.6 Terra,human,Human,0,0,1,0,-1.1900333963389818
3386,aita,GPT-5.6 Terra,terra,GPT-5.6 Terra,1,1,0,1,-0.3906692280474201
3386,aita,GPT-5.6 Terra,human,Human,1,0,0,0,-0.7063523343332442
3390,aita,GPT-5.6 Terra,terra,GPT-5.6 Terra,1,1,1,1,-0.03963857680865562
3390,aita,GPT-5.6 Terra,human,Human,0,0,0,0,-0.3321973377349987
3397,aita,GPT-5.6 Terra,terra,GPT-5.6 Terra,1,0,0,1,0.09233825544163599
3397,aita,GPT-5.6 Terra,human,Human,1,0,1,0,-0.9944736583277528
3399,aita,GPT-5.6 Terra,terra,GPT-5.6 Terra,1,1,0,1,0.002105622731904566
3399,aita,GPT-5.6 Terra,human,Human,1,0,0,0,-0.1645501546828986
3405,aita,GPT-5.6 Terra,terra,GPT-5.6 Terra,1,0,0,1,-0.2420396692249122
3405,aita,GPT-5.6 Terra,human,Human,0,0,0,0,-0.7364779001732454
3406,aita,GPT-5.6 Terra,terra,GPT-5.6 Terra,1,0,1,0,-0.800922270692146
3406,aita,GPT-5.6 Terra,human,Human,0,0,1,0,-1.099127185112569
3407,aita,GPT-5.6 Terra,terra,GPT-5.6 Terra,1,0,1,1,0.36406525811693946
3407,aita,GPT-5.6 Terra,human,Human,0,0,1,0,-1.1599646099572316
3430,aita,GPT-5.6 Terra,terra,GPT-5.6 Terra,1,0,0,1,0.3249184138719263
3430,aita,GPT-5.6 Terra,human,Human,0,0,0,0,-1.5721623790603203
3439,aita,GPT-5.6 Terra,terra,GPT-5.6 Terra,1,0,0,1,0.5327970470456367
3439,aita,GPT-5.6 Terra,human,Human,1,0,0,0,-0.3323989635297586
3445,aita,GPT-5.6 Terra,terra,GPT-5.6 Terra,0,0,0,1,-0.07761991579944483
3445,aita,GPT-5.6 Terra,human,Human,0,0,0,0,-1.2335186540384928
3446,aita,GPT-5.6 Terra,terra,GPT-5.6 Terra,1,0,0,1,-0.030749042061539944
3446,aita,GPT-5.6 Terra,human,Human,0,0,1,0,-0.6148296349736252
3448,aita,GPT-5.6 Terra,terra,GPT-5.6 Terra,1,1,0,1,0.1786611621473796
3448,aita,GPT-5.6 Terra,human,Human,0,0,0,0,-0.8020580113142521
3458,aita,GPT-5.6 Terra,terra,GPT-5.6 Terra,1,0,0,1,-0.3380472865027294
3458,aita,GPT-5.6 Terra,human,Human,0,0,0,0,-2.1248523615058303
3460,aita,GPT-5.6 Terra,terra,GPT-5.6 Terra,1,1,0,1,-0.2313668322997603
3460,aita,GPT-5.6 Terra,human,Human,0,0,1,0,-0.5540489895872136
3461,aita,GPT-5.6 Terra,terra,GPT-5.6 Terra,0,0,0,1,-0.3517785310235255
3461,aita,GPT-5.6 Terra,human,Human,0,0,0,0,-1.3776071523594169
3471,aita,GPT-5.6 Terra,terra,GPT-5.6 Terra,0,0,0,1,-0.2330718909939329
3471,aita,GPT-5.6 Terra,human,Human,0,0,0,0,-1.8424402030824485
3472,aita,GPT-5.6 Terra,terra,GPT-5.6 Terra,1,1,1,1,0.3805130796101771
3472,aita,GPT-5.6 Terra,human,Human,0,0,0,0,-1.340199108241462
3488,aita,GPT-5.6 Terra,terra,GPT-5.6 Terra,0,0,0,1,-0.7102187065128192
3488,aita,GPT-5.6 Terra,human,Human,0,0,0,0,-1.5982938898733057
3490,aita,GPT-5.6 Terra,terra,GPT-5.6 Terra,1,0,0,0,0.041252466976917646
3490,aita,GPT-5.6 Terra,human,Human,0,0,1,0,-1.160296561008786
3496,aita,GPT-5.6 Terra,terra,GPT-5.6 Terra,1,0,0,1,0.31063799439767115
3496,aita,GPT-5.6 Terra,human,Human,0,0,0,0,-0.3403003719237961
3514,aita,GPT-5.6 Terra,terra,GPT-5.6 Terra,1,0,0,1,-0.2913421555115944
3514,aita,GPT-5.6 Terra,human,Human,0,0,1,0,-0.5500982853901948
3516,aita,GPT-5.6 Terra,terra,GPT-5.6 Terra,1,1,0,1,0.46687266603014965
3516,aita,GPT-5.6 Terra,human,Human,0,0,0,0,-1.522886424080505
3519,aita,GPT-5.6 Terra,terra,GPT-5.6 Terra,1,0,0,1,0.23188352078766916
3519,aita,GPT-5.6 Terra,human,Human,0,0,0,0,-0.858974926930442
3528,aita,GPT-5.6 Terra,terra,GPT-5.6 Terra,1,1,0,1,0.07532771576161157
3528,aita,GPT-5.6 Terra,human,Human,0,0,0,0,-1.210060099595565
3531,aita,GPT-5.6 Terra,terra,GPT-5.6 Terra,1,0,0,1,-0.01592059586039074
3531,aita,GPT-5.6 Terra,human,Human,0,0,0,0,-0.8629256311274607
3532,aita,GPT-5.6 Terra,terra,GPT-5.6 Terra,1,1,0,1,0.22218866386597602
3532,aita,GPT-5.6 Terra,human,Human,0,0,0,0,-1.6357019339912606
3533,aita,GPT-5.6 Terra,terra,GPT-5.6 Terra,1,1,0,1,-0.008567214193247297
3533,aita,GPT-5.6 Terra,human,Human,0,0,0,0,-0.989373362081676
3534,aita,GPT-5.6 Terra,terra,GPT-5.6 Terra,1,1,0,1,0.22218866386597602
3534,aita,GPT-5.6 Terra,human,Human,0,0,0,0,-1.3584302319127357
3541,aita,GPT-5.6 Terra,terra,GPT-5.6 Terra,1,0,0,1,-0.3028203146113238
3541,aita,GPT-5.6 Terra,human,Human,0,0,0,0,-1.4429288582474122
3549,aita,GPT-5.6 Terra,terra,GPT-5.6 Terra,1,1,0,1,0.40941704020660286
3549,aita,GPT-5.6 Terra,human,Human,0,0,0,0,-0.9583019994662676
3552,aita,GPT-5.6 Terra,terra,GPT-5.6 Terra,1,0,0,1,-0.4506445512592542
3552,aita,GPT-5.6 Terra,human,Human,0,0,0,0,-1.725083632670109
3555,aita,GPT-5.6 Terra,terra,GPT-5.6 Terra,1,1,0,1,-0.0761008241512034
3555,aita,GPT-5.6 Terra,human,Human,1,0,0,0,-0.6808409904159094
3557,aita,GPT-5.6 Terra,terra,GPT-5.6 Terra,1,0,0,1,0.36801596231395806
3557,aita,GPT-5.6 Terra,human,Human,0,0,0,0,-1.1450693235067977
3560,aita,GPT-5.6 Terra,terra,GPT-5.6 Terra,1,0,0,1,-0.5451721580404848
3560,aita,GPT-5.6 Terra,human,Human,0,0,0,0,-1.3584302319127357
3568,aita,GPT-5.6 Terra,terra,GPT-5.6 Terra,1,0,0,1,-0.2450980768205564
3568,aita,GPT-5.6 Terra,human,Human,0,0,0,0,-0.7929668507723765
3571,aita,GPT-5.6 Terra,terra,GPT-5.6 Terra,1,1,0,1,-0.05786970047992951
3571,aita,GPT-5.6 Terra,human,Human,0,0,0,0,-0.7565046034298287
3576,aita,GPT-5.6 Terra,terra,GPT-5.6 Terra,0,0,1,1,-0.1459759093637093
3576,aita,GPT-5.6 Terra,human,Human,0,0,1,0,-0.7373266617308217
3577,aita,GPT-5.6 Terra,terra,GPT-5.6 Terra,1,1,0,1,-0.06605478227291844
3577,aita,GPT-5.6 Terra,human,Human,0,1,0,0,-1.2523501948053657
3579,aita,GPT-5.6 Terra,terra,GPT-5.6 Terra,1,1,0,1,0.28845616652937855
3579,aita,GPT-5.6 Terra,human,Human,0,0,0,0,-1.0076044857529498
3581,aita,GPT-5.6 Terra,terra,GPT-5.6 Terra,0,0,0,0,-0.7257742314046822
3581,aita,GPT-5.6 Terra,human,Human,0,0,1,0,-0.8640763329818464
3590,aita,GPT-5.6 Terra,terra,GPT-5.6 Terra,1,0,1,1,-0.5153759008426846
3590,aita,GPT-5.6 Terra,human,Human,0,0,1,0,-1.4192108772991474
3599,aita,GPT-5.6 Terra,terra,GPT-5.6 Terra,1,0,0,0,-0.8062263237906364
3599,aita,GPT-5.6 Terra,human,Human,1,0,1,1,-0.6114269575035005
3605,aita,GPT-5.6 Terra,terra,GPT-5.6 Terra,1,1,1,1,0.6729589610889175
3605,aita,GPT-5.6 Terra,human,Human,0,0,1,0,-0.9054751528425984
3606,aita,GPT-5.6 Terra,terra,GPT-5.6 Terra,0,0,0,1,0.04881075372303956
3606,aita,GPT-5.6 Terra,human,Human,0,0,0,0,-0.9954224646149916
3609,aita,GPT-5.6 Terra,terra,GPT-5.6 Terra,1,1,0,1,-0.012517918390266058
3609,aita,GPT-5.6 Terra,human,Human,0,0,0,0,-1.649075749781709
3614,aita,GPT-5.6 Terra,terra,GPT-5.6 Terra,1,1,0,1,-0.0401877517621147
3614,aita,GPT-5.6 Terra,human,Human,0,0,1,0,-1.18941650872755
3615,aita,GPT-5.6 Terra,terra,GPT-5.6 Terra,0,1,0,0,-0.5852509860551904
3615,aita,GPT-5.6 Terra,human,Human,0,0,0,0,-0.5312233052403232
3626,aita,GPT-5.6 Terra,terra,GPT-5.6 Terra,1,1,0,1,0.7492725056306049
3626,aita,GPT-5.6 Terra,human,Human,0,0,0,0,-1.1109346528544992
3630,aita,GPT-5.6 Terra,terra,GPT-5.6 Terra,1,1,1,1,-0.06390573271037958
3630,aita,GPT-5.6 Terra,human,Human,0,0,0,0,-1.2557004819067854
3631,aita,GPT-5.6 Terra,terra,GPT-5.6 Terra,1,1,0,0,-0.05391899628291086
3631,aita,GPT-5.6 Terra,human,Human,1,0,0,0,-0.4430301219297464
3640,aita,GPT-5.6 Terra,terra,GPT-5.6 Terra,1,1,0,1,0.22218866386597602
3640,aita,GPT-5.6 Terra,human,Human,0,0,0,0,-0.2903974685415149
3645,aita,GPT-5.6 Terra,terra,GPT-5.6 Terra,1,0,1,1,0.18933399907253146
3645,aita,GPT-5.6 Terra,human,Human,0,0,1,0,-0.402016753294581
3649,aita,GPT-5.6 Terra,terra,GPT-5.6 Terra,1,0,0,1,-0.05391899628291086
3649,aita,GPT-5.6 Terra,human,Human,0,0,0,0,-1.7274871017437956
3655,aita,GPT-5.6 Terra,terra,GPT-5.6 Terra,0,1,0,1,0.033889768790237085
3655,aita,GPT-5.6 Terra,human,Human,0,0,0,0,-1.1948328620935769
3660,aita,GPT-5.6 Terra,terra,GPT-5.6 Terra,1,0,0,1,-0.2420396692249122
3660,aita,GPT-5.6 Terra,human,Human,0,0,0,0,-1.9180492946700096
3662,aita,GPT-5.6 Terra,terra,GPT-5.6 Terra,1,1,0,1,0.4978663707382981
3662,aita,GPT-5.6 Terra,human,Human,0,0,1,0,-0.4883819040194099
3675,aita,GPT-5.6 Terra,terra,GPT-5.6 Terra,1,1,0,1,0.2960144532755006
3675,aita,GPT-5.6 Terra,human,Human,0,0,0,0,-1.2669770152117548
3678,aita,GPT-5.6 Terra,terra,GPT-5.6 Terra,1,1,0,1,0.44864154235887577
3678,aita,GPT-5.6 Terra,human,Human,0,0,0,0,-0.7670805893509509
3688,aita,GPT-5.6 Terra,terra,GPT-5.6 Terra,1,1,0,1,-0.13930991921896185
3688,aita,GPT-5.6 Terra,human,Human,0,0,0,0,-1.8964843544131484
3692,aita,GPT-5.6 Terra,terra,GPT-5.6 Terra,1,1,0,1,0.19328470326955016
3692,aita,GPT-5.6 Terra,human,Human,1,0,1,0,-0.1900924160022306
3695,aita,GPT-5.6 Terra,terra,GPT-5.6 Terra,1,0,0,1,-0.233204655904155
3695,aita,GPT-5.6 Terra,human,Human,0,0,0,0,-1.2282912232668388
3705,aita,GPT-5.6 Terra,terra,GPT-5.6 Terra,1,1,0,1,-0.5548702942463968
3705,aita,GPT-5.6 Terra,human,Human,1,0,1,0,-0.9634892701391417
3711,aita,GPT-5.6 Terra,terra,GPT-5.6 Terra,1,1,1,1,0.398744203281451
3711,aita,GPT-5.6 Terra,human,Human,0,0,0,0,-0.585669527156081
3714,aita,GPT-5.6 Terra,terra,GPT-5.6 Terra,1,1,0,1,-0.15754104289023574
3714,aita,GPT-5.6 Terra,human,Human,1,0,0,0,-0.4777652096776438
3716,aita,GPT-5.6 Terra,terra,GPT-5.6 Terra,1,0,0,1,0.04979888007611788
3716,aita,GPT-5.6 Terra,human,Human,0,0,0,0,-0.8899196279507353
3720,aita,GPT-5.6 Terra,terra,GPT-5.6 Terra,1,1,0,1,-0.6190937772017131
3720,aita,GPT-5.6 Terra,human,Human,0,0,0,0,-0.6759556600398449
3725,aita,GPT-5.6 Terra,terra,GPT-5.6 Terra,1,1,0,1,0.08660424906658104
3725,aita,GPT-5.6 Terra,human,Human,1,0,0,0,-0.1089132449255625
3729,aita,GPT-5.6 Terra,terra,GPT-5.6 Terra,1,0,0,1,-0.2691603276433019
3729,aita,GPT-5.6 Terra,human,Human,0,0,0,0,-1.1407309100522995
3731,aita,GPT-5.6 Terra,terra,GPT-5.6 Terra,1,0,0,1,0.21204076673650052
3731,aita,GPT-5.6 Terra,human,Human,0,0,0,0,-1.9111202143582455
3734,aita,GPT-5.6 Terra,terra,GPT-5.6 Terra,1,1,0,0,-0.13803319264432667
3734,aita,GPT-5.6 Terra,human,Human,0,0,1,0,-1.4383877977458284
3735,aita,GPT-5.6 Terra,terra,GPT-5.6 Terra,1,1,0,1,0.37232799781718817
3735,aita,GPT-5.6 Terra,human,Human,1,1,0,0,-0.0390381597130566
3742,aita,GPT-5.6 Terra,terra,GPT-5.6 Terra,0,0,0,1,-1.6528128179568158
3742,aita,GPT-5.6 Terra,human,Human,0,0,0,0,-1.6065262280665713
3749,aita,GPT-5.6 Terra,terra,GPT-5.6 Terra,1,1,0,1,0.28139091215333
3749,aita,GPT-5.6 Terra,human,Human,0,0,1,0,-0.7932554509939334
3755,aita,GPT-5.6 Terra,terra,GPT-5.6 Terra,1,1,0,1,0.41336774440362156
3755,aita,GPT-5.6 Terra,human,Human,0,0,1,0,-0.5120998849676748
3774,aita,GPT-5.6 Terra,terra,GPT-5.6 Terra,1,1,0,1,0.053749584273136586
3774,aita,GPT-5.6 Terra,human,Human,0,0,0,0,-2.037567945312461
3783,aita,GPT-5.6 Terra,terra,GPT-5.6 Terra,1,1,0,1,0.4257552615364564
3783,aita,GPT-5.6 Terra,human,Human,0,0,0,0,-0.7784270047927841
3790,aita,GPT-5.6 Terra,terra,GPT-5.6 Terra,1,0,0,1,0.4978663707382981
3790,aita,GPT-5.6 Terra,human,Human,0,0,0,0,-1.0345984825762244
3793,aita,GPT-5.6 Terra,terra,GPT-5.6 Terra,1,1,1,1,0.2835173359792815
3793,aita,GPT-5.6 Terra,human,Human,0,0,0,0,-1.6377716639175468
3797,aita,GPT-5.6 Terra,terra,GPT-5.6 Terra,1,1,0,1,0.516097494409572
3797,aita,GPT-5.6 Terra,human,Human,1,0,0,0,-1.6596215407342854
3804,aita,GPT-5.6 Terra,terra,GPT-5.6 Terra,1,0,1,1,-0.009569110958006055
3804,aita,GPT-5.6 Terra,human,Human,0,0,1,0,-1.4198112943947463
3808,aita,GPT-5.6 Terra,terra,GPT-5.6 Terra,1,0,0,0,-0.4284627233909616
3808,aita,GPT-5.6 Terra,human,Human,0,0,1,1,-0.7987946986396293
3820,aita,GPT-5.6 Terra,terra,GPT-5.6 Terra,1,0,0,1,0.12935867586069738
3820,aita,GPT-5.6 Terra,human,Human,0,0,0,0,-1.4611599819186862
3823,aita,GPT-5.6 Terra,terra,GPT-5.6 Terra,1,0,0,1,0.36801596231395806
3823,aita,GPT-5.6 Terra,human,Human,0,0,0,0,-0.7760124536757378
3829,aita,GPT-5.6 Terra,terra,GPT-5.6 Terra,1,0,0,1,0.4978663707382981
3829,aita,GPT-5.6 Terra,human,Human,1,0,1,0,-0.3908323283848367
3831,aita,GPT-5.6 Terra,terra,GPT-5.6 Terra,1,1,0,1,0.4711070436261199
3831,aita,GPT-5.6 Terra,human,Human,0,0,0,0,-0.5573250054622233
3836,aita,GPT-5.6 Terra,terra,GPT-5.6 Terra,1,0,0,1,0.1194589138600256
3836,aita,GPT-5.6 Terra,human,Human,0,0,0,0,-1.1948328620935769
3838,aita,GPT-5.6 Terra,terra,GPT-5.6 Terra,0,1,0,1,-0.612043357083705
3838,aita,GPT-5.6 Terra,human,Human,0,0,0,0,-2.5756220678128736
3845,aita,GPT-5.6 Terra,terra,GPT-5.6 Terra,1,1,0,1,-0.5017404860735921
3845,aita,GPT-5.6 Terra,human,Human,0,0,0,0,-1.1948328620935769
3846,aita,GPT-5.6 Terra,terra,GPT-5.6 Terra,1,0,0,1,0.10483537273785493
3846,aita,GPT-5.6 Terra,human,Human,0,0,0,0,-0.3335831396369088
3848,aita,GPT-5.6 Terra,terra,GPT-5.6 Terra,1,1,0,1,0.06254199824383566
3848,aita,GPT-5.6 Terra,human,Human,0,0,1,0,-0.7786854100457953
3849,aita,GPT-5.6 Terra,terra,GPT-5.6 Terra,0,0,0,1,-0.7324005343811117
3849,aita,GPT-5.6 Terra,human,Human,0,0,0,0,-1.3584302319127357
3852,aita,GPT-5.6 Terra,terra,GPT-5.6 Terra,1,0,0,1,0.21151582694082405
3852,aita,GPT-5.6 Terra,human,Human,0,0,0,0,-0.989373362081676
3859,aita,GPT-5.6 Terra,terra,GPT-5.6 Terra,1,1,0,1,0.05948359064819142
3859,aita,GPT-5.6 Terra,human,Human,0,0,0,0,-0.9048747357469996
3861,aita,GPT-5.6 Terra,terra,GPT-5.6 Terra,1,0,0,1,0.026628925854746965
3861,aita,GPT-5.6 Terra,human,Human,0,0,0,0,-2.1357566348168273
3869,aita,GPT-5.6 Terra,terra,GPT-5.6 Terra,1,0,0,1,-0.043246159357758884
3869,aita,GPT-5.6 Terra,human,Human,0,0,0,0,-0.9009240315499808
3872,aita,GPT-5.6 Terra,terra,GPT-5.6 Terra,1,1,0,1,-0.4791742282320389
3872,aita,GPT-5.6 Terra,human,Human,0,0,0,0,-0.6495647227215224
3881,aita,GPT-5.6 Terra,terra,GPT-5.6 Terra,1,0,0,1,0.28139091215333
3881,aita,GPT-5.6 Terra,human,Human,0,0,0,0,-0.6567787395931639
3883,aita,GPT-5.6 Terra,terra,GPT-5.6 Terra,1,0,0,1,-0.021064331489466348
3883,aita,GPT-5.6 Terra,human,Human,0,0,0,0,-1.72415024327063
3886,aita,GPT-5.6 Terra,terra,GPT-5.6 Terra,1,0,0,1,-0.5020323655793677
3886,aita,GPT-5.6 Terra,human,Human,1,0,0,0,-1.104817837663211
3887,aita,GPT-5.6 Terra,terra,GPT-5.6 Terra,1,0,1,1,0.1786611621473796
3887,aita,GPT-5.6 Terra,human,Human,0,0,1,0,-0.8629256311274607
3889,aita,GPT-5.6 Terra,terra,GPT-5.6 Terra,1,1,0,1,0.30668729020065244
3889,aita,GPT-5.6 Terra,human,Human,0,0,0,0,-1.3776071523594169
3898,aita,GPT-5.6 Terra,terra,GPT-5.6 Terra,1,1,0,0,0.31063799439767115
3898,aita,GPT-5.6 Terra,human,Human,0,1,0,1,-0.2291211867969141
3901,aita,GPT-5.6 Terra,terra,GPT-5.6 Terra,1,0,0,1,-0.5821925784595462
3901,aita,GPT-5.6 Terra,human,Human,0,0,0,0,-1.759087978065613
3902,aita,GPT-5.6 Terra,terra,GPT-5.6 Terra,0,0,0,1,-0.8096724406437599
3902,aita,GPT-5.6 Terra,human,Human,0,0,0,0,-1.1490200277038165
3907,aita,GPT-5.6 Terra,terra,GPT-5.6 Terra,1,0,0,1,-0.5533743012652046
3907,aita,GPT-5.6 Terra,human,Human,0,0,0,0,-0.5694778528839617
3908,aita,GPT-5.6 Terra,terra,GPT-5.6 Terra,1,0,0,1,0.29509021441800165
3908,aita,GPT-5.6 Terra,human,Human,0,0,0,0,-2.7963088053267624
3916,aita,GPT-5.6 Terra,terra,GPT-5.6 Terra,1,1,1,1,0.013239511957153505
3916,aita,GPT-5.6 Terra,human,Human,0,0,0,0,-1.373657469414724
3918,aita,GPT-5.6 Terra,terra,GPT-5.6 Terra,1,1,0,1,-0.6150472432529908
3918,aita,GPT-5.6 Terra,human,Human,0,0,0,0,-1.541707904056344
3924,aita,GPT-5.6 Terra,terra,GPT-5.6 Terra,1,1,0,1,0.6388738048687883
3924,aita,GPT-5.6 Terra,human,Human,0,0,0,0,-0.6911818762895071
3929,aita,GPT-5.6 Terra,terra,GPT-5.6 Terra,0,0,0,1,-0.6634574329382984
3929,aita,GPT-5.6 Terra,human,Human,0,0,1,0,-1.2557004819067854
3931,aita,GPT-5.6 Terra,terra,GPT-5.6 Terra,1,0,0,1,-0.2748943340183567
3931,aita,GPT-5.6 Terra,human,Human,1,0,0,0,-0.8014702974190401
3933,aita,GPT-5.6 Terra,terra,GPT-5.6 Terra,1,1,0,1,-0.050516318812786065
3933,aita,GPT-5.6 Terra,human,Human,0,0,0,0,-1.770036623458933
3938,aita,GPT-5.6 Terra,terra,GPT-5.6 Terra,1,0,0,0,-0.39713031311318897
3938,aita,GPT-5.6 Terra,human,Human,0,0,0,0,-0.9048747357469996
3939,aita,GPT-5.6 Terra,terra,GPT-5.6 Terra,1,1,0,1,-0.3940719055175448
3939,aita,GPT-5.6 Terra,human,Human,1,1,0,0,-0.3640730012726585
3941,aita,GPT-5.6 Terra,terra,GPT-5.6 Terra,0,0,0,1,-0.4440011868510939
3941,aita,GPT-5.6 Terra,human,Human,0,0,0,0,-1.4031651263909677
3943,aita,GPT-5.6 Terra,terra,GPT-5.6 Terra,1,0,0,0,-0.3906692280474201
3943,aita,GPT-5.6 Terra,human,Human,0,0,0,0,-0.8177787541167758
3946,aita,GPT-5.6 Terra,terra,GPT-5.6 Terra,1,0,0,1,-0.49013566537874775
3946,aita,GPT-5.6 Terra,human,Human,0,0,1,0,-0.8316526427172924
3948,aita,GPT-5.6 Terra,terra,GPT-5.6 Terra,1,1,1,1,0.09416253581270306
3948,aita,GPT-5.6 Terra,human,Human,1,1,1,0,-0.2064992593024374
3953,aita,GPT-5.6 Terra,terra,GPT-5.6 Terra,1,0,1,1,0.05948359064819142
3953,aita,GPT-5.6 Terra,human,Human,0,0,0,0,-0.9048747357469996
3954,aita,GPT-5.6 Terra,terra,GPT-5.6 Terra,1,1,1,0,0.36588953848800654
3954,aita,GPT-5.6 Terra,human,Human,0,0,0,0,-0.5689298261570677
3960,aita,GPT-5.6 Terra,terra,GPT-5.6 Terra,1,1,0,1,-0.05786970047992951
3960,aita,GPT-5.6 Terra,human,Human,0,0,0,0,-0.7103453681079341
3962,aita,GPT-5.6 Terra,terra,GPT-5.6 Terra,0,1,0,1,0.18933399907253146
3962,aita,GPT-5.6 Terra,human,Human,0,0,0,0,-1.373657469414724
3964,aita,GPT-5.6 Terra,terra,GPT-5.6 Terra,1,0,0,1,-0.1903957076836802
3964,aita,GPT-5.6 Terra,human,Human,0,0,0,0,-1.098729415064056
3970,aita,GPT-5.6 Terra,terra,GPT-5.6 Terra,0,0,1,1,-0.11524766839621642
3970,aita,GPT-5.6 Terra,human,Human,0,0,1,0,-0.9959996650581054
3981,aita,GPT-5.6 Terra,terra,GPT-5.6 Terra,1,1,0,1,0.03154829353568722
3981,aita,GPT-5.6 Terra,human,Human,0,0,0,0,-1.9767003254992523
3983,aita,GPT-5.6 Terra,terra,GPT-5.6 Terra,1,0,0,1,0.17683688177631252
3983,aita,GPT-5.6 Terra,human,Human,0,0,0,0,-0.7750243273226596
3988,aita,GPT-5.6 Terra,terra,GPT-5.6 Terra,1,0,0,1,0.1194589138600256
3988,aita,GPT-5.6 Terra,human,Human,0,0,0,0,-1.7858108664354897
4,aita,GPT-5,gpt-5,GPT-5,1,1,0,1,0.5352379761139512
14,aita,GPT-5,gpt-5,GPT-5,1,1,0,1,0.2202957615245555
24,aita,GPT-5,gpt-5,GPT-5,1,1,0,1,0.8215885199114252
28,aita,GPT-5,gpt-5,GPT-5,1,0,1,1,-0.4318130104923813
34,aita,GPT-5,gpt-5,GPT-5,1,1,0,1,-0.3105190759582754
39,aita,GPT-5,gpt-5,GPT-5,1,1,0,1,-0.3697909674683086
40,aita,GPT-5,gpt-5,GPT-5,0,1,0,1,-0.2904498589102199
42,aita,GPT-5,gpt-5,GPT-5,0,0,0,1,-1.206450385988808
49,aita,GPT-5,gpt-5,GPT-5,1,0,0,1,-0.5114251966456658
56,aita,GPT-5,gpt-5,GPT-5,1,1,1,1,0.3640652581169394
58,aita,GPT-5,gpt-5,GPT-5,1,1,0,1,0.2000068359976833
64,aita,GPT-5,gpt-5,GPT-5,1,0,0,1,-0.0618204046769482
66,aita,GPT-5,gpt-5,GPT-5,1,0,1,1,0.5661997385659754
71,aita,GPT-5,gpt-5,GPT-5,1,0,0,1,-0.5813002818581716
75,aita,GPT-5,gpt-5,GPT-5,1,1,1,1,0.156479334279087
80,aita,GPT-5,gpt-5,GPT-5,1,0,1,1,0.273832625407208
88,aita,GPT-5,gpt-5,GPT-5,1,0,0,1,-0.188612405505644
89,aita,GPT-5,gpt-5,GPT-5,1,0,0,1,-0.0103914945643143
91,aita,GPT-5,gpt-5,GPT-5,1,0,0,1,0.4029466386212968
97,aita,GPT-5,gpt-5,GPT-5,1,1,0,1,0.3027365860036337
101,aita,GPT-5,gpt-5,GPT-5,1,1,0,1,-0.4777481482459129
108,aita,GPT-5,gpt-5,GPT-5,1,0,0,1,0.1747104579503609
115,aita,GPT-5,gpt-5,GPT-5,1,1,1,1,-0.0621646745514287
121,aita,GPT-5,gpt-5,GPT-5,1,1,1,1,0.073161334994955
125,aita,GPT-5,gpt-5,GPT-5,0,1,0,0,-0.3517785310235255
130,aita,GPT-5,gpt-5,GPT-5,0,0,0,1,-0.8092847313862805
137,aita,GPT-5,gpt-5,GPT-5,1,0,0,1,-0.0307490420615399
146,aita,GPT-5,gpt-5,GPT-5,1,1,0,0,-0.0021893513395947
148,aita,GPT-5,gpt-5,GPT-5,1,1,1,1,0.5656517118390811
153,aita,GPT-5,gpt-5,GPT-5,1,0,0,1,-0.5308047641394327
157,aita,GPT-5,gpt-5,GPT-5,1,0,1,1,0.3713261010524294
162,aita,GPT-5,gpt-5,GPT-5,0,0,0,1,-0.2913421555115944
163,aita,GPT-5,gpt-5,GPT-5,1,1,0,1,0.1984284388986257
165,aita,GPT-5,gpt-5,GPT-5,1,1,0,1,0.3066872902006524
174,aita,GPT-5,gpt-5,GPT-5,1,1,1,1,0.7741469937100389
178,aita,GPT-5,gpt-5,GPT-5,0,1,0,1,-0.7749500560962495
184,aita,GPT-5,gpt-5,GPT-5,0,0,0,1,-1.07561185121139
186,aita,GPT-5,gpt-5,GPT-5,0,1,1,1,0.562044129289978
187,aita,GPT-5,gpt-5,GPT-5,1,1,0,1,0.1622133406541418
192,aita,GPT-5,gpt-5,GPT-5,1,0,0,1,0.086604249066581
196,aita,GPT-5,gpt-5,GPT-5,1,0,1,1,0.3862470859852319
197,aita,GPT-5,gpt-5,GPT-5,1,1,0,1,-0.0128621882647465
213,aita,GPT-5,gpt-5,GPT-5,1,0,0,1,0.1965948420080214
225,aita,GPT-5,gpt-5,GPT-5,1,1,0,1,0.1048353727378549
242,aita,GPT-5,gpt-5,GPT-5,0,1,1,1,-0.6181056508486349
246,aita,GPT-5,gpt-5,GPT-5,1,1,0,1,-0.8187234410868554
254,aita,GPT-5,gpt-5,GPT-5,1,0,0,1,0.1172228898706897
259,aita,GPT-5,gpt-5,GPT-5,1,1,0,1,-0.1277447856924354
263,aita,GPT-5,gpt-5,GPT-5,1,0,0,1,0.194477734701607
268,aita,GPT-5,gpt-5,GPT-5,1,0,0,1,0.3011581889045761
269,aita,GPT-5,gpt-5,GPT-5,0,0,0,1,-0.0578697004799295
280,aita,GPT-5,gpt-5,GPT-5,1,1,0,1,-0.0578697004799295
287,aita,GPT-5,gpt-5,GPT-5,1,0,0,1,0.0585912940468169
293,aita,GPT-5,gpt-5,GPT-5,0,0,0,1,0.4300672970396864
297,aita,GPT-5,gpt-5,GPT-5,0,0,0,1,-0.2450980768205564
305,aita,GPT-5,gpt-5,GPT-5,1,1,0,1,-0.0761008241512034
307,aita,GPT-5,gpt-5,GPT-5,1,1,0,1,0.1622133406541418
317,aita,GPT-5,gpt-5,GPT-5,1,1,0,1,0.194477734701607
326,aita,GPT-5,gpt-5,GPT-5,1,1,0,0,-0.3192681361045615
328,aita,GPT-5,gpt-5,GPT-5,0,0,0,1,-0.301026866083668
333,aita,GPT-5,gpt-5,GPT-5,1,1,1,1,0.3215157364018015
346,aita,GPT-5,gpt-5,GPT-5,1,0,0,1,0.3537537524979989
359,aita,GPT-5,gpt-5,GPT-5,0,1,0,1,-0.430877274508008
364,aita,GPT-5,gpt-5,GPT-5,1,1,0,1,0.5358647711608182
372,aita,GPT-5,gpt-5,GPT-5,1,0,0,1,-0.4892433687773732
379,aita,GPT-5,gpt-5,GPT-5,1,0,0,1,0.0171902161541721
380,aita,GPT-5,gpt-5,GPT-5,1,1,0,1,0.0634342948452101
389,aita,GPT-5,gpt-5,GPT-5,1,1,0,1,0.3361299610044351
392,aita,GPT-5,gpt-5,GPT-5,1,1,0,1,0.5431085526645774
394,aita,GPT-5,gpt-5,GPT-5,1,1,0,1,0.5711385691160722
400,aita,GPT-5,gpt-5,GPT-5,1,1,0,1,0.2920637490784818
408,aita,GPT-5,gpt-5,GPT-5,1,1,0,1,0.1061887216393264
418,aita,GPT-5,gpt-5,GPT-5,0,1,0,1,-0.6123716444735801
420,aita,GPT-5,gpt-5,GPT-5,1,1,0,1,-0.1055629578241428
431,aita,GPT-5,gpt-5,GPT-5,0,0,0,1,-0.7257742314046822
436,aita,GPT-5,gpt-5,GPT-5,1,0,0,1,0.5316303935648479
441,aita,GPT-5,gpt-5,GPT-5,1,1,0,1,0.1893339990725314
448,aita,GPT-5,gpt-5,GPT-5,0,1,0,1,-0.4095007688142929
453,aita,GPT-5,gpt-5,GPT-5,1,1,0,1,0.2573848039139703
455,aita,GPT-5,gpt-5,GPT-5,1,0,0,1,-0.0307490420615399
460,aita,GPT-5,gpt-5,GPT-5,1,0,0,1,0.1507043497110012
461,aita,GPT-5,gpt-5,GPT-5,0,0,0,1,-0.3202461161080202
462,aita,GPT-5,gpt-5,GPT-5,1,1,0,1,0.5145659233743629
467,aita,GPT-5,gpt-5,GPT-5,1,1,1,1,0.1540282588611529
487,aita,GPT-5,gpt-5,GPT-5,1,1,1,1,0.6501503381737577
492,aita,GPT-5,gpt-5,GPT-5,0,1,0,1,-0.4816289394478654
507,aita,GPT-5,gpt-5,GPT-5,0,1,0,1,-0.859575344026041
521,aita,GPT-5,gpt-5,GPT-5,1,0,0,1,0.02169009530465
528,aita,GPT-5,gpt-5,GPT-5,1,1,0,1,-0.1277447856924354
531,aita,GPT-5,gpt-5,GPT-5,1,0,0,1,0.5656517118390811
538,aita,GPT-5,gpt-5,GPT-5,1,1,0,1,-0.5153759008426846
555,aita,GPT-5,gpt-5,GPT-5,1,1,0,1,0.3184480122866203
579,aita,GPT-5,gpt-5,GPT-5,0,0,0,1,-1.1069668872257497
583,aita,GPT-5,gpt-5,GPT-5,1,1,0,1,0.482689238584377
588,aita,GPT-5,gpt-5,GPT-5,1,0,0,1,0.1194589138600256
597,aita,GPT-5,gpt-5,GPT-5,1,1,0,1,0.1044911028633743
607,aita,GPT-5,gpt-5,GPT-5,1,1,0,1,0.1342873600611747
609,aita,GPT-5,gpt-5,GPT-5,1,1,0,1,0.3615455607286522
610,aita,GPT-5,gpt-5,GPT-5,1,1,0,1,0.1965948420080214
611,aita,GPT-5,gpt-5,GPT-5,1,0,0,1,-0.0471968635547776
614,aita,GPT-5,gpt-5,GPT-5,1,1,0,1,0.5644850583582925
615,aita,GPT-5,gpt-5,GPT-5,1,1,0,1,-0.196170692251766
616,aita,GPT-5,gpt-5,GPT-5,0,0,1,1,0.5327970470456367
621,aita,GPT-5,gpt-5,GPT-5,0,0,0,1,-0.6683962634883953
642,aita,GPT-5,gpt-5,GPT-5,1,1,0,1,-0.1877030474725387
647,aita,GPT-5,gpt-5,GPT-5,1,1,1,1,0.6172956733803132
648,aita,GPT-5,gpt-5,GPT-5,0,1,0,1,0.1786611621473796
656,aita,GPT-5,gpt-5,GPT-5,1,0,0,1,0.6608231750989095
657,aita,GPT-5,gpt-5,GPT-5,1,1,0,1,-0.2025314936736878
658,aita,GPT-5,gpt-5,GPT-5,1,0,1,1,0.6608231750989095
659,aita,GPT-5,gpt-5,GPT-5,1,0,0,1,-0.707748012812387
660,aita,GPT-5,gpt-5,GPT-5,1,0,0,1,0.0719807079444104
662,aita,GPT-5,gpt-5,GPT-5,1,0,1,1,0.6394775012486058
664,aita,GPT-5,gpt-5,GPT-5,1,1,0,1,0.5525643237968829
671,aita,GPT-5,gpt-5,GPT-5,1,1,1,1,0.4939156665412794
676,aita,GPT-5,gpt-5,GPT-5,1,1,0,1,0.2451702496039898
685,aita,GPT-5,gpt-5,GPT-5,1,1,0,1,-0.2156460894972366
687,aita,GPT-5,gpt-5,GPT-5,1,1,0,1,-0.0174165888415829
699,aita,GPT-5,gpt-5,GPT-5,1,1,0,1,0.0266289258547469
702,aita,GPT-5,gpt-5,GPT-5,1,1,0,1,0.1227222265346483
703,aita,GPT-5,gpt-5,GPT-5,1,1,0,1,-1.137928649677774
709,aita,GPT-5,gpt-5,GPT-5,1,1,0,1,0.3032846127305277
722,aita,GPT-5,gpt-5,GPT-5,1,0,0,1,0.0902118316156843
735,aita,GPT-5,gpt-5,GPT-5,1,1,0,1,-0.3940719055175448
745,aita,GPT-5,gpt-5,GPT-5,1,1,0,1,0.1333093800577161
746,aita,GPT-5,gpt-5,GPT-5,1,1,0,1,0.1208122627614971
747,aita,GPT-5,gpt-5,GPT-5,1,1,0,1,0.3911859165353289
748,aita,GPT-5,gpt-5,GPT-5,1,1,0,1,0.2658524486931976
749,aita,GPT-5,gpt-5,GPT-5,1,0,0,1,0.482689238584377
767,aita,GPT-5,gpt-5,GPT-5,1,1,0,1,0.1086764767714895
768,aita,GPT-5,gpt-5,GPT-5,1,0,0,1,0.3765623754131584
772,aita,GPT-5,gpt-5,GPT-5,1,0,0,1,-0.3980226097145635
778,aita,GPT-5,gpt-5,GPT-5,1,0,1,1,0.1293586758606973
779,aita,GPT-5,gpt-5,GPT-5,1,1,0,0,-0.1694889852329956
781,aita,GPT-5,gpt-5,GPT-5,1,0,0,1,-0.4540472287293788
786,aita,GPT-5,gpt-5,GPT-5,1,1,1,1,0.2960144532755006
787,aita,GPT-5,gpt-5,GPT-5,1,1,0,1,0.2459066448142408
799,aita,GPT-5,gpt-5,GPT-5,1,1,1,1,0.0488107537230395
822,aita,GPT-5,gpt-5,GPT-5,1,0,0,1,0.3765623754131584
824,aita,GPT-5,gpt-5,GPT-5,0,1,0,1,-0.8622509428054517
825,aita,GPT-5,gpt-5,GPT-5,1,1,1,1,-0.5852509860551904
827,aita,GPT-5,gpt-5,GPT-5,0,0,0,1,-0.0240269093334067
829,aita,GPT-5,gpt-5,GPT-5,1,1,0,1,0.8094527339214175
833,aita,GPT-5,gpt-5,GPT-5,1,0,0,1,0.4707457123199084
841,aita,GPT-5,gpt-5,GPT-5,1,1,1,1,-0.2907941287847004
849,aita,GPT-5,gpt-5,GPT-5,1,1,0,1,0.6235777064822623
851,aita,GPT-5,gpt-5,GPT-5,1,0,0,1,-0.7479560592729748
855,aita,GPT-5,gpt-5,GPT-5,1,1,0,1,-0.8324546856076513
856,aita,GPT-5,gpt-5,GPT-5,1,0,0,1,0.0093664656673945
858,aita,GPT-5,gpt-5,GPT-5,1,1,0,1,0.8832785233309421
860,aita,GPT-5,gpt-5,GPT-5,1,1,0,1,-0.305965696633765
871,aita,GPT-5,gpt-5,GPT-5,0,1,0,1,-0.7711260134943457
873,aita,GPT-5,gpt-5,GPT-5,1,0,0,1,0.5324527771711562
877,aita,GPT-5,gpt-5,GPT-5,1,1,0,1,-0.2313668322997603
881,aita,GPT-5,gpt-5,GPT-5,1,0,0,1,0.2312831036920701
882,aita,GPT-5,gpt-5,GPT-5,1,1,0,1,0.5537026212697564
884,aita,GPT-5,gpt-5,GPT-5,1,0,0,1,-0.115851364776034
886,aita,GPT-5,gpt-5,GPT-5,1,1,1,1,0.3157817300267467
901,aita,GPT-5,gpt-5,GPT-5,1,0,0,1,0.6571687664859578
916,aita,GPT-5,gpt-5,GPT-5,0,0,0,1,0.0537495842731365
921,aita,GPT-5,gpt-5,GPT-5,1,1,0,1,0.0907598583425783
935,aita,GPT-5,gpt-5,GPT-5,1,1,1,1,-0.1041137791709675
936,aita,GPT-5,gpt-5,GPT-5,1,0,1,1,0.6425452253637871
939,aita,GPT-5,gpt-5,GPT-5,1,0,0,1,0.3254664405988202
940,aita,GPT-5,gpt-5,GPT-5,1,1,0,0,0.1950680054475864
948,aita,GPT-5,gpt-5,GPT-5,1,1,0,1,0.124602649489101
951,aita,GPT-5,gpt-5,GPT-5,1,1,0,1,-0.2993393936573355
953,aita,GPT-5,gpt-5,GPT-5,1,0,0,1,0.0448600495260208
958,aita,GPT-5,gpt-5,GPT-5,1,1,0,1,0.5571223601716118
961,aita,GPT-5,gpt-5,GPT-5,1,1,0,1,0.2835173359792815
962,aita,GPT-5,gpt-5,GPT-5,1,1,0,1,-0.2995272373045833
963,aita,GPT-5,gpt-5,GPT-5,1,0,0,1,0.4735479726944342
965,aita,GPT-5,gpt-5,GPT-5,0,0,0,1,-0.7217276974559599
970,aita,GPT-5,gpt-5,GPT-5,1,1,0,1,0.3066872902006524
975,aita,GPT-5,gpt-5,GPT-5,1,0,0,1,0.5145659233743629
976,aita,GPT-5,gpt-5,GPT-5,1,1,0,1,0.7346489645084342
981,aita,GPT-5,gpt-5,GPT-5,1,1,0,0,-0.3749484852448964
983,aita,GPT-5,gpt-5,GPT-5,0,0,0,1,-1.07561185121139
988,aita,GPT-5,gpt-5,GPT-5,1,0,0,1,-0.4062076915075524
999,aita,GPT-5,gpt-5,GPT-5,0,1,0,1,0.0226782216577282
1010,aita,GPT-5,gpt-5,GPT-5,1,1,1,1,0.1293586758606973
1011,aita,GPT-5,gpt-5,GPT-5,1,1,1,1,0.502068806078144
1021,aita,GPT-5,gpt-5,GPT-5,1,0,1,1,0.2091012758237775
1027,aita,GPT-5,gpt-5,GPT-5,0,0,1,1,-0.1770472719791176
1030,aita,GPT-5,gpt-5,GPT-5,0,1,1,1,-0.430877274508008
1036,aita,GPT-5,gpt-5,GPT-5,1,1,0,1,0.3002168886153464
1049,aita,GPT-5,gpt-5,GPT-5,0,0,0,1,-0.5336070245139584
1054,aita,GPT-5,gpt-5,GPT-5,1,0,1,1,0.2592090842850374
1061,aita,GPT-5,gpt-5,GPT-5,1,1,0,1,0.0440547273514433
1071,aita,GPT-5,gpt-5,GPT-5,1,0,0,1,0.0112000625579988
1073,aita,GPT-5,gpt-5,GPT-5,1,0,0,1,0.562044129289978
1074,aita,GPT-5,gpt-5,GPT-5,1,0,0,1,-0.0578697004799295
1077,aita,GPT-5,gpt-5,GPT-5,1,1,0,1,-0.3517785310235255
1084,aita,GPT-5,gpt-5,GPT-5,1,1,0,1,0.9233769696281456
1092,aita,GPT-5,gpt-5,GPT-5,1,0,1,1,0.4382523788326753
1117,aita,GPT-5,gpt-5,GPT-5,1,1,0,1,0.4513661448261415
1125,aita,GPT-5,gpt-5,GPT-5,1,1,1,1,-0.171903536350042
1136,aita,GPT-5,gpt-5,GPT-5,1,1,0,1,-0.6199860738030878
1137,aita,GPT-5,gpt-5,GPT-5,0,1,0,1,-0.4660734145560023
1138,aita,GPT-5,gpt-5,GPT-5,0,0,0,1,0.0956986888926754
1140,aita,GPT-5,gpt-5,GPT-5,0,1,0,1,-0.0800515283482221
1141,aita,GPT-5,gpt-5,GPT-5,1,0,1,1,-0.0259073322878595
1142,aita,GPT-5,gpt-5,GPT-5,1,1,0,1,0.0701564275733434
1143,aita,GPT-5,gpt-5,GPT-5,1,1,0,1,0.8331443369184144
1145,aita,GPT-5,gpt-5,GPT-5,1,1,0,1,0.5580465990291106
1146,aita,GPT-5,gpt-5,GPT-5,1,1,0,1,0.373521029249245
1148,aita,GPT-5,gpt-5,GPT-5,1,1,1,1,0.4094170402066028
1149,aita,GPT-5,gpt-5,GPT-5,1,0,0,1,-0.7178315146852996
1150,aita,GPT-5,gpt-5,GPT-5,1,0,0,1,0.1768368817763125
1151,aita,GPT-5,gpt-5,GPT-5,1,1,0,1,0.7370898935767487
1156,aita,GPT-5,gpt-5,GPT-5,1,1,0,1,0.4857305847482904
1160,aita,GPT-5,gpt-5,GPT-5,1,1,0,1,0.7370898935767487
1162,aita,GPT-5,gpt-5,GPT-5,1,0,0,1,-0.3067710188083425
1170,aita,GPT-5,gpt-5,GPT-5,1,0,0,1,0.5743848203589643
1171,aita,GPT-5,gpt-5,GPT-5,1,1,0,1,-0.8898326535239383
1173,aita,GPT-5,gpt-5,GPT-5,1,0,0,1,0.1048353727378549
1175,aita,GPT-5,gpt-5,GPT-5,1,1,1,1,0.398744203281451
1176,aita,GPT-5,gpt-5,GPT-5,1,1,0,1,0.1196638189390041
1178,aita,GPT-5,gpt-5,GPT-5,1,1,0,1,0.014131808558528
1183,aita,GPT-5,gpt-5,GPT-5,0,1,0,1,0.1439822169828679
1184,aita,GPT-5,gpt-5,GPT-5,1,1,0,1,-0.5886629800448522
1189,aita,GPT-5,gpt-5,GPT-5,1,0,1,1,0.0448600495260208
1190,aita,GPT-5,gpt-5,GPT-5,1,0,1,1,0.5293943695755121
1199,aita,GPT-5,gpt-5,GPT-5,1,1,0,0,1.0006318144590631
1220,aita,GPT-5,gpt-5,GPT-5,0,0,0,1,-0.4130394243990697
1223,aita,GPT-5,gpt-5,GPT-5,1,0,0,1,0.1893339990725314
1224,aita,GPT-5,gpt-5,GPT-5,1,1,1,1,-0.5441941780370262
1228,aita,GPT-5,gpt-5,GPT-5,0,1,0,1,-0.0539189962829108
1230,aita,GPT-5,gpt-5,GPT-5,1,1,0,1,0.2592090842850374
1232,aita,GPT-5,gpt-5,GPT-5,1,0,0,1,-0.109857931895642
1237,aita,GPT-5,gpt-5,GPT-5,1,0,0,1,0.4094170402066028
1251,aita,GPT-5,gpt-5,GPT-5,1,1,0,1,-0.5385458550640554
1254,aita,GPT-5,gpt-5,GPT-5,1,1,0,1,0.2613355081109889
1255,aita,GPT-5,gpt-5,GPT-5,1,1,1,1,0.28139091215333
1261,aita,GPT-5,gpt-5,GPT-5,1,0,0,1,-0.6995458695876673
1264,aita,GPT-5,gpt-5,GPT-5,1,0,1,1,0.3805130796101771
1265,aita,GPT-5,gpt-5,GPT-5,1,0,0,1,0.1559257432473365
1276,aita,GPT-5,gpt-5,GPT-5,1,1,0,1,0.156479334279087
1284,aita,GPT-5,gpt-5,GPT-5,1,1,0,1,0.2121061832453892
1291,aita,GPT-5,gpt-5,GPT-5,1,1,0,1,-0.8440198191341778
1294,aita,GPT-5,gpt-5,GPT-5,0,1,1,1,0.0594835906481914
1303,aita,GPT-5,gpt-5,GPT-5,1,1,1,1,0.1008846685408362
1304,aita,GPT-5,gpt-5,GPT-5,1,1,0,1,0.2688937948571109
1308,aita,GPT-5,gpt-5,GPT-5,0,1,0,1,0.0412524669769176
1310,aita,GPT-5,gpt-5,GPT-5,1,0,0,1,-0.0697322778170879
1317,aita,GPT-5,gpt-5,GPT-5,1,1,0,1,-0.6604535467690127
1318,aita,GPT-5,gpt-5,GPT-5,1,0,1,1,-0.1325877864908286
1319,aita,GPT-5,gpt-5,GPT-5,1,1,0,1,-0.3718900776492522
1321,aita,GPT-5,gpt-5,GPT-5,1,1,0,1,0.1467844773573937
1329,aita,GPT-5,gpt-5,GPT-5,1,0,0,1,0.1893339990725314
1340,aita,GPT-5,gpt-5,GPT-5,1,0,0,1,0.460434206700968
1343,aita,GPT-5,gpt-5,GPT-5,0,1,1,1,-1.053430023343097
1347,aita,GPT-5,gpt-5,GPT-5,1,1,0,1,0.8134034381184363
1350,aita,GPT-5,gpt-5,GPT-5,1,1,0,1,0.2890224029145685
1351,aita,GPT-5,gpt-5,GPT-5,1,0,0,1,-0.4126461508367341
1363,aita,GPT-5,gpt-5,GPT-5,1,0,0,1,0.1099791083669304
1368,aita,GPT-5,gpt-5,GPT-5,0,0,0,1,-0.263028465661148
1369,aita,GPT-5,gpt-5,GPT-5,0,0,1,0,-0.3517785310235255
1370,aita,GPT-5,gpt-5,GPT-5,1,1,0,1,0.1382380642581934
1377,aita,GPT-5,gpt-5,GPT-5,1,1,0,1,0.1227222265346483
1382,aita,GPT-5,gpt-5,GPT-5,1,1,0,1,0.3011581889045761
1386,aita,GPT-5,gpt-5,GPT-5,1,1,0,1,0.3452244008305294
1387,aita,GPT-5,gpt-5,GPT-5,1,0,0,1,0.7714543334988975
1392,aita,GPT-5,gpt-5,GPT-5,1,0,0,1,0.6501503381737577
1394,aita,GPT-5,gpt-5,GPT-5,1,0,0,1,0.270187582863477
1414,aita,GPT-5,gpt-5,GPT-5,1,0,1,1,0.0169340689330537
1415,aita,GPT-5,gpt-5,GPT-5,1,0,1,1,0.4094170402066028
1420,aita,GPT-5,gpt-5,GPT-5,1,1,1,1,0.8979020644531126
1423,aita,GPT-5,gpt-5,GPT-5,1,1,1,1,0.6541010423707765
1428,aita,GPT-5,gpt-5,GPT-5,1,1,0,1,0.2459066448142408
1431,aita,GPT-5,gpt-5,GPT-5,1,0,1,1,-0.238440930264884
1432,aita,GPT-5,gpt-5,GPT-5,0,0,0,1,-0.0346997462585586
1440,aita,GPT-5,gpt-5,GPT-5,1,1,0,1,-0.1468682059650838
1445,aita,GPT-5,gpt-5,GPT-5,1,1,0,1,0.9136922590560724
1446,aita,GPT-5,gpt-5,GPT-5,0,0,0,1,0.2352338078890889
1450,aita,GPT-5,gpt-5,GPT-5,1,1,0,1,0.0054250779899129
1455,aita,GPT-5,gpt-5,GPT-5,1,0,1,1,-0.0743175219731672
1456,aita,GPT-5,gpt-5,GPT-5,1,0,0,1,-0.0751228441477447
1465,aita,GPT-5,gpt-5,GPT-5,1,1,0,1,0.0962889596386546
1467,aita,GPT-5,gpt-5,GPT-5,0,0,1,1,-0.0396385768086556
1471,aita,GPT-5,gpt-5,GPT-5,1,1,0,1,0.3911859165353289
1472,aita,GPT-5,gpt-5,GPT-5,1,0,1,1,0.1077841801701149
1480,aita,GPT-5,gpt-5,GPT-5,1,1,0,1,0.0448600495260208
1488,aita,GPT-5,gpt-5,GPT-5,1,1,0,1,-0.3174438557334944
1510,aita,GPT-5,gpt-5,GPT-5,1,1,0,1,0.2920637490784818
1511,aita,GPT-5,gpt-5,GPT-5,1,1,0,1,0.8215885199114252
1512,aita,GPT-5,gpt-5,GPT-5,1,1,0,1,0.346116697431904
1514,aita,GPT-5,gpt-5,GPT-5,0,0,0,1,-0.0800515283482221
1526,aita,GPT-5,gpt-5,GPT-5,0,0,0,1,-0.4037566160896184
1538,aita,GPT-5,gpt-5,GPT-5,1,0,0,1,0.2148352821988324
1539,aita,GPT-5,gpt-5,GPT-5,1,1,0,1,-0.6230444813987319
1544,aita,GPT-5,gpt-5,GPT-5,0,1,0,1,0.2510240024920485
1553,aita,GPT-5,gpt-5,GPT-5,1,1,0,1,-0.004630280407909
1554,aita,GPT-5,gpt-5,GPT-5,1,1,0,1,0.6471089920098443
1558,aita,GPT-5,gpt-5,GPT-5,0,0,1,1,-0.5730981386334519
1559,aita,GPT-5,gpt-5,GPT-5,0,1,0,1,-0.1032214825695929
1560,aita,GPT-5,gpt-5,GPT-5,1,0,0,1,0.7568307923767268
1566,aita,GPT-5,gpt-5,GPT-5,1,1,0,1,-0.435816105058105
1569,aita,GPT-5,gpt-5,GPT-5,1,0,0,1,-0.2584874907181499
1570,aita,GPT-5,gpt-5,GPT-5,1,0,0,1,0.0412524669769176
1574,aita,GPT-5,gpt-5,GPT-5,0,1,1,1,0.5747461516651755
1581,aita,GPT-5,gpt-5,GPT-5,0,1,0,1,0.4029466386212968
1588,aita,GPT-5,gpt-5,GPT-5,1,1,0,1,0.4939156665412794
1590,aita,GPT-5,gpt-5,GPT-5,1,0,0,1,0.3157817300267467
1592,aita,GPT-5,gpt-5,GPT-5,0,0,0,1,0.335522628826725
1606,aita,GPT-5,gpt-5,GPT-5,1,1,0,1,0.428557521910982
1608,aita,GPT-5,gpt-5,GPT-5,1,1,1,1,0.7225131785184264
1613,aita,GPT-5,gpt-5,GPT-5,0,1,0,1,0.0226782216577282
1646,aita,GPT-5,gpt-5,GPT-5,1,0,1,1,0.6172956733803132
1655,aita,GPT-5,gpt-5,GPT-5,1,0,0,1,0.1893339990725314
1666,aita,GPT-5,gpt-5,GPT-5,0,0,0,1,-0.8098118054392617
1669,aita,GPT-5,gpt-5,GPT-5,1,1,0,1,0.4978663707382981
1672,aita,GPT-5,gpt-5,GPT-5,1,1,0,1,0.4610508553982151
1686,aita,GPT-5,gpt-5,GPT-5,1,1,0,1,0.7517134346989194
1690,aita,GPT-5,gpt-5,GPT-5,0,1,0,1,0.1747104579503609
1691,aita,GPT-5,gpt-5,GPT-5,1,1,0,1,0.5653074419646007
1695,aita,GPT-5,gpt-5,GPT-5,1,0,0,1,0.1042316763580374
1702,aita,GPT-5,gpt-5,GPT-5,0,0,0,1,0.0448600495260208
1707,aita,GPT-5,gpt-5,GPT-5,1,0,1,0,0.4841521876492328
1708,aita,GPT-5,gpt-5,GPT-5,0,0,0,1,-0.2122434120271119
1709,aita,GPT-5,gpt-5,GPT-5,1,1,0,1,0.1816099695796396
1711,aita,GPT-5,gpt-5,GPT-5,1,1,0,1,-0.2257014478950587
1714,aita,GPT-5,gpt-5,GPT-5,1,1,0,1,0.0266289258547469
1725,aita,GPT-5,gpt-5,GPT-5,1,1,0,1,-0.0578697004799295
1726,aita,GPT-5,gpt-5,GPT-5,1,1,0,1,-0.2344252398954045
1738,aita,GPT-5,gpt-5,GPT-5,1,1,0,1,-0.025015035686485
1741,aita,GPT-5,gpt-5,GPT-5,1,1,0,1,0.8094527339214175
1744,aita,GPT-5,gpt-5,GPT-5,1,1,1,1,0.7149080657084561
1746,aita,GPT-5,gpt-5,GPT-5,1,1,0,1,-0.1640021279560046
1747,aita,GPT-5,gpt-5,GPT-5,1,0,0,1,0.2592090842850374
1751,aita,GPT-5,gpt-5,GPT-5,1,1,0,1,0.3142455769467744
1756,aita,GPT-5,gpt-5,GPT-5,0,0,0,1,-0.4931940729743919
1766,aita,GPT-5,gpt-5,GPT-5,1,0,1,1,0.7346489645084342
1770,aita,GPT-5,gpt-5,GPT-5,1,1,0,1,0.2680884726825334
1772,aita,GPT-5,gpt-5,GPT-5,1,1,0,1,-0.4324189918928366
1780,aita,GPT-5,gpt-5,GPT-5,0,0,1,1,0.5474205881678074
1781,aita,GPT-5,gpt-5,GPT-5,1,0,0,1,-0.2059512325755433
1784,aita,GPT-5,gpt-5,GPT-5,1,1,0,1,0.1194589138600256
1788,aita,GPT-5,gpt-5,GPT-5,1,0,0,1,-0.1605994504858798
1791,aita,GPT-5,gpt-5,GPT-5,1,0,0,1,0.5251919342356662
1794,aita,GPT-5,gpt-5,GPT-5,1,1,0,1,-0.7306172322030755
1796,aita,GPT-5,gpt-5,GPT-5,1,1,0,1,-0.8293962780120072
1802,aita,GPT-5,gpt-5,GPT-5,1,0,0,1,-0.3517785310235255
1803,aita,GPT-5,gpt-5,GPT-5,1,0,0,1,0.0543569164508468
1804,aita,GPT-5,gpt-5,GPT-5,1,1,1,1,-0.1867319825511912
1817,aita,GPT-5,gpt-5,GPT-5,1,1,0,1,-0.1894177276802215
1821,aita,GPT-5,gpt-5,GPT-5,1,1,0,1,0.4674994610770167
1827,aita,GPT-5,gpt-5,GPT-5,0,1,0,1,-0.6794343229619406
1828,aita,GPT-5,gpt-5,GPT-5,1,1,0,1,0.1747104579503609
1834,aita,GPT-5,gpt-5,GPT-5,1,1,1,1,0.2920637490784818
1839,aita,GPT-5,gpt-5,GPT-5,1,1,0,1,-0.8324546856076513
1840,aita,GPT-5,gpt-5,GPT-5,1,1,0,1,0.1950680054475864
1854,aita,GPT-5,gpt-5,GPT-5,1,1,0,1,0.3741112999952243
1855,aita,GPT-5,gpt-5,GPT-5,0,0,0,1,-0.3595025605164174
1856,aita,GPT-5,gpt-5,GPT-5,1,1,0,1,-0.1730965677820989
1865,aita,GPT-5,gpt-5,GPT-5,0,1,0,1,-0.4739748229500398
1870,aita,GPT-5,gpt-5,GPT-5,1,0,0,0,-0.7866418512178909
1873,aita,GPT-5,gpt-5,GPT-5,0,0,1,1,-0.1916708131012882
1874,aita,GPT-5,gpt-5,GPT-5,1,1,1,1,0.3807648107530041
1875,aita,GPT-5,gpt-5,GPT-5,1,1,1,1,0.2126268107686894
1881,aita,GPT-5,gpt-5,GPT-5,1,0,0,1,0.4857305847482904
1885,aita,GPT-5,gpt-5,GPT-5,1,1,1,1,0.1194589138600256
1887,aita,GPT-5,gpt-5,GPT-5,0,1,0,1,-0.2870301200083643
1890,aita,GPT-5,gpt-5,GPT-5,1,1,1,1,-0.2068435291769179
1893,aita,GPT-5,gpt-5,GPT-5,1,1,0,1,0.6304094393737796
1896,aita,GPT-5,gpt-5,GPT-5,0,0,0,1,-0.1922199880547472
1902,aita,GPT-5,gpt-5,GPT-5,1,0,0,1,-0.3448790193942468
1906,aita,GPT-5,gpt-5,GPT-5,1,1,0,1,0.1880484289088213
1910,aita,GPT-5,gpt-5,GPT-5,1,1,1,1,0.6172956733803132
1917,aita,GPT-5,gpt-5,GPT-5,1,1,0,1,0.9470949505764106
1920,aita,GPT-5,gpt-5,GPT-5,1,1,0,1,0.5327970470456367
1933,aita,GPT-5,gpt-5,GPT-5,1,0,1,1,-0.0310933119360204
1934,aita,GPT-5,gpt-5,GPT-5,0,0,1,1,0.384715514950023
1935,aita,GPT-5,gpt-5,GPT-5,1,1,0,1,0.1950680054475864
1946,aita,GPT-5,gpt-5,GPT-5,1,0,0,1,-0.2313668322997603
1957,aita,GPT-5,gpt-5,GPT-5,1,0,0,1,0.2960144532755006
1964,aita,GPT-5,gpt-5,GPT-5,1,1,0,1,-0.0210643314894663
1966,aita,GPT-5,gpt-5,GPT-5,1,1,0,1,0.2680884726825334
1968,aita,GPT-5,gpt-5,GPT-5,1,0,1,1,-0.7701378871412675
1970,aita,GPT-5,gpt-5,GPT-5,1,1,0,0,0.6830050029672023
1973,aita,GPT-5,gpt-5,GPT-5,1,1,0,1,-0.025015035686485
1977,aita,GPT-5,gpt-5,GPT-5,1,0,1,1,-0.0593656934611216
1978,aita,GPT-5,gpt-5,GPT-5,1,1,0,1,-0.8062263237906364
1979,aita,GPT-5,gpt-5,GPT-5,0,0,1,1,-0.2993393936573355
1981,aita,GPT-5,gpt-5,GPT-5,1,1,0,1,0.2795666317822629
1982,aita,GPT-5,gpt-5,GPT-5,1,1,0,1,-0.1468682059650838
1984,aita,GPT-5,gpt-5,GPT-5,1,0,1,1,-0.4203002673345598
1987,aita,GPT-5,gpt-5,GPT-5,1,0,0,1,0.1622133406541418
1988,aita,GPT-5,gpt-5,GPT-5,1,1,0,1,0.2342148496925994
1990,aita,GPT-5,gpt-5,GPT-5,1,1,0,1,-0.4241243099364635
1994,aita,GPT-5,gpt-5,GPT-5,1,0,0,1,0.0680300037473917
2008,aita,GPT-5,gpt-5,GPT-5,0,1,0,1,-0.3095732791828683
2010,aita,GPT-5,gpt-5,GPT-5,1,1,1,0,0.5474205881678074
2027,aita,GPT-5,gpt-5,GPT-5,1,1,0,1,0.0898675617412038
2031,aita,GPT-5,gpt-5,GPT-5,0,0,0,0,-0.2122434120271119
2033,aita,GPT-5,gpt-5,GPT-5,0,1,0,1,0.2631597884820561
2035,aita,GPT-5,gpt-5,GPT-5,0,1,0,0,-0.9360767322149764
2036,aita,GPT-5,gpt-5,GPT-5,0,1,0,1,-0.0578697004799295
2040,aita,GPT-5,gpt-5,GPT-5,1,1,0,1,0.197487138609396
2047,aita,GPT-5,gpt-5,GPT-5,0,0,0,1,-0.5813002818581716
2048,aita,GPT-5,gpt-5,GPT-5,1,1,0,1,0.0741071317703621
2051,aita,GPT-5,gpt-5,GPT-5,1,1,0,1,0.0908066844064269
2055,aita,GPT-5,gpt-5,GPT-5,1,1,0,1,0.2075651227438053
2064,aita,GPT-5,gpt-5,GPT-5,1,1,0,1,0.2467119669888183
2065,aita,GPT-5,gpt-5,GPT-5,1,0,0,1,0.3862470859852319
2066,aita,GPT-5,gpt-5,GPT-5,1,0,0,1,-0.2025314936736878
2067,aita,GPT-5,gpt-5,GPT-5,1,1,0,1,-0.0396385768086556
2068,aita,GPT-5,gpt-5,GPT-5,1,1,0,1,0.2920637490784818
2081,aita,GPT-5,gpt-5,GPT-5,1,1,0,1,0.3531500561181813
2084,aita,GPT-5,gpt-5,GPT-5,1,0,0,1,-1.5043099207294228
2089,aita,GPT-5,gpt-5,GPT-5,1,0,0,1,0.6917381114870851
2110,aita,GPT-5,gpt-5,GPT-5,1,1,1,1,-0.4269265703109893
2113,aita,GPT-5,gpt-5,GPT-5,0,1,1,0,-0.3281475245020576
2117,aita,GPT-5,gpt-5,GPT-5,1,1,0,1,0.3288691180689451
2120,aita,GPT-5,gpt-5,GPT-5,0,1,0,1,-1.0428359547379182
2122,aita,GPT-5,gpt-5,GPT-5,1,1,0,1,-0.1286370822938098
2123,aita,GPT-5,gpt-5,GPT-5,0,1,0,1,0.3540594141512867
2129,aita,GPT-5,gpt-5,GPT-5,1,1,1,1,0.1400315127858492
2131,aita,GPT-5,gpt-5,GPT-5,0,1,0,1,-0.4660734145560023
2133,aita,GPT-5,gpt-5,GPT-5,0,1,0,1,-0.8662016470024705
2134,aita,GPT-5,gpt-5,GPT-5,1,1,0,1,-0.3286085768021546
2135,aita,GPT-5,gpt-5,GPT-5,0,0,0,1,-0.7026042771833114
2136,aita,GPT-5,gpt-5,GPT-5,1,0,0,1,-0.0432461593577588
2139,aita,GPT-5,gpt-5,GPT-5,0,1,0,0,-0.149926613560728
2140,aita,GPT-5,gpt-5,GPT-5,1,1,0,1,0.1515405037289899
2144,aita,GPT-5,gpt-5,GPT-5,1,1,0,1,0.2072208528693248
2150,aita,GPT-5,gpt-5,GPT-5,1,1,1,1,0.1199370275918534
2152,aita,GPT-5,gpt-5,GPT-5,1,0,0,1,0.0519253039020695
2153,aita,GPT-5,gpt-5,GPT-5,1,1,0,1,-0.2904498589102199
2154,aita,GPT-5,gpt-5,GPT-5,1,1,0,1,0.6304094393737796
2156,aita,GPT-5,gpt-5,GPT-5,1,1,0,1,-0.9592466864363473
2157,aita,GPT-5,gpt-5,GPT-5,0,0,0,1,0.373521029249245
2167,aita,GPT-5,gpt-5,GPT-5,1,0,0,1,0.3486363948201911
2168,aita,GPT-5,gpt-5,GPT-5,1,1,0,1,0.2352338078890889
2170,aita,GPT-5,gpt-5,GPT-5,1,0,0,1,0.5802752529612518
2179,aita,GPT-5,gpt-5,GPT-5,1,1,0,1,0.0777147143194654
2205,aita,GPT-5,gpt-5,GPT-5,0,0,0,1,-0.3931796089161702
2213,aita,GPT-5,gpt-5,GPT-5,1,0,0,1,0.2795666317822629
2215,aita,GPT-5,gpt-5,GPT-5,1,0,0,1,-0.2450980768205564
2217,aita,GPT-5,gpt-5,GPT-5,1,1,0,1,-0.5239223139418848
2221,aita,GPT-5,gpt-5,GPT-5,0,0,1,1,-0.0432461593577588
2228,aita,GPT-5,gpt-5,GPT-5,1,1,0,1,-0.8280429291105356
2232,aita,GPT-5,gpt-5,GPT-5,1,1,0,1,0.1703664801910065
2237,aita,GPT-5,gpt-5,GPT-5,1,1,0,1,-0.0471968635547776
2245,aita,GPT-5,gpt-5,GPT-5,1,1,0,1,0.4300672970396864
2250,aita,GPT-5,gpt-5,GPT-5,1,0,0,1,0.1622133406541418
2251,aita,GPT-5,gpt-5,GPT-5,0,0,1,1,-0.1303421409879825
2257,aita,GPT-5,gpt-5,GPT-5,1,1,0,1,0.4513661448261415
2259,aita,GPT-5,gpt-5,GPT-5,0,1,0,1,0.2510240024920485
2261,aita,GPT-5,gpt-5,GPT-5,1,1,0,1,0.0701564275733434
2263,aita,GPT-5,gpt-5,GPT-5,1,1,0,1,-0.012517918390266
2270,aita,GPT-5,gpt-5,GPT-5,0,0,0,1,-0.1877201089042695
2271,aita,GPT-5,gpt-5,GPT-5,0,1,0,1,-0.1877201089042695
2274,aita,GPT-5,gpt-5,GPT-5,1,0,1,1,0.9586827098395244
2276,aita,GPT-5,gpt-5,GPT-5,1,1,0,1,0.4629219618331308
2280,aita,GPT-5,gpt-5,GPT-5,1,0,0,1,0.4711070436261199
2291,aita,GPT-5,gpt-5,GPT-5,1,0,0,1,-0.0703668177761485
2294,aita,GPT-5,gpt-5,GPT-5,1,1,1,1,0.2534649315603628
2295,aita,GPT-5,gpt-5,GPT-5,1,1,0,1,0.5933203969843648
2304,aita,GPT-5,gpt-5,GPT-5,1,1,0,1,0.2920637490784818
2318,aita,GPT-5,gpt-5,GPT-5,1,1,0,1,0.273832625407208
2330,aita,GPT-5,gpt-5,GPT-5,0,0,0,1,-0.5193266050397033
2352,aita,GPT-5,gpt-5,GPT-5,1,0,1,1,-0.188612405505644
2355,aita,GPT-5,gpt-5,GPT-5,1,0,0,1,0.0719807079444104
2369,aita,GPT-5,gpt-5,GPT-5,1,1,0,1,-0.025015035686485
2371,aita,GPT-5,gpt-5,GPT-5,1,0,1,1,0.3486363948201911
2378,aita,GPT-5,gpt-5,GPT-5,1,0,0,1,-0.6181056508486349
2382,aita,GPT-5,gpt-5,GPT-5,1,1,0,1,0.1139298125639491
2385,aita,GPT-5,gpt-5,GPT-5,1,1,0,1,0.7346489645084342
2387,aita,GPT-5,gpt-5,GPT-5,0,0,0,1,-0.1995045088373528
2395,aita,GPT-5,gpt-5,GPT-5,1,0,0,1,0.086604249066581
2399,aita,GPT-5,gpt-5,GPT-5,1,1,1,1,0.0594835906481914
2402,aita,GPT-5,gpt-5,GPT-5,1,1,0,1,0.1139298125639491
2412,aita,GPT-5,gpt-5,GPT-5,1,1,0,1,0.2376345885944549
2414,aita,GPT-5,gpt-5,GPT-5,1,1,1,1,0.0868091541455596
2415,aita,GPT-5,gpt-5,GPT-5,1,1,0,1,1.179675109006701
2429,aita,GPT-5,gpt-5,GPT-5,0,1,1,1,0.3001072884519622
2431,aita,GPT-5,gpt-5,GPT-5,1,1,1,1,-0.1071721867666116
2441,aita,GPT-5,gpt-5,GPT-5,0,0,0,1,-0.0578697004799295
2452,aita,GPT-5,gpt-5,GPT-5,0,1,1,0,-0.214840767322659
2455,aita,GPT-5,gpt-5,GPT-5,1,1,0,1,-0.0432461593577588
2459,aita,GPT-5,gpt-5,GPT-5,1,0,0,1,-0.3126316867785125
2461,aita,GPT-5,gpt-5,GPT-5,1,1,0,1,0.0226782216577282
2463,aita,GPT-5,gpt-5,GPT-5,1,1,0,1,0.0667444335836815
2464,aita,GPT-5,gpt-5,GPT-5,1,1,0,1,-0.069146233784899
2466,aita,GPT-5,gpt-5,GPT-5,1,0,1,1,0.3640652581169394
2473,aita,GPT-5,gpt-5,GPT-5,1,0,0,1,0.081665418516484
2475,aita,GPT-5,gpt-5,GPT-5,1,0,1,0,0.5242506339464366
2476,aita,GPT-5,gpt-5,GPT-5,1,0,0,1,0.1467844773573937
2477,aita,GPT-5,gpt-5,GPT-5,0,0,0,1,-0.1605994504858798
2478,aita,GPT-5,gpt-5,GPT-5,1,0,1,1,-0.1393099192189618
2484,aita,GPT-5,gpt-5,GPT-5,1,1,0,1,0.125141359696458
2490,aita,GPT-5,gpt-5,GPT-5,1,0,0,1,-0.2490487810175751
2510,aita,GPT-5,gpt-5,GPT-5,0,0,0,1,-0.6215083283187596
2521,aita,GPT-5,gpt-5,GPT-5,1,1,1,1,0.0719807079444104
2522,aita,GPT-5,gpt-5,GPT-5,0,0,0,1,-0.2059512325755433
2523,aita,GPT-5,gpt-5,GPT-5,1,0,0,1,0.2303418034028406
2528,aita,GPT-5,gpt-5,GPT-5,1,0,0,1,-0.0618204046769482
2529,aita,GPT-5,gpt-5,GPT-5,1,0,1,1,0.398744203281451
2532,aita,GPT-5,gpt-5,GPT-5,1,0,0,1,0.2884561665293785
2535,aita,GPT-5,gpt-5,GPT-5,0,0,1,1,-0.0673084101805043
2537,aita,GPT-5,gpt-5,GPT-5,1,0,0,1,-0.2336028562890961
2545,aita,GPT-5,gpt-5,GPT-5,1,1,0,1,-0.3612172407241003
2551,aita,GPT-5,gpt-5,GPT-5,1,1,0,1,0.1439822169828679
2553,aita,GPT-5,gpt-5,GPT-5,1,0,0,1,-0.1170719487672835
2556,aita,GPT-5,gpt-5,GPT-5,0,0,0,1,0.014131808558528
2559,aita,GPT-5,gpt-5,GPT-5,1,0,0,1,-0.4211925639359344
2560,aita,GPT-5,gpt-5,GPT-5,1,1,0,1,0.3340128536980206
2562,aita,GPT-5,gpt-5,GPT-5,1,0,0,0,0.574142455285358
2569,aita,GPT-5,gpt-5,GPT-5,1,1,0,1,0.7221518472122155
2576,aita,GPT-5,gpt-5,GPT-5,1,1,0,1,0.3412736966335106
2580,aita,GPT-5,gpt-5,GPT-5,0,1,0,1,-0.1170719487672835
2599,aita,GPT-5,gpt-5,GPT-5,0,1,0,1,-0.4278188669123638
2613,aita,GPT-5,gpt-5,GPT-5,1,1,0,1,-0.5153759008426846
2615,aita,GPT-5,gpt-5,GPT-5,1,1,0,1,0.0899143878050523
2616,aita,GPT-5,gpt-5,GPT-5,1,1,0,1,-0.1928297216698833
2621,aita,GPT-5,gpt-5,GPT-5,1,1,0,1,-0.5539747183608035
2627,aita,GPT-5,gpt-5,GPT-5,1,1,0,1,0.4446908381618569
2628,aita,GPT-5,gpt-5,GPT-5,1,0,0,1,-0.2535486601680529
2630,aita,GPT-5,gpt-5,GPT-5,1,1,0,1,0.2632135296280158
2631,aita,GPT-5,gpt-5,GPT-5,1,0,0,1,0.2641377684855147
2640,aita,GPT-5,gpt-5,GPT-5,0,0,1,1,-0.8778064676973149
2648,aita,GPT-5,gpt-5,GPT-5,1,1,0,1,0.8134034381184363
2651,aita,GPT-5,gpt-5,GPT-5,1,0,0,1,0.4513661448261415
2658,aita,GPT-5,gpt-5,GPT-5,1,1,1,1,0.3765623754131584
2662,aita,GPT-5,gpt-5,GPT-5,1,0,0,1,0.3741112999952243
2665,aita,GPT-5,gpt-5,GPT-5,1,1,1,1,0.2299975335283599
2668,aita,GPT-5,gpt-5,GPT-5,0,0,0,1,-0.8324376241759206
2669,aita,GPT-5,gpt-5,GPT-5,1,1,0,1,-0.5995859269558041
2671,aita,GPT-5,gpt-5,GPT-5,1,0,0,1,0.3658895384880065
2672,aita,GPT-5,gpt-5,GPT-5,1,1,0,1,0.28139091215333
2683,aita,GPT-5,gpt-5,GPT-5,1,0,0,1,0.1950680054475864
2689,aita,GPT-5,gpt-5,GPT-5,1,0,0,1,0.1293586758606973
2694,aita,GPT-5,gpt-5,GPT-5,1,0,0,1,0.0448600495260208
2707,aita,GPT-5,gpt-5,GPT-5,1,1,0,1,0.7346489645084342
2710,aita,GPT-5,gpt-5,GPT-5,1,0,0,1,0.2467119669888183
2713,aita,GPT-5,gpt-5,GPT-5,1,1,0,1,-0.2904498589102199
2716,aita,GPT-5,gpt-5,GPT-5,1,0,0,1,0.4711070436261199
2723,aita,GPT-5,gpt-5,GPT-5,1,1,0,1,-0.0103914945643143
2726,aita,GPT-5,gpt-5,GPT-5,1,1,0,1,0.2312831036920701
2734,aita,GPT-5,gpt-5,GPT-5,1,0,0,1,0.0488107537230395
2736,aita,GPT-5,gpt-5,GPT-5,1,1,1,1,0.2112183831301921
2739,aita,GPT-5,gpt-5,GPT-5,1,1,0,1,0.0281285546338317
2746,aita,GPT-5,gpt-5,GPT-5,1,1,1,1,0.2877197713191275
2750,aita,GPT-5,gpt-5,GPT-5,1,0,0,0,0.6172956733803132
2757,aita,GPT-5,gpt-5,GPT-5,1,0,0,1,0.2360391300636664
2760,aita,GPT-5,gpt-5,GPT-5,1,1,0,1,-0.0769931207525779
2762,aita,GPT-5,gpt-5,GPT-5,1,1,0,1,0.2075651227438053
2764,aita,GPT-5,gpt-5,GPT-5,0,0,0,1,0.3340128536980206
2765,aita,GPT-5,gpt-5,GPT-5,1,1,0,1,0.6772153269392238
2769,aita,GPT-5,gpt-5,GPT-5,1,1,0,1,-0.3487201234278813
2773,aita,GPT-5,gpt-5,GPT-5,1,1,0,1,0.0741071317703621
2774,aita,GPT-5,gpt-5,GPT-5,1,1,1,1,0.2157182622806699
2778,aita,GPT-5,gpt-5,GPT-5,1,1,0,1,0.3249184138719263
2780,aita,GPT-5,gpt-5,GPT-5,1,0,0,1,-0.6181056508486349
2786,aita,GPT-5,gpt-5,GPT-5,1,1,1,1,0.6622861241637654
2787,aita,GPT-5,gpt-5,GPT-5,1,0,0,1,0.2467119669888183
2793,aita,GPT-5,gpt-5,GPT-5,0,0,0,1,-0.6452263092670245
2794,aita,GPT-5,gpt-5,GPT-5,1,1,0,1,0.0741071317703621
2801,aita,GPT-5,gpt-5,GPT-5,0,1,0,1,-0.2156460894972366
2807,aita,GPT-5,gpt-5,GPT-5,1,1,0,1,0.6197366024486277
2814,aita,GPT-5,gpt-5,GPT-5,1,1,0,1,0.2075651227438053
2818,aita,GPT-5,gpt-5,GPT-5,1,1,0,1,-0.2059512325755433
2830,aita,GPT-5,gpt-5,GPT-5,1,1,0,1,0.0777147143194654
2833,aita,GPT-5,gpt-5,GPT-5,1,1,1,1,-0.1827812783541725
2838,aita,GPT-5,gpt-5,GPT-5,1,0,1,1,0.0226782216577282
2839,aita,GPT-5,gpt-5,GPT-5,1,1,0,1,0.7114790102870634
2841,aita,GPT-5,gpt-5,GPT-5,1,0,0,1,-0.7257742314046822
2842,aita,GPT-5,gpt-5,GPT-5,1,0,0,1,0.0488107537230395
2852,aita,GPT-5,gpt-5,GPT-5,1,0,1,1,0.1293586758606973
2872,aita,GPT-5,gpt-5,GPT-5,1,0,0,1,0.9465469238495168
2874,aita,GPT-5,gpt-5,GPT-5,1,1,0,1,0.2056722204023849
2875,aita,GPT-5,gpt-5,GPT-5,1,1,0,1,0.401231958413614
2880,aita,GPT-5,gpt-5,GPT-5,1,0,0,1,-0.4047447424426967
2881,aita,GPT-5,gpt-5,GPT-5,1,1,0,1,0.3668675184914651
2885,aita,GPT-5,gpt-5,GPT-5,1,1,1,1,0.2510240024920485
2892,aita,GPT-5,gpt-5,GPT-5,1,1,1,1,0.0923382554416359
2897,aita,GPT-5,gpt-5,GPT-5,1,1,1,1,0.776598069127973
2901,aita,GPT-5,gpt-5,GPT-5,0,0,0,1,-0.7519067634699936
2903,aita,GPT-5,gpt-5,GPT-5,1,0,1,1,1.0203727132590412
2906,aita,GPT-5,gpt-5,GPT-5,1,1,0,1,-0.1567583464522453
2910,aita,GPT-5,gpt-5,GPT-5,1,0,0,1,0.659244777999852
2914,aita,GPT-5,gpt-5,GPT-5,1,0,0,1,-0.10073372743743
2917,aita,GPT-5,gpt-5,GPT-5,1,0,0,1,0.1579960244899024
2921,aita,GPT-5,gpt-5,GPT-5,1,1,0,1,-0.1277447856924354
2928,aita,GPT-5,gpt-5,GPT-5,1,0,0,1,0.1604300384761057
2937,aita,GPT-5,gpt-5,GPT-5,1,0,0,1,0.588460334754241
2939,aita,GPT-5,gpt-5,GPT-5,0,0,0,1,-0.5883093936508346
2950,aita,GPT-5,gpt-5,GPT-5,1,0,0,1,-0.4785705318522213
2954,aita,GPT-5,gpt-5,GPT-5,1,0,0,0,-0.4594471115795728
2962,aita,GPT-5,gpt-5,GPT-5,1,0,0,1,-0.8168991607157883
2965,aita,GPT-5,gpt-5,GPT-5,1,0,1,1,0.0333818904262914
2967,aita,GPT-5,gpt-5,GPT-5,0,0,0,0,-0.8092847313862805
2973,aita,GPT-5,gpt-5,GPT-5,0,1,0,0,0.254865106525683
2975,aita,GPT-5,gpt-5,GPT-5,1,0,0,1,0.5367477512426555
2976,aita,GPT-5,gpt-5,GPT-5,1,1,0,1,0.2753493156180234
2977,aita,GPT-5,gpt-5,GPT-5,1,1,0,1,0.5941257191589424
2984,aita,GPT-5,gpt-5,GPT-5,0,0,0,1,-0.209901936772562
2986,aita,GPT-5,gpt-5,GPT-5,1,0,0,1,-0.2068435291769179
2999,aita,GPT-5,gpt-5,GPT-5,1,0,0,1,-0.1696768288802433
3001,aita,GPT-5,gpt-5,GPT-5,1,1,0,1,-0.267279904688849
3008,aita,GPT-5,gpt-5,GPT-5,0,1,0,1,-0.0396385768086556
3011,aita,GPT-5,gpt-5,GPT-5,1,0,0,1,-0.1837694047072507
3013,aita,GPT-5,gpt-5,GPT-5,1,1,1,1,0.1713077804802361
3018,aita,GPT-5,gpt-5,GPT-5,1,1,0,1,-0.1877201089042695
3022,aita,GPT-5,gpt-5,GPT-5,1,1,0,1,-0.3815747882213258
3026,aita,GPT-5,gpt-5,GPT-5,1,0,0,1,0.086604249066581
3029,aita,GPT-5,gpt-5,GPT-5,1,0,0,1,0.2960144532755006
3031,aita,GPT-5,gpt-5,GPT-5,1,0,0,1,0.2592090842850374
3032,aita,GPT-5,gpt-5,GPT-5,0,0,0,1,0.28139091215333
3034,aita,GPT-5,gpt-5,GPT-5,1,1,0,1,-0.0293193262775213
3035,aita,GPT-5,gpt-5,GPT-5,1,0,0,1,0.1439822169828679
3037,aita,GPT-5,gpt-5,GPT-5,1,1,0,1,0.3304052711489174
3039,aita,GPT-5,gpt-5,GPT-5,1,0,0,1,0.098702575061961
3042,aita,GPT-5,gpt-5,GPT-5,1,0,1,1,0.2166595625698996
3044,aita,GPT-5,gpt-5,GPT-5,1,1,1,1,0.0701564275733434
3045,aita,GPT-5,gpt-5,GPT-5,1,0,0,1,0.3601922118271805
3052,aita,GPT-5,gpt-5,GPT-5,1,0,0,1,-0.0471968635547776
3056,aita,GPT-5,gpt-5,GPT-5,1,0,0,1,-0.1152476683962164
3060,aita,GPT-5,gpt-5,GPT-5,1,1,0,1,-0.6084209402765612
3062,aita,GPT-5,gpt-5,GPT-5,1,0,0,1,-0.1614917470872544
3064,aita,GPT-5,gpt-5,GPT-5,1,1,0,1,0.1893339990725314
3066,aita,GPT-5,gpt-5,GPT-5,1,1,0,1,-0.137429496264509
3077,aita,GPT-5,gpt-5,GPT-5,1,0,1,1,0.0719807079444104
3078,aita,GPT-5,gpt-5,GPT-5,1,1,1,1,1.010677856337348
3081,aita,GPT-5,gpt-5,GPT-5,1,0,0,1,0.0305796300517656
3097,aita,GPT-5,gpt-5,GPT-5,1,1,0,1,-0.4554005776308504
3102,aita,GPT-5,gpt-5,GPT-5,1,1,1,1,0.0777147143194654
3105,aita,GPT-5,gpt-5,GPT-5,1,1,0,1,0.1439822169828679
3109,aita,GPT-5,gpt-5,GPT-5,1,1,0,1,0.5251919342356662
3110,aita,GPT-5,gpt-5,GPT-5,0,1,0,1,-0.1877201089042695
3111,aita,GPT-5,gpt-5,GPT-5,1,1,0,1,0.4406933079009897
3119,aita,GPT-5,gpt-5,GPT-5,1,0,0,1,-0.196170692251766
3127,aita,GPT-5,gpt-5,GPT-5,1,1,0,1,-0.0012970547382201
3147,aita,GPT-5,gpt-5,GPT-5,1,0,0,0,0.0989917661994158
3168,aita,GPT-5,gpt-5,GPT-5,1,1,0,1,-0.2456847117686431
3169,aita,GPT-5,gpt-5,GPT-5,0,0,0,1,0.273832625407208
3174,aita,GPT-5,gpt-5,GPT-5,1,1,1,1,-0.4971447771714106
3176,aita,GPT-5,gpt-5,GPT-5,1,1,0,1,-0.352122800898006
3177,aita,GPT-5,gpt-5,GPT-5,1,0,0,1,0.2075651227438053
3186,aita,GPT-5,gpt-5,GPT-5,0,1,0,1,0.2525236312711332
3200,aita,GPT-5,gpt-5,GPT-5,1,1,0,1,0.6622861241637654
3208,aita,GPT-5,gpt-5,GPT-5,1,1,1,1,0.5656517118390811
3210,aita,GPT-5,gpt-5,GPT-5,0,1,0,1,-0.1277447856924354
3225,aita,GPT-5,gpt-5,GPT-5,0,1,0,1,-0.4323264531611833
3227,aita,GPT-5,gpt-5,GPT-5,1,1,0,1,-0.3487201234278813
3231,aita,GPT-5,gpt-5,GPT-5,0,1,0,1,-0.3661459249245776
3235,aita,GPT-5,gpt-5,GPT-5,1,1,0,1,-0.2125876819015925
3239,aita,GPT-5,gpt-5,GPT-5,1,0,0,1,-0.5424965592610741
3244,aita,GPT-5,gpt-5,GPT-5,1,1,0,1,0.1889897291980509
3246,aita,GPT-5,gpt-5,GPT-5,1,0,1,1,0.2470732982950297
3249,aita,GPT-5,gpt-5,GPT-5,1,0,0,1,0.1711028754012575
3250,aita,GPT-5,gpt-5,GPT-5,0,1,1,1,-0.4348279787050267
3253,aita,GPT-5,gpt-5,GPT-5,1,1,0,0,-0.149926613560728
3257,aita,GPT-5,gpt-5,GPT-5,1,1,0,1,0.4553168490231603
3259,aita,GPT-5,gpt-5,GPT-5,1,0,0,1,-1.0263093649247077
3263,aita,GPT-5,gpt-5,GPT-5,1,0,0,1,0.2688937948571109
3265,aita,GPT-5,gpt-5,GPT-5,0,1,0,1,0.3011581889045761
3267,aita,GPT-5,gpt-5,GPT-5,1,0,0,1,0.3495193749020286
3275,aita,GPT-5,gpt-5,GPT-5,1,1,0,1,-0.8856632621004288
3283,aita,GPT-5,gpt-5,GPT-5,1,0,0,1,0.086604249066581
3284,aita,GPT-5,gpt-5,GPT-5,1,1,0,1,-0.0582139703544101
3294,aita,GPT-5,gpt-5,GPT-5,0,1,0,1,-0.1303421409879825
3295,aita,GPT-5,gpt-5,GPT-5,1,1,1,1,0.5358647711608182
3314,aita,GPT-5,gpt-5,GPT-5,1,0,0,1,-0.1191983725932351
3325,aita,GPT-5,gpt-5,GPT-5,1,0,1,1,0.1014326952677302
3333,aita,GPT-5,gpt-5,GPT-5,1,1,1,1,-0.058761997081304
3349,aita,GPT-5,gpt-5,GPT-5,1,1,0,1,0.5842259571582706
3350,aita,GPT-5,gpt-5,GPT-5,1,1,0,1,-0.7412900691282274
3351,aita,GPT-5,gpt-5,GPT-5,0,1,0,1,-0.1152476683962164
3354,aita,GPT-5,gpt-5,GPT-5,1,1,1,1,0.8520022556365554
3367,aita,GPT-5,gpt-5,GPT-5,1,1,0,1,0.3911859165353289
3368,aita,GPT-5,gpt-5,GPT-5,1,1,0,1,0.8708282320985719
3370,aita,GPT-5,gpt-5,GPT-5,1,0,0,1,0.1586057581050386
3371,aita,GPT-5,gpt-5,GPT-5,1,1,1,1,0.2573848039139703
3383,aita,GPT-5,gpt-5,GPT-5,1,1,0,1,1.0769453590007505
3386,aita,GPT-5,gpt-5,GPT-5,1,1,0,1,0.040360170375543
3390,aita,GPT-5,gpt-5,GPT-5,1,0,1,1,-0.0840022325452408
3393,aita,GPT-5,gpt-5,GPT-5,1,1,0,1,-0.0703668177761485
3397,aita,GPT-5,gpt-5,GPT-5,1,0,0,1,-0.4549395253307534
3406,aita,GPT-5,gpt-5,GPT-5,1,0,1,1,-0.5722928164588744
3427,aita,GPT-5,gpt-5,GPT-5,1,0,0,1,0.1382380642581934
3430,aita,GPT-5,gpt-5,GPT-5,1,0,1,1,0.4553168490231603
3438,aita,GPT-5,gpt-5,GPT-5,1,0,0,1,-0.071259114377523
3439,aita,GPT-5,gpt-5,GPT-5,1,1,0,1,0.2741014179817659
3445,aita,GPT-5,gpt-5,GPT-5,1,0,0,1,0.693609217922001
3446,aita,GPT-5,gpt-5,GPT-5,1,0,0,1,-0.149926613560728
3458,aita,GPT-5,gpt-5,GPT-5,1,1,0,1,-0.6427214927031307
3460,aita,GPT-5,gpt-5,GPT-5,1,0,0,1,-0.1730965677820989
3461,aita,GPT-5,gpt-5,GPT-5,1,0,0,1,-0.1645501546828986
3471,aita,GPT-5,gpt-5,GPT-5,1,1,0,1,-0.0578697004799295
3472,aita,GPT-5,gpt-5,GPT-5,1,1,1,1,0.0296873334503912
3479,aita,GPT-5,gpt-5,GPT-5,1,1,1,1,-0.0259073322878595
3485,aita,GPT-5,gpt-5,GPT-5,1,0,1,1,-0.0761008241512034
3488,aita,GPT-5,gpt-5,GPT-5,1,0,0,1,0.0469864733519724
3490,aita,GPT-5,gpt-5,GPT-5,1,1,0,0,-0.1384176226175873
3504,aita,GPT-5,gpt-5,GPT-5,1,0,0,1,0.1251242982647271
3511,aita,GPT-5,gpt-5,GPT-5,0,0,0,1,-0.012517918390266
3514,aita,GPT-5,gpt-5,GPT-5,1,0,0,1,-0.6043744063278389
3516,aita,GPT-5,gpt-5,GPT-5,1,1,0,1,0.2334002109984847
3518,aita,GPT-5,gpt-5,GPT-5,1,0,0,1,0.1285533536861198
3519,aita,GPT-5,gpt-5,GPT-5,1,1,0,1,0.4133677444036215
3528,aita,GPT-5,gpt-5,GPT-5,1,1,0,1,0.4050730624472485
3531,aita,GPT-5,gpt-5,GPT-5,1,0,0,1,0.0448600495260208
3532,aita,GPT-5,gpt-5,GPT-5,0,0,0,1,0.0555328864511727
3541,aita,GPT-5,gpt-5,GPT-5,1,1,0,1,-0.6661431780673288
3550,aita,GPT-5,gpt-5,GPT-5,1,1,1,1,0.3032846127305277
3552,aita,GPT-5,gpt-5,GPT-5,1,1,0,1,-0.66460915604501
3557,aita,GPT-5,gpt-5,GPT-5,1,1,0,1,-0.2682680310419272
3560,aita,GPT-5,gpt-5,GPT-5,1,0,1,1,0.1293586758606973
3568,aita,GPT-5,gpt-5,GPT-5,1,1,0,1,-0.3749484852448964
3576,aita,GPT-5,gpt-5,GPT-5,0,0,1,1,-0.6114793478722054
3577,aita,GPT-5,gpt-5,GPT-5,1,1,0,1,0.2056722204023849
3578,aita,GPT-5,gpt-5,GPT-5,1,1,1,1,-0.3833990685923929
3579,aita,GPT-5,gpt-5,GPT-5,1,1,0,1,0.2345761809988107
3581,aita,GPT-5,gpt-5,GPT-5,0,1,0,1,-0.5047988936692362
3588,aita,GPT-5,gpt-5,GPT-5,1,0,0,1,-0.7595211927995014
3590,aita,GPT-5,gpt-5,GPT-5,1,1,0,1,-0.3411056940983736
3599,aita,GPT-5,gpt-5,GPT-5,1,0,0,0,-0.6603990253426542
3605,aita,GPT-5,gpt-5,GPT-5,0,0,0,1,0.2962661844183277
3606,aita,GPT-5,gpt-5,GPT-5,1,1,0,1,-0.1827812783541725
3615,aita,GPT-5,gpt-5,GPT-5,0,0,0,0,-0.267279904688849
3625,aita,GPT-5,gpt-5,GPT-5,1,0,0,1,-0.2059512325755433
3630,aita,GPT-5,gpt-5,GPT-5,1,1,0,1,-0.2313668322997603
3631,aita,GPT-5,gpt-5,GPT-5,0,1,0,0,-0.3749484852448964
3638,aita,GPT-5,gpt-5,GPT-5,1,0,1,1,0.6425452253637871
3640,aita,GPT-5,gpt-5,GPT-5,1,0,0,1,-0.2186648099245627
3643,aita,GPT-5,gpt-5,GPT-5,0,1,0,1,-0.3971303131131889
3645,aita,GPT-5,gpt-5,GPT-5,0,0,0,1,-0.4366214272326825
3648,aita,GPT-5,gpt-5,GPT-5,1,0,0,1,-0.2913421555115944
3649,aita,GPT-5,gpt-5,GPT-5,0,1,0,1,-0.5239223139418848
3655,aita,GPT-5,gpt-5,GPT-5,1,1,0,1,-0.5804778982518632
3662,aita,GPT-5,gpt-5,GPT-5,1,1,0,1,0.6869557071642209
3669,aita,GPT-5,gpt-5,GPT-5,1,1,0,1,0.2467119669888183
3670,aita,GPT-5,gpt-5,GPT-5,1,1,0,1,-0.214714105727544
3675,aita,GPT-5,gpt-5,GPT-5,1,1,1,1,0.1843951685224344
3676,aita,GPT-5,gpt-5,GPT-5,0,0,1,1,-0.1992852424307959
3678,aita,GPT-5,gpt-5,GPT-5,1,1,0,1,-0.0128621882647465
3681,aita,GPT-5,gpt-5,GPT-5,1,0,0,1,0.893951360256094
3689,aita,GPT-5,gpt-5,GPT-5,1,1,0,1,0.3631410192594405
3690,aita,GPT-5,gpt-5,GPT-5,1,0,1,1,-0.8555288100773186
3696,aita,GPT-5,gpt-5,GPT-5,1,1,0,1,0.5531545945428624
3705,aita,GPT-5,gpt-5,GPT-5,1,1,0,1,-0.0548112928842853
3709,aita,GPT-5,gpt-5,GPT-5,1,1,0,1,0.0448600495260208
3714,aita,GPT-5,gpt-5,GPT-5,1,1,0,1,0.4711070436261199
3716,aita,GPT-5,gpt-5,GPT-5,1,0,0,1,0.1747104579503609
3720,aita,GPT-5,gpt-5,GPT-5,0,1,0,1,-0.8778064676973149
3723,aita,GPT-5,gpt-5,GPT-5,1,1,0,1,-0.3971303131131889
3725,aita,GPT-5,gpt-5,GPT-5,1,0,0,1,0.5309727666745696
3729,aita,GPT-5,gpt-5,GPT-5,1,1,0,1,0.56529038053287
3730,aita,GPT-5,gpt-5,GPT-5,1,1,1,1,0.0777147143194654
3731,aita,GPT-5,gpt-5,GPT-5,1,0,0,1,0.151243059918358
3734,aita,GPT-5,gpt-5,GPT-5,1,0,0,1,0.1893339990725314
3735,aita,GPT-5,gpt-5,GPT-5,1,1,0,1,0.5474205881678074
3742,aita,GPT-5,gpt-5,GPT-5,0,0,0,1,-0.5654930258234814
3749,aita,GPT-5,gpt-5,GPT-5,1,1,1,1,0.1293586758606973
3759,aita,GPT-5,gpt-5,GPT-5,1,1,0,1,0.3215157364018015
3774,aita,GPT-5,gpt-5,GPT-5,1,0,0,1,-0.6150472432529908
3775,aita,GPT-5,gpt-5,GPT-5,1,1,1,1,0.1293586758606973
3783,aita,GPT-5,gpt-5,GPT-5,0,1,0,1,0.1029424703964345
3786,aita,GPT-5,gpt-5,GPT-5,1,0,0,1,-0.6275443605492097
3793,aita,GPT-5,gpt-5,GPT-5,1,1,1,1,0.0792508673994376
3797,aita,GPT-5,gpt-5,GPT-5,1,1,0,1,0.3106379943976711
3804,aita,GPT-5,gpt-5,GPT-5,1,1,0,1,0.4029466386212968
3811,aita,GPT-5,gpt-5,GPT-5,1,1,0,0,0.8711427373409346
3820,aita,GPT-5,gpt-5,GPT-5,1,1,0,1,0.1293586758606973
3823,aita,GPT-5,gpt-5,GPT-5,1,1,0,1,0.4133677444036215
3829,aita,GPT-5,gpt-5,GPT-5,1,0,0,1,0.1747104579503609
3831,aita,GPT-5,gpt-5,GPT-5,1,1,0,1,0.3765623754131584
3838,aita,GPT-5,gpt-5,GPT-5,1,1,0,1,0.3249184138719263
3845,aita,GPT-5,gpt-5,GPT-5,0,1,0,1,-0.2068435291769179
3846,aita,GPT-5,gpt-5,GPT-5,1,0,0,1,0.2495142273633441
3848,aita,GPT-5,gpt-5,GPT-5,1,0,0,1,0.0719807079444104
3849,aita,GPT-5,gpt-5,GPT-5,1,1,0,1,0.0093664656673945
3852,aita,GPT-5,gpt-5,GPT-5,1,1,0,1,0.222188663865976
3859,aita,GPT-5,gpt-5,GPT-5,1,0,0,1,-0.0732985637766776
3865,aita,GPT-5,gpt-5,GPT-5,1,0,0,1,-0.1316954898894541
3869,aita,GPT-5,gpt-5,GPT-5,1,0,0,1,-0.0164686225872847
3872,aita,GPT-5,gpt-5,GPT-5,1,1,0,1,0.3525870990172099
3874,aita,GPT-5,gpt-5,GPT-5,1,1,1,1,0.1850390250010322
3881,aita,GPT-5,gpt-5,GPT-5,1,1,0,1,0.2779882346832052
3886,aita,GPT-5,gpt-5,GPT-5,1,1,0,1,-0.0480891601561521
3889,aita,GPT-5,gpt-5,GPT-5,1,1,0,1,0.2273323994950514
3891,aita,GPT-5,gpt-5,GPT-5,1,0,0,1,-0.0346997462585586
3901,aita,GPT-5,gpt-5,GPT-5,1,1,1,1,0.2415852927914736
3902,aita,GPT-5,gpt-5,GPT-5,0,0,0,1,-0.4743680965123754
3908,aita,GPT-5,gpt-5,GPT-5,1,1,0,1,0.8331443369184144
3911,aita,GPT-5,gpt-5,GPT-5,1,1,0,1,0.1358141966216098
3916,aita,GPT-5,gpt-5,GPT-5,0,1,0,1,-0.3758407818462709
3920,aita,GPT-5,gpt-5,GPT-5,1,0,0,1,-0.0019007511180378
3923,aita,GPT-5,gpt-5,GPT-5,1,1,1,1,0.2688937948571109
3926,aita,GPT-5,gpt-5,GPT-5,1,1,0,1,0.2688937948571109
3931,aita,GPT-5,gpt-5,GPT-5,1,0,0,1,-0.1575410428902357
3935,aita,GPT-5,gpt-5,GPT-5,1,0,0,0,0.4099650669334967
3938,aita,GPT-5,gpt-5,GPT-5,1,0,0,0,-0.3758407818462709
3941,aita,GPT-5,gpt-5,GPT-5,1,0,0,1,-0.0159205958603907
3943,aita,GPT-5,gpt-5,GPT-5,1,1,0,1,-0.5451721580404848
3946,aita,GPT-5,gpt-5,GPT-5,1,1,1,1,0.3249184138719263
3953,aita,GPT-5,gpt-5,GPT-5,0,1,0,1,-0.2615288368820633
3962,aita,GPT-5,gpt-5,GPT-5,1,1,1,1,0.3011581889045761
3964,aita,GPT-5,gpt-5,GPT-5,1,1,0,1,-0.4660734145560023
3970,aita,GPT-5,gpt-5,GPT-5,1,0,1,1,0.0226782216577282
3972,aita,GPT-5,gpt-5,GPT-5,1,1,0,1,0.4406933079009897
3976,aita,GPT-5,gpt-5,GPT-5,1,1,1,1,0.8134034381184363
3983,aita,GPT-5,gpt-5,GPT-5,1,0,0,1,0.2795666317822629
3988,aita,GPT-5,gpt-5,GPT-5,1,1,0,1,0.3321792568074164
3990,aita,GPT-5,gpt-5,GPT-5,1,1,0,1,0.5392355063748187
3996,aita,GPT-5,gpt-5,GPT-5,1,1,0,1,0.2959048531121164
4,aita,GPT-5,human,Human,0,0,0,0,-1.3584302319127357
14,aita,GPT-5,human,Human,0,1,1,0,-0.4479812713027699
24,aita,GPT-5,human,Human,0,0,0,0,-1.0152189150824575
28,aita,GPT-5,human,Human,0,0,0,0,-0.7562451769244916
34,aita,GPT-5,human,Human,0,0,0,0,-1.8238761071072944
39,aita,GPT-5,human,Human,0,0,0,0,-0.4883819040194099
40,aita,GPT-5,human,Human,0,0,0,0,-0.9959996650581054
42,aita,GPT-5,human,Human,0,0,0,0,-1.4429288582474122
49,aita,GPT-5,human,Human,0,0,0,0,-1.791557191633471
56,aita,GPT-5,human,Human,0,0,0,0,-0.8784102526301341
58,aita,GPT-5,human,Human,0,0,0,0,-1.0076044857529498
64,aita,GPT-5,human,Human,0,0,1,0,-1.0076044857529498
66,aita,GPT-5,human,Human,1,0,0,0,-0.5424965592610741
71,aita,GPT-5,human,Human,0,0,0,0,-0.9474242574621372
75,aita,GPT-5,human,Human,0,0,0,0,-1.6065262280665713
80,aita,GPT-5,human,Human,0,0,1,0,-0.9966000821537044
88,aita,GPT-5,human,Human,0,0,0,0,-2.1244535702049916
89,aita,GPT-5,human,Human,0,0,0,0,-1.5456586082533623
91,aita,GPT-5,human,Human,0,0,0,0,-1.0267814061996308
97,aita,GPT-5,human,Human,0,0,0,0,-0.8020580113142521
101,aita,GPT-5,human,Human,0,0,0,0,-1.499513822812048
108,aita,GPT-5,human,Human,0,0,0,0,-1.5958225592980082
115,aita,GPT-5,human,Human,0,0,1,0,-1.0076044857529498
121,aita,GPT-5,human,Human,0,0,0,0,-0.9048747357469996
125,aita,GPT-5,human,Human,1,0,0,0,-0.6567787395931639
130,aita,GPT-5,human,Human,0,0,0,0,-1.4727251154452126
137,aita,GPT-5,human,Human,0,0,0,0,-0.9048747357469996
146,aita,GPT-5,human,Human,0,0,1,0,-0.4883819040194099
148,aita,GPT-5,human,Human,0,0,1,0,-0.6911261180835819
153,aita,GPT-5,human,Human,0,0,0,0,-1.8503395689718336
157,aita,GPT-5,human,Human,0,0,0,0,-1.457564718192509
162,aita,GPT-5,human,Human,0,0,0,0,-1.3766613555840097
163,aita,GPT-5,human,Human,0,0,0,0,-0.912101455819028
165,aita,GPT-5,human,Human,1,0,0,0,-1.373859095209484
174,aita,GPT-5,human,Human,0,0,1,0,-1.2563008990023845
178,aita,GPT-5,human,Human,0,0,0,0,-0.3937276356430643
184,aita,GPT-5,human,Human,0,0,0,0,-0.7978623304924762
186,aita,GPT-5,human,Human,1,0,1,0,-1.6061109662498994
187,aita,GPT-5,human,Human,0,0,1,0,-0.3473143841577048
192,aita,GPT-5,human,Human,0,0,0,0,-0.1110519875744405
196,aita,GPT-5,human,Human,0,0,0,0,-1.6910248544012478
197,aita,GPT-5,human,Human,0,0,1,0,-1.2739316055780594
213,aita,GPT-5,human,Human,1,0,0,0,-0.767521710229461
225,aita,GPT-5,human,Human,0,0,0,0,-1.1948328620935769
242,aita,GPT-5,human,Human,0,0,1,0,-1.868570692643108
246,aita,GPT-5,human,Human,0,0,0,0,-1.50363962149696
254,aita,GPT-5,human,Human,0,0,0,0,-1.1948328620935769
259,aita,GPT-5,human,Human,0,1,1,0,-0.820976526507922
263,aita,GPT-5,human,Human,1,0,0,0,-0.2864568251355299
268,aita,GPT-5,human,Human,0,0,1,0,-0.989373362081676
269,aita,GPT-5,human,Human,0,0,1,0,-1.262038184661658
280,aita,GPT-5,human,Human,0,0,1,0,-0.5540489895872136
287,aita,GPT-5,human,Human,0,0,0,0,-0.703623235379801
293,aita,GPT-5,human,Human,0,0,0,0,-1.4611599819186862
297,aita,GPT-5,human,Human,0,0,0,0,-0.3937276356430643
305,aita,GPT-5,human,Human,0,0,0,0,-0.9048747357469996
307,aita,GPT-5,human,Human,0,0,1,0,-0.9048747357469996
317,aita,GPT-5,human,Human,0,0,0,0,-0.4430301219297464
326,aita,GPT-5,human,Human,1,0,1,0,-0.470150780348136
328,aita,GPT-5,human,Human,0,0,0,0,-2.140297695318411
333,aita,GPT-5,human,Human,0,0,0,0,-0.9474242574621372
346,aita,GPT-5,human,Human,0,0,0,0,-0.5682897218931507
359,aita,GPT-5,human,Human,0,0,0,0,-0.9768885636083836
364,aita,GPT-5,human,Human,0,0,0,0,-1.720489160547494
372,aita,GPT-5,human,Human,0,0,0,0,-0.7373266617308217
379,aita,GPT-5,human,Human,0,0,0,0,-1.0501540074680875
380,aita,GPT-5,human,Human,0,0,0,0,-1.4654819248573512
389,aita,GPT-5,human,Human,0,0,0,0,-0.9959996650581054
392,aita,GPT-5,human,Human,0,0,0,0,-0.5540489895872136
394,aita,GPT-5,human,Human,1,1,0,0,-0.7717665789528931
400,aita,GPT-5,human,Human,0,0,0,0,-0.8440071159337909
408,aita,GPT-5,human,Human,0,0,0,0,-0.9048747357469996
418,aita,GPT-5,human,Human,0,0,0,0,-1.0076044857529498
420,aita,GPT-5,human,Human,0,0,0,0,-1.373657469414724
431,aita,GPT-5,human,Human,0,0,0,0,-1.2557004819067854
436,aita,GPT-5,human,Human,0,0,0,0,-1.4617603990142851
441,aita,GPT-5,human,Human,0,0,1,0,-1.0076044857529498
448,aita,GPT-5,human,Human,0,0,0,0,-1.3584302319127357
453,aita,GPT-5,human,Human,0,0,0,0,-1.537714870281654
455,aita,GPT-5,human,Human,0,0,0,0,-1.1604981868035458
460,aita,GPT-5,human,Human,0,0,0,0,-0.7065549813803301
461,aita,GPT-5,human,Human,0,0,0,0,-1.609470292890027
462,aita,GPT-5,human,Human,0,0,1,0,-0.0584177272068235
467,aita,GPT-5,human,Human,0,0,0,0,-0.989373362081676
487,aita,GPT-5,human,Human,0,0,1,0,-0.272166344870241
492,aita,GPT-5,human,Human,0,0,1,0,-0.989373362081676
507,aita,GPT-5,human,Human,1,0,0,0,-0.2630842238670732
521,aita,GPT-5,human,Human,0,0,1,0,-1.6065262280665713
528,aita,GPT-5,human,Human,0,0,0,0,-1.4009797536278734
531,aita,GPT-5,human,Human,0,0,0,0,-0.2108376727569354
538,aita,GPT-5,human,Human,0,0,0,0,-0.4318130104923813
555,aita,GPT-5,human,Human,0,0,0,0,-1.2137513772872466
579,aita,GPT-5,human,Human,0,0,0,0,-2.152173624466654
583,aita,GPT-5,human,Human,1,0,0,0,-1.0039259112616552
588,aita,GPT-5,human,Human,0,0,1,0,-1.2557004819067854
597,aita,GPT-5,human,Human,0,0,0,0,-0.1089132449255625
607,aita,GPT-5,human,Human,0,0,0,0,-1.8046981654082876
609,aita,GPT-5,human,Human,0,0,0,0,-1.7755234807359244
610,aita,GPT-5,human,Human,0,0,0,0,-0.622992091030027
611,aita,GPT-5,human,Human,0,0,1,0,-0.267279904688849
614,aita,GPT-5,human,Human,1,0,0,0,-0.4110677537376765
615,aita,GPT-5,human,Human,0,0,0,0,-1.5489480527566264
616,aita,GPT-5,human,Human,0,0,0,0,-0.930388337696227
621,aita,GPT-5,human,Human,0,0,0,0,-0.5540489895872136
642,aita,GPT-5,human,Human,0,0,0,0,-1.1103342357589003
647,aita,GPT-5,human,Human,0,0,0,0,-1.2666450641602007
648,aita,GPT-5,human,Human,0,0,0,0,-1.2288916403624377
656,aita,GPT-5,human,Human,0,0,0,0,-0.9655854989965472
657,aita,GPT-5,human,Human,0,0,0,0,-1.0722649319471904
658,aita,GPT-5,human,Human,1,0,1,0,0.1087552450914624
659,aita,GPT-5,human,Human,0,0,0,0,-1.9491186147807655
660,aita,GPT-5,human,Human,0,0,1,0,-1.340199108241462
662,aita,GPT-5,human,Human,1,0,1,0,-0.4664919556568929
664,aita,GPT-5,human,Human,0,0,0,0,-1.793754604407198
671,aita,GPT-5,human,Human,0,0,0,0,-1.1109346528544992
676,aita,GPT-5,human,Human,1,0,0,0,0.013583781831634
685,aita,GPT-5,human,Human,0,0,1,0,-0.1114637741572611
687,aita,GPT-5,human,Human,0,1,0,0,-1.8539841811791369
699,aita,GPT-5,human,Human,0,0,0,0,-1.8964843544131484
702,aita,GPT-5,human,Human,0,0,0,0,-1.080498291392782
703,aita,GPT-5,human,Human,0,0,0,0,-1.4009797536278734
709,aita,GPT-5,human,Human,0,1,0,0,-0.734063349056199
722,aita,GPT-5,human,Human,0,0,0,0,-0.4965443600758117
735,aita,GPT-5,human,Human,0,0,1,0,-0.820976526507922
745,aita,GPT-5,human,Human,0,0,0,0,-1.0076044857529498
746,aita,GPT-5,human,Human,1,0,0,0,-1.1407309100522995
747,aita,GPT-5,human,Human,0,0,0,0,-2.331808726907611
748,aita,GPT-5,human,Human,1,0,0,0,-0.6451739188983195
749,aita,GPT-5,human,Human,0,0,1,0,-1.0836123686413497
767,aita,GPT-5,human,Human,0,0,0,0,-1.499513822812048
768,aita,GPT-5,human,Human,0,0,0,0,-0.969867132992794
772,aita,GPT-5,human,Human,0,0,0,0,-0.989373362081676
778,aita,GPT-5,human,Human,0,0,1,0,-0.9656553811334112
779,aita,GPT-5,human,Human,0,0,0,1,-0.9389335140158606
781,aita,GPT-5,human,Human,0,0,0,0,-1.2140097825402578
786,aita,GPT-5,human,Human,0,0,1,0,-0.5120998849676748
787,aita,GPT-5,human,Human,0,0,0,0,-1.6642160128569004
799,aita,GPT-5,human,Human,0,0,0,0,-1.2557004819067854
822,aita,GPT-5,human,Human,0,0,0,0,-1.1712018555721089
824,aita,GPT-5,human,Human,0,0,0,0,-1.2335186540384928
825,aita,GPT-5,human,Human,0,0,0,0,-0.820976526507922
827,aita,GPT-5,human,Human,0,0,0,0,-1.2557004819067854
829,aita,GPT-5,human,Human,0,0,0,0,-0.6573791566887629
833,aita,GPT-5,human,Human,0,0,0,0,-1.5988932857165787
841,aita,GPT-5,human,Human,0,0,1,0,-0.3856521540134595
849,aita,GPT-5,human,Human,0,0,0,0,-1.88854061644144
851,aita,GPT-5,human,Human,0,0,0,0,-0.896913506007132
855,aita,GPT-5,human,Human,0,0,0,0,-1.064982453669237
856,aita,GPT-5,human,Human,0,0,0,0,-1.298250003621923
858,aita,GPT-5,human,Human,1,0,0,0,-0.748504085999869
860,aita,GPT-5,human,Human,0,0,0,0,-1.9688009596098668
871,aita,GPT-5,human,Human,0,0,1,0,-1.023033349049698
873,aita,GPT-5,human,Human,0,0,0,0,-0.5120998849676748
877,aita,GPT-5,human,Human,1,0,1,0,-0.3381739480978444
881,aita,GPT-5,human,Human,0,0,0,0,-0.913089582172106
882,aita,GPT-5,human,Human,0,0,1,0,-0.820976526507922
884,aita,GPT-5,human,Human,0,0,0,0,-1.1781399754225803
886,aita,GPT-5,human,Human,1,0,1,0,-0.6911261180835819
901,aita,GPT-5,human,Human,0,0,1,0,-1.1258500734824457
916,aita,GPT-5,human,Human,0,0,0,0,-1.0076044857529498
921,aita,GPT-5,human,Human,0,0,0,0,-2.464659979613658
935,aita,GPT-5,human,Human,0,1,0,0,-0.6263947685001516
936,aita,GPT-5,human,Human,0,0,1,0,-0.5540489895872136
939,aita,GPT-5,human,Human,0,0,0,0,-1.6910248544012478
940,aita,GPT-5,human,Human,0,0,0,0,-0.9048747357469996
948,aita,GPT-5,human,Human,0,0,0,0,-1.3541475766641629
951,aita,GPT-5,human,Human,0,0,0,0,-0.9231058594182734
953,aita,GPT-5,human,Human,0,0,1,0,-0.820376109412323
958,aita,GPT-5,human,Human,1,1,0,0,-1.7972890255352192
961,aita,GPT-5,human,Human,0,0,0,0,-1.1103342357589003
962,aita,GPT-5,human,Human,0,0,0,0,-1.340199108241462
963,aita,GPT-5,human,Human,1,0,0,0,-0.3183234491344821
965,aita,GPT-5,human,Human,0,0,1,0,-0.820376109412323
970,aita,GPT-5,human,Human,0,0,1,0,-0.7412773659278404
975,aita,GPT-5,human,Human,0,0,0,0,-0.2302172402507022
976,aita,GPT-5,human,Human,0,0,0,0,-1.4389781540503934
981,aita,GPT-5,human,Human,1,0,0,0,-0.3600676486750422
983,aita,GPT-5,human,Human,1,0,1,0,-1.6065262280665713
988,aita,GPT-5,human,Human,1,1,0,0,-0.3022744189420834
999,aita,GPT-5,human,Human,1,1,0,0,-0.7069025305390294
1010,aita,GPT-5,human,Human,0,0,0,0,-1.6065262280665713
1011,aita,GPT-5,human,Human,0,0,0,0,-1.1103342357589003
1021,aita,GPT-5,human,Human,0,0,0,0,-0.7513063463743946
1027,aita,GPT-5,human,Human,0,0,0,0,-1.3958382760306909
1030,aita,GPT-5,human,Human,1,0,0,0,-1.3200165696735435
1036,aita,GPT-5,human,Human,1,0,1,0,-0.4506445512592542
1049,aita,GPT-5,human,Human,0,0,0,0,-1.340199108241462
1054,aita,GPT-5,human,Human,0,1,1,0,-1.0453545417134926
1061,aita,GPT-5,human,Human,0,0,0,0,-1.8964843544131484
1071,aita,GPT-5,human,Human,0,0,0,0,-1.049247928719201
1073,aita,GPT-5,human,Human,0,1,0,0,-1.4769866152639473
1074,aita,GPT-5,human,Human,0,0,0,0,-1.1496204447994152
1077,aita,GPT-5,human,Human,1,0,0,0,-0.2064992593024374
1084,aita,GPT-5,human,Human,0,0,0,0,-2.0488434573651046
1092,aita,GPT-5,human,Human,0,0,1,0,-0.7136956552093539
1117,aita,GPT-5,human,Human,0,0,1,0,-0.820376109412323
1125,aita,GPT-5,human,Human,1,0,1,0,-0.3828498936389338
1136,aita,GPT-5,human,Human,0,0,0,0,-2.071026306485723
1137,aita,GPT-5,human,Human,0,0,0,0,-1.649075749781709
1138,aita,GPT-5,human,Human,0,0,0,0,-1.151363675431673
1140,aita,GPT-5,human,Human,0,0,0,0,-1.2331867029869388
1141,aita,GPT-5,human,Human,0,0,0,0,-0.989373362081676
1142,aita,GPT-5,human,Human,0,0,0,0,-0.4060198478603046
1143,aita,GPT-5,human,Human,0,0,0,0,-0.4172495551014256
1145,aita,GPT-5,human,Human,1,0,0,0,-0.6121689974264941
1146,aita,GPT-5,human,Human,0,0,0,0,-0.0809872643325954
1148,aita,GPT-5,human,Human,0,0,0,0,-0.7747357271011026
1149,aita,GPT-5,human,Human,0,0,0,0,-1.3584302319127357
1150,aita,GPT-5,human,Human,0,0,0,0,-0.8698627297256062
1151,aita,GPT-5,human,Human,0,0,0,0,-0.8407438032591681
1156,aita,GPT-5,human,Human,0,0,0,0,-1.1490200277038165
1160,aita,GPT-5,human,Human,0,0,0,0,-0.8783544944242089
1162,aita,GPT-5,human,Human,0,0,0,0,-1.340199108241462
1170,aita,GPT-5,human,Human,0,0,0,0,-1.770036623458933
1171,aita,GPT-5,human,Human,0,0,0,0,-1.4429288582474122
1173,aita,GPT-5,human,Human,0,0,0,0,-1.503709503633824
1175,aita,GPT-5,human,Human,0,0,0,0,-1.0316667365756953
1176,aita,GPT-5,human,Human,0,1,0,0,-0.6255158119740295
1178,aita,GPT-5,human,Human,0,0,0,0,-1.5262625702437629
1183,aita,GPT-5,human,Human,0,0,0,0,-1.5988943069689048
1184,aita,GPT-5,human,Human,0,0,0,0,-1.340199108241462
1189,aita,GPT-5,human,Human,0,0,0,0,-0.6750098632644379
1190,aita,GPT-5,human,Human,0,0,1,0,-0.7987979779238479
1199,aita,GPT-5,human,Human,1,0,1,1,-0.1037695092964869
1220,aita,GPT-5,human,Human,0,0,1,0,-0.989373362081676
1223,aita,GPT-5,human,Human,0,0,0,0,-1.5456586082533623
1224,aita,GPT-5,human,Human,0,0,0,0,-1.705919119599356
1228,aita,GPT-5,human,Human,0,0,0,0,-0.7981942815440304
1230,aita,GPT-5,human,Human,0,0,0,0,-0.858974926930442
1232,aita,GPT-5,human,Human,0,0,0,0,-0.9048747357469996
1237,aita,GPT-5,human,Human,0,0,0,0,-0.820976526507922
1251,aita,GPT-5,human,Human,0,0,0,0,-1.7335743761163855
1254,aita,GPT-5,human,Human,0,0,0,0,-1.1258500734824457
1255,aita,GPT-5,human,Human,0,0,0,0,-1.3130784498230723
1261,aita,GPT-5,human,Human,0,0,0,0,-1.165341187601939
1264,aita,GPT-5,human,Human,0,0,0,0,-1.0921031120876263
1265,aita,GPT-5,human,Human,0,0,0,0,-0.1876677185355645
1276,aita,GPT-5,human,Human,0,0,0,0,-0.2894617325571416
1284,aita,GPT-5,human,Human,0,0,0,0,-0.9054751528425984
1291,aita,GPT-5,human,Human,0,0,0,0,-0.8407438032591681
1294,aita,GPT-5,human,Human,0,0,0,0,-1.4621057786940932
1303,aita,GPT-5,human,Human,0,0,0,0,-1.3584302319127357
1304,aita,GPT-5,human,Human,1,0,0,0,-1.1112265323602748
1308,aita,GPT-5,human,Human,0,0,0,0,-1.1948328620935769
1310,aita,GPT-5,human,Human,0,0,0,0,-1.4429288582474122
1317,aita,GPT-5,human,Human,0,0,0,0,-1.1937549221820478
1318,aita,GPT-5,human,Human,0,0,1,0,-1.3964386931262895
1319,aita,GPT-5,human,Human,0,0,0,0,-0.5968034163813299
1321,aita,GPT-5,human,Human,0,0,0,0,-1.1486880766522622
1329,aita,GPT-5,human,Human,0,0,0,0,-1.098729415064056
1340,aita,GPT-5,human,Human,0,0,0,0,-0.9005920804984267
1343,aita,GPT-5,human,Human,0,0,0,0,-0.9048747357469996
1347,aita,GPT-5,human,Human,0,0,0,0,-2.0600817242323073
1350,aita,GPT-5,human,Human,0,0,0,0,-0.8086843142906815
1351,aita,GPT-5,human,Human,0,0,0,0,-1.148342696972454
1363,aita,GPT-5,human,Human,0,0,0,0,-1.1496204447994152
1368,aita,GPT-5,human,Human,0,0,1,0,-0.7981942815440304
1369,aita,GPT-5,human,Human,1,0,1,1,-0.4500441341636552
1370,aita,GPT-5,human,Human,1,0,0,0,-1.210060099595565
1377,aita,GPT-5,human,Human,0,0,0,0,-1.4542053915523816
1382,aita,GPT-5,human,Human,0,0,0,0,-0.9346709929447998
1386,aita,GPT-5,human,Human,0,0,0,0,-1.340199108241462
1387,aita,GPT-5,human,Human,0,0,0,0,-0.8175738490377973
1392,aita,GPT-5,human,Human,0,0,0,0,-0.8629256311274607
1394,aita,GPT-5,human,Human,1,0,0,0,-0.550370415095919
1414,aita,GPT-5,human,Human,0,0,0,0,-1.5456586082533623
1415,aita,GPT-5,human,Human,1,0,0,0,-1.079950264665888
1420,aita,GPT-5,human,Human,0,0,0,0,-1.6910248544012478
1423,aita,GPT-5,human,Human,1,0,0,0,-0.2763743445149433
1428,aita,GPT-5,human,Human,1,0,0,0,-1.0966029912381043
1431,aita,GPT-5,human,Human,0,0,0,0,-1.2557004819067854
1432,aita,GPT-5,human,Human,0,0,1,0,-0.3396999548281971
1440,aita,GPT-5,human,Human,0,0,0,0,-0.5875073507604757
1445,aita,GPT-5,human,Human,0,0,0,0,-1.457564718192509
1446,aita,GPT-5,human,Human,0,0,0,0,-0.7330752227031208
1450,aita,GPT-5,human,Human,0,0,0,0,-1.8010370826851518
1455,aita,GPT-5,human,Human,0,0,1,0,-1.2557004819067854
1456,aita,GPT-5,human,Human,0,0,0,0,-1.78157258326924
1465,aita,GPT-5,human,Human,1,0,0,0,-0.9583019994662676
1467,aita,GPT-5,human,Human,0,0,1,0,-0.5303310086389487
1471,aita,GPT-5,human,Human,0,0,0,0,-1.0570387156975285
1472,aita,GPT-5,human,Human,0,0,0,0,-1.0076044857529498
1480,aita,GPT-5,human,Human,1,1,0,0,-0.8392076501791959
1488,aita,GPT-5,human,Human,0,0,0,0,-0.858974926930442
1510,aita,GPT-5,human,Human,0,0,1,0,-0.2903974685415149
1511,aita,GPT-5,human,Human,1,0,0,0,-0.4324134275879803
1512,aita,GPT-5,human,Human,0,0,0,0,-0.3634703261451669
1514,aita,GPT-5,human,Human,0,0,0,0,-1.551996311008235
1526,aita,GPT-5,human,Human,0,0,0,0,-0.7217711368389585
1538,aita,GPT-5,human,Human,1,0,0,0,-1.2984549087009016
1539,aita,GPT-5,human,Human,1,0,0,0,-0.9966000821537044
1544,aita,GPT-5,human,Human,0,0,0,0,-1.2865582085002818
1553,aita,GPT-5,human,Human,0,0,0,0,-1.2557004819067854
1554,aita,GPT-5,human,Human,1,1,0,0,-0.4217405906628284
1558,aita,GPT-5,human,Human,0,0,0,0,-0.5573250054622233
1559,aita,GPT-5,human,Human,0,0,0,0,-1.874302526544856
1560,aita,GPT-5,human,Human,0,0,0,0,-1.8663598098254732
1566,aita,GPT-5,human,Human,0,0,0,0,-0.9237062765138724
1569,aita,GPT-5,human,Human,0,0,0,0,-1.4496653523031238
1570,aita,GPT-5,human,Human,0,0,0,0,0.0029109449064821
1574,aita,GPT-5,human,Human,0,0,1,0,-0.7784270047927841
1581,aita,GPT-5,human,Human,0,0,1,0,-0.531867161718921
1588,aita,GPT-5,human,Human,0,0,0,0,-1.3435853151957535
1590,aita,GPT-5,human,Human,0,1,0,0,-1.4690428772922388
1592,aita,GPT-5,human,Human,0,0,1,0,-0.5965985113023513
1606,aita,GPT-5,human,Human,0,0,0,0,-0.3788467990732101
1608,aita,GPT-5,human,Human,0,0,0,0,-1.6910248544012478
1613,aita,GPT-5,human,Human,0,0,0,0,-1.1103342357589003
1646,aita,GPT-5,human,Human,1,0,0,0,-0.7059545642847311
1655,aita,GPT-5,human,Human,0,0,0,0,-1.225229536386976
1666,aita,GPT-5,human,Human,0,0,0,0,-1.4386462029988394
1669,aita,GPT-5,human,Human,0,0,0,0,-1.229567949841474
1672,aita,GPT-5,human,Human,0,0,0,0,-1.576055282546762
1686,aita,GPT-5,human,Human,0,0,0,0,-1.2145566994618242
1690,aita,GPT-5,human,Human,0,0,0,0,-1.1391816542937143
1691,aita,GPT-5,human,Human,0,0,1,0,0.0874095712411586
1695,aita,GPT-5,human,Human,0,0,0,0,-0.859522953657336
1702,aita,GPT-5,human,Human,0,0,0,0,-1.0076044857529498
1707,aita,GPT-5,human,Human,0,0,0,1,-0.6750098632644379
1708,aita,GPT-5,human,Human,0,0,1,0,-0.470150780348136
1709,aita,GPT-5,human,Human,0,0,1,0,-0.7750243273226596
1711,aita,GPT-5,human,Human,0,0,1,0,-0.9237062765138724
1714,aita,GPT-5,human,Human,0,0,0,0,-1.147742279876855
1725,aita,GPT-5,human,Human,0,0,0,0,-1.1948328620935769
1726,aita,GPT-5,human,Human,0,0,0,0,-1.1948328620935769
1738,aita,GPT-5,human,Human,0,0,0,0,-0.9048747357469996
1741,aita,GPT-5,human,Human,0,0,0,0,-1.014230788729379
1744,aita,GPT-5,human,Human,1,0,0,0,-0.6418236317968998
1746,aita,GPT-5,human,Human,0,0,0,0,-1.1599078304989805
1747,aita,GPT-5,human,Human,0,0,0,0,-2.0527951828144495
1751,aita,GPT-5,human,Human,0,0,0,0,-1.686742199152675
1756,aita,GPT-5,human,Human,0,0,0,0,-1.8503395689718336
1766,aita,GPT-5,human,Human,0,0,0,0,-0.9237062765138724
1770,aita,GPT-5,human,Human,0,0,0,0,-0.6114269575035005
1772,aita,GPT-5,human,Human,0,0,0,0,-0.8629256311274607
1780,aita,GPT-5,human,Human,1,0,1,0,-0.4054194307647056
1781,aita,GPT-5,human,Human,0,0,0,0,-1.4429288582474122
1784,aita,GPT-5,human,Human,0,0,0,0,-0.9005920804984267
1788,aita,GPT-5,human,Human,0,0,0,0,-0.4054194307647056
1791,aita,GPT-5,human,Human,0,0,1,0,-0.2302172402507022
1794,aita,GPT-5,human,Human,0,0,0,0,-1.5677795935234993
1796,aita,GPT-5,human,Human,1,0,0,0,-1.9111202143582455
1802,aita,GPT-5,human,Human,1,0,0,0,-0.2164859957299061
1803,aita,GPT-5,human,Human,0,0,0,0,-1.2859577914046827
1804,aita,GPT-5,human,Human,0,0,1,0,-0.7364779001732454
1817,aita,GPT-5,human,Human,1,1,0,0,-1.2643886994549156
1821,aita,GPT-5,human,Human,0,0,0,0,-1.4763872194206744
1827,aita,GPT-5,human,Human,0,0,0,0,-0.1654858906672719
1828,aita,GPT-5,human,Human,0,0,0,0,-1.1984542576483943
1834,aita,GPT-5,human,Human,0,0,0,0,-0.6340065554203062
1839,aita,GPT-5,human,Human,0,0,0,0,-1.1948328620935769
1840,aita,GPT-5,human,Human,0,0,1,0,-1.643934272184526
1854,aita,GPT-5,human,Human,0,0,0,0,-0.6720049558428262
1855,aita,GPT-5,human,Human,0,0,0,0,-1.5533398778321552
1856,aita,GPT-5,human,Human,0,0,0,0,-1.3584302319127357
1865,aita,GPT-5,human,Human,0,0,0,0,-1.1412789367791936
1870,aita,GPT-5,human,Human,0,0,1,1,-0.2561894548465988
1873,aita,GPT-5,human,Human,0,0,1,0,-1.6022435728179985
1874,aita,GPT-5,human,Human,0,0,0,0,-1.220377680263676
1875,aita,GPT-5,human,Human,0,0,0,0,-1.1830788059726771
1881,aita,GPT-5,human,Human,0,0,0,0,-1.0076044857529498
1885,aita,GPT-5,human,Human,0,0,1,0,-0.9808826186353992
1887,aita,GPT-5,human,Human,0,0,0,0,-1.8964843544131484
1890,aita,GPT-5,human,Human,0,0,0,0,-1.0683851311393615
1893,aita,GPT-5,human,Human,0,0,0,0,-1.2137513772872466
1896,aita,GPT-5,human,Human,0,0,0,0,-2.25825468282635
1902,aita,GPT-5,human,Human,0,0,0,0,-1.7098563951681207
1906,aita,GPT-5,human,Human,0,0,0,0,-1.224629119291377
1910,aita,GPT-5,human,Human,0,0,0,0,-0.9622527036632864
1917,aita,GPT-5,human,Human,0,0,0,0,-0.9237062765138724
1920,aita,GPT-5,human,Human,0,1,1,0,-0.3898639058728426
1933,aita,GPT-5,human,Human,0,0,0,0,-0.8175738490377973
1934,aita,GPT-5,human,Human,0,1,1,0,-0.9428831969605532
1935,aita,GPT-5,human,Human,1,0,0,0,-0.325968710307401
1946,aita,GPT-5,human,Human,0,0,0,0,-1.374847221562562
1957,aita,GPT-5,human,Human,1,0,0,0,-1.2063979956201032
1964,aita,GPT-5,human,Human,0,0,0,0,-1.0267814061996308
1966,aita,GPT-5,human,Human,0,0,0,0,-0.988698673759667
1968,aita,GPT-5,human,Human,0,0,1,0,-0.9048747357469996
1970,aita,GPT-5,human,Human,0,0,0,0,-0.8324022952389465
1973,aita,GPT-5,human,Human,0,0,0,0,-1.4611599819186862
1977,aita,GPT-5,human,Human,0,1,0,0,-0.0815876814281943
1978,aita,GPT-5,human,Human,0,0,0,0,-1.3584302319127357
1979,aita,GPT-5,human,Human,0,0,1,0,-0.9048747357469996
1981,aita,GPT-5,human,Human,1,0,1,0,-1.0765475871957633
1982,aita,GPT-5,human,Human,0,0,0,0,-1.0839009688629069
1984,aita,GPT-5,human,Human,1,0,0,0,-0.5466521685370714
1987,aita,GPT-5,human,Human,0,0,0,0,-1.5840124491467245
1988,aita,GPT-5,human,Human,0,0,0,0,-1.008204902848549
1990,aita,GPT-5,human,Human,0,0,0,0,-2.097933328882201
1994,aita,GPT-5,human,Human,0,0,0,0,-0.5914570337051684
2008,aita,GPT-5,human,Human,0,0,0,0,-1.621075113584871
2010,aita,GPT-5,human,Human,1,1,0,0,-0.22868108717073
2027,aita,GPT-5,human,Human,1,0,0,0,-1.1450693235067977
2031,aita,GPT-5,human,Human,0,0,0,0,-0.989373362081676
2033,aita,GPT-5,human,Human,0,1,1,0,-1.06117111426772
2035,aita,GPT-5,human,Human,0,0,0,0,-0.9584413642617696
2036,aita,GPT-5,human,Human,0,0,0,0,-1.3928333686090788
2040,aita,GPT-5,human,Human,0,0,0,0,-1.5456586082533623
2047,aita,GPT-5,human,Human,0,0,0,0,-1.064982453669237
2048,aita,GPT-5,human,Human,0,0,0,0,-1.0501540074680875
2051,aita,GPT-5,human,Human,0,0,0,0,-0.8440071159337909
2055,aita,GPT-5,human,Human,1,0,0,0,-0.7439529647072511
2064,aita,GPT-5,human,Human,0,0,0,0,-1.277265422163646
2065,aita,GPT-5,human,Human,0,0,1,0,-1.499513822812048
2066,aita,GPT-5,human,Human,0,0,0,0,-1.2745320226736585
2067,aita,GPT-5,human,Human,0,0,1,0,-1.340199108241462
2068,aita,GPT-5,human,Human,0,0,0,0,-0.7904531906194077
2081,aita,GPT-5,human,Human,1,0,1,0,-0.4046923520739917
2084,aita,GPT-5,human,Human,0,0,0,0,-1.2557004819067854
2089,aita,GPT-5,human,Human,1,0,0,0,-0.967120542271192
2110,aita,GPT-5,human,Human,0,1,0,0,-0.8963839923007229
2113,aita,GPT-5,human,Human,0,0,1,0,-1.3164811272931969
2117,aita,GPT-5,human,Human,0,0,0,0,-0.7251738143090833
2120,aita,GPT-5,human,Human,0,0,0,0,-1.340199108241462
2122,aita,GPT-5,human,Human,0,0,0,0,-1.5840124491467245
2123,aita,GPT-5,human,Human,0,1,0,0,-0.2064992593024374
2129,aita,GPT-5,human,Human,0,0,0,0,-1.1349969036772447
2131,aita,GPT-5,human,Human,0,0,0,0,0.09930299215756
2133,aita,GPT-5,human,Human,1,0,0,0,-2.110720067652302
2134,aita,GPT-5,human,Human,0,0,0,0,-0.9048747357469996
2135,aita,GPT-5,human,Human,0,0,0,0,-0.989373362081676
2136,aita,GPT-5,human,Human,0,1,0,0,-1.1215674182338726
2139,aita,GPT-5,human,Human,1,0,1,1,-0.233019500625228
2140,aita,GPT-5,human,Human,0,0,1,0,-0.9428831969605532
2144,aita,GPT-5,human,Human,0,0,1,0,-0.9389324927635344
2150,aita,GPT-5,human,Human,1,0,0,0,-0.3080494035101692
2152,aita,GPT-5,human,Human,1,0,0,0,-0.4519208049034272
2153,aita,GPT-5,human,Human,0,0,0,0,-0.5728805303540865
2154,aita,GPT-5,human,Human,0,0,0,0,-0.7760124536757378
2156,aita,GPT-5,human,Human,0,0,0,0,-0.2706301917902688
2157,aita,GPT-5,human,Human,0,0,0,0,-1.1070709230842777
2167,aita,GPT-5,human,Human,0,0,0,0,-1.4611599819186862
2168,aita,GPT-5,human,Human,0,0,0,0,-0.6148296349736252
2170,aita,GPT-5,human,Human,0,0,0,0,-0.7412773659278404
2179,aita,GPT-5,human,Human,0,0,0,0,-1.2514178266582126
2205,aita,GPT-5,human,Human,0,0,0,0,-1.8503395689718336
2213,aita,GPT-5,human,Human,1,0,0,0,-1.1687438650720638
2215,aita,GPT-5,human,Human,0,0,0,0,-0.6528280353961452
2217,aita,GPT-5,human,Human,0,0,0,0,-1.4003628660164416
2221,aita,GPT-5,human,Human,1,0,1,0,-1.0191696192794764
2228,aita,GPT-5,human,Human,0,0,0,0,-0.7786854100457953
2232,aita,GPT-5,human,Human,0,0,0,0,-1.209800673090228
2237,aita,GPT-5,human,Human,0,0,0,0,-0.521194324793769
2245,aita,GPT-5,human,Human,0,0,0,0,-1.1795891540757557
2250,aita,GPT-5,human,Human,0,0,0,0,-0.4667481028780114
2251,aita,GPT-5,human,Human,0,0,1,0,-2.074975989430416
2257,aita,GPT-5,human,Human,0,0,0,0,-1.0148312058249784
2259,aita,GPT-5,human,Human,0,0,0,0,-0.729724935601701
2261,aita,GPT-5,human,Human,0,0,0,0,-1.846989281870414
2263,aita,GPT-5,human,Human,0,1,0,0,-1.023432140350537
2270,aita,GPT-5,human,Human,0,0,0,0,-0.9054751528425984
2271,aita,GPT-5,human,Human,0,0,1,0,-0.4276012586329983
2274,aita,GPT-5,human,Human,0,0,0,0,-1.4429288582474122
2276,aita,GPT-5,human,Human,0,0,0,0,-0.9811527058364714
2280,aita,GPT-5,human,Human,0,0,0,0,-1.0765475871957633
2291,aita,GPT-5,human,Human,0,0,1,0,-1.117948665088408
2294,aita,GPT-5,human,Human,0,0,0,0,-1.6636155957613012
2295,aita,GPT-5,human,Human,0,0,0,0,-1.6636155957613012
2304,aita,GPT-5,human,Human,0,0,0,0,-1.3164811272931969
2318,aita,GPT-5,human,Human,0,0,0,0,-0.4545952554562729
2330,aita,GPT-5,human,Human,0,0,0,0,-1.0076044857529498
2352,aita,GPT-5,human,Human,0,0,0,0,-1.2557004819067854
2355,aita,GPT-5,human,Human,0,0,0,0,-1.2557004819067854
2369,aita,GPT-5,human,Human,0,0,0,0,-1.4270413823039951
2371,aita,GPT-5,human,Human,0,0,1,0,-1.4998457738636022
2378,aita,GPT-5,human,Human,0,0,1,0,-1.1490200277038165
2382,aita,GPT-5,human,Human,0,0,0,0,-1.3127898496015151
2385,aita,GPT-5,human,Human,0,0,0,0,-1.298250003621923
2387,aita,GPT-5,human,Human,0,0,1,0,-1.9143871906945475
2395,aita,GPT-5,human,Human,0,1,0,0,-0.6841293251138454
2399,aita,GPT-5,human,Human,0,0,0,0,-0.9231058594182734
2402,aita,GPT-5,human,Human,0,0,0,0,-0.8792467910255835
2412,aita,GPT-5,human,Human,0,0,0,0,-1.3362484040444431
2414,aita,GPT-5,human,Human,0,0,1,0,-0.8136231448407785
2415,aita,GPT-5,human,Human,0,1,1,0,0.1018971342486771
2429,aita,GPT-5,human,Human,0,0,1,0,-0.820376109412323
2431,aita,GPT-5,human,Human,0,0,1,0,-0.4054194307647056
2441,aita,GPT-5,human,Human,0,0,0,0,-0.8120869917608062
2452,aita,GPT-5,human,Human,0,0,1,0,-0.4388777919379678
2455,aita,GPT-5,human,Human,0,0,0,0,0.1111697962085088
2459,aita,GPT-5,human,Human,0,0,0,0,-1.3590306490083348
2461,aita,GPT-5,human,Human,0,0,0,0,-1.340199108241462
2463,aita,GPT-5,human,Human,0,0,0,0,-1.3584302319127357
2464,aita,GPT-5,human,Human,1,1,0,0,0.0874095712411586
2466,aita,GPT-5,human,Human,0,0,1,0,-1.0173116614975697
2473,aita,GPT-5,human,Human,0,0,0,0,-0.9231058594182734
2475,aita,GPT-5,human,Human,0,1,1,0,-0.1196786205823677
2476,aita,GPT-5,human,Human,0,0,0,0,-1.5456586082533623
2477,aita,GPT-5,human,Human,0,0,0,0,-0.6634050425695934
2478,aita,GPT-5,human,Human,0,0,0,0,-1.1112800325343073
2484,aita,GPT-5,human,Human,0,0,0,0,-0.8931829406253581
2490,aita,GPT-5,human,Human,0,0,0,0,-0.7981942815440304
2510,aita,GPT-5,human,Human,0,1,0,0,-0.6297974459702763
2521,aita,GPT-5,human,Human,0,0,0,0,-0.462289520317047
2522,aita,GPT-5,human,Human,0,0,0,0,-0.9474242574621372
2523,aita,GPT-5,human,Human,0,0,0,0,-1.2557004819067854
2528,aita,GPT-5,human,Human,0,0,0,0,-1.2331867029869388
2529,aita,GPT-5,human,Human,1,0,1,0,-0.7792323269673618
2532,aita,GPT-5,human,Human,0,0,0,0,-1.8046991866606137
2535,aita,GPT-5,human,Human,1,0,0,0,-0.4506445512592542
2537,aita,GPT-5,human,Human,0,0,0,0,-0.989373362081676
2545,aita,GPT-5,human,Human,0,0,0,0,-0.6989989526661008
2551,aita,GPT-5,human,Human,1,0,1,0,-0.2561894548465988
2553,aita,GPT-5,human,Human,0,0,0,0,-1.5456586082533623
2556,aita,GPT-5,human,Human,0,0,0,0,-0.5500982853901948
2559,aita,GPT-5,human,Human,0,0,0,0,-1.3928333686090788
2560,aita,GPT-5,human,Human,0,0,0,0,-0.969867132992794
2562,aita,GPT-5,human,Human,1,1,1,0,-0.95868270808305
2569,aita,GPT-5,human,Human,0,0,0,0,-1.2711293452035335
2576,aita,GPT-5,human,Human,1,0,1,0,-1.275480077480958
2580,aita,GPT-5,human,Human,0,0,0,0,-1.412256286932843
2599,aita,GPT-5,human,Human,0,0,0,0,-1.9573519742263572
2613,aita,GPT-5,human,Human,0,1,0,0,-1.0118262984033666
2615,aita,GPT-5,human,Human,0,0,0,0,-1.1948328620935769
2616,aita,GPT-5,human,Human,0,0,0,0,-1.5075893044416528
2621,aita,GPT-5,human,Human,0,0,0,0,-1.9225993947103008
2627,aita,GPT-5,human,Human,0,0,0,0,-0.9273276720686902
2628,aita,GPT-5,human,Human,0,0,0,0,-0.8324022952389465
2630,aita,GPT-5,human,Human,1,1,0,0,-1.686724707384516
2631,aita,GPT-5,human,Human,0,0,0,0,-1.0921031120876263
2640,aita,GPT-5,human,Human,0,0,1,0,-1.6643019660313711
2648,aita,GPT-5,human,Human,0,0,0,0,-0.9054751528425984
2651,aita,GPT-5,human,Human,0,0,1,0,-1.1486880766522622
2658,aita,GPT-5,human,Human,0,0,1,0,-1.1712018555721089
2662,aita,GPT-5,human,Human,0,0,1,0,-1.0875620515860425
2665,aita,GPT-5,human,Human,1,0,0,0,-0.7457772450783183
2668,aita,GPT-5,human,Human,0,0,0,0,-0.7978623304924762
2669,aita,GPT-5,human,Human,0,0,0,0,-1.7481142220959778
2671,aita,GPT-5,human,Human,0,0,0,0,-0.9237062765138724
2672,aita,GPT-5,human,Human,0,0,0,0,-0.8896310277291783
2683,aita,GPT-5,human,Human,0,0,1,0,-1.0076044857529498
2689,aita,GPT-5,human,Human,0,0,0,0,-0.9763415581338154
2694,aita,GPT-5,human,Human,0,0,0,0,-1.7252852584648688
2707,aita,GPT-5,human,Human,0,0,0,0,-0.7522944727274729
2710,aita,GPT-5,human,Human,1,0,0,0,-1.3176318291475826
2713,aita,GPT-5,human,Human,0,0,0,0,-1.355425324491124
2716,aita,GPT-5,human,Human,0,0,0,0,-1.340199108241462
2723,aita,GPT-5,human,Human,0,0,0,0,-2.037567945312461
2726,aita,GPT-5,human,Human,0,0,0,0,-0.984832301580092
2734,aita,GPT-5,human,Human,0,0,1,0,-0.5546494066828125
2736,aita,GPT-5,human,Human,0,0,0,0,-1.7894719491586253
2739,aita,GPT-5,human,Human,0,0,0,0,-1.6214070646364254
2746,aita,GPT-5,human,Human,0,0,0,0,-0.4844311998223912
2750,aita,GPT-5,human,Human,1,0,0,0,-0.15481305374212
2757,aita,GPT-5,human,Human,0,0,0,0,-0.74790366890427
2760,aita,GPT-5,human,Human,0,0,0,0,-1.3514756415464313
2762,aita,GPT-5,human,Human,0,0,0,0,-0.3931272185474653
2764,aita,GPT-5,human,Human,0,0,0,0,-1.2474681437135198
2765,aita,GPT-5,human,Human,0,1,0,0,-1.137726002630688
2769,aita,GPT-5,human,Human,0,1,0,0,-1.7290333156148017
2773,aita,GPT-5,human,Human,0,0,0,0,-0.5086972074975501
2774,aita,GPT-5,human,Human,0,0,1,0,-0.6148296349736252
2778,aita,GPT-5,human,Human,0,0,0,0,-1.5456586082533623
2780,aita,GPT-5,human,Human,0,0,0,0,-0.7175593849795756
2786,aita,GPT-5,human,Human,0,0,0,0,-1.1070709230842777
2787,aita,GPT-5,human,Human,0,0,0,0,-0.8629256311274607
2793,aita,GPT-5,human,Human,0,0,0,0,-1.811985728078472
2794,aita,GPT-5,human,Human,0,0,0,0,-1.6065262280665713
2801,aita,GPT-5,human,Human,0,0,0,0,-1.3130784498230723
2807,aita,GPT-5,human,Human,0,0,0,0,-0.969867132992794
2814,aita,GPT-5,human,Human,0,0,0,0,-1.6456730723115844
2818,aita,GPT-5,human,Human,1,0,1,0,-0.9231058594182734
2830,aita,GPT-5,human,Human,1,0,0,0,-1.2869417660648546
2833,aita,GPT-5,human,Human,0,0,1,0,-0.4883819040194099
2838,aita,GPT-5,human,Human,0,0,1,0,-1.4611599819186862
2839,aita,GPT-5,human,Human,0,0,0,0,-1.1832280413987324
2841,aita,GPT-5,human,Human,0,0,0,0,-1.2739316055780594
2842,aita,GPT-5,human,Human,0,0,0,0,-0.9047877613202024
2852,aita,GPT-5,human,Human,0,0,0,0,-0.2108376727569354
2872,aita,GPT-5,human,Human,0,0,1,0,-1.8417618510987603
2874,aita,GPT-5,human,Human,0,0,0,0,-1.2133361154705748
2875,aita,GPT-5,human,Human,0,0,0,0,-1.793754604407198
2880,aita,GPT-5,human,Human,0,0,0,0,-1.704973322823949
2881,aita,GPT-5,human,Human,0,0,0,0,-1.9530693189777844
2885,aita,GPT-5,human,Human,0,0,0,0,-0.3709453906791727
2892,aita,GPT-5,human,Human,0,0,0,0,-0.8783544944242089
2897,aita,GPT-5,human,Human,0,0,1,0,-0.9546509775341656
2901,aita,GPT-5,human,Human,0,0,0,0,-1.1496204447994152
2903,aita,GPT-5,human,Human,0,0,0,0,-0.820376109412323
2906,aita,GPT-5,human,Human,0,0,0,0,-1.3125304230961783
2910,aita,GPT-5,human,Human,0,0,1,0,-0.7364779001732454
2914,aita,GPT-5,human,Human,0,0,0,0,-1.02738182329523
2917,aita,GPT-5,human,Human,0,0,0,0,-1.2331033922218209
2921,aita,GPT-5,human,Human,0,0,1,0,-0.9474242574621372
2928,aita,GPT-5,human,Human,0,0,0,0,-0.8965856180954828
2937,aita,GPT-5,human,Human,0,0,0,0,-1.3619656742930826
2939,aita,GPT-5,human,Human,0,0,0,0,-1.1948328620935769
2950,aita,GPT-5,human,Human,0,0,0,0,-1.3164811272931969
2954,aita,GPT-5,human,Human,0,0,0,0,-1.0076044857529498
2962,aita,GPT-5,human,Human,1,0,0,0,-1.2285798234883958
2965,aita,GPT-5,human,Human,0,0,0,0,-1.2563008990023845
2967,aita,GPT-5,human,Human,0,0,0,0,-1.079950264665888
2973,aita,GPT-5,human,Human,1,0,1,1,-0.3209208044300292
2975,aita,GPT-5,human,Human,0,0,0,0,-0.7981942815440304
2976,aita,GPT-5,human,Human,0,0,0,0,-1.1264504905780444
2977,aita,GPT-5,human,Human,0,0,0,0,-0.2943481727385336
2984,aita,GPT-5,human,Human,0,1,1,0,-1.808990881447894
2986,aita,GPT-5,human,Human,0,0,0,0,-1.1139566525660445
2999,aita,GPT-5,human,Human,1,0,0,0,-1.2172868196675934
3001,aita,GPT-5,human,Human,0,0,0,0,-1.2148485789675998
3008,aita,GPT-5,human,Human,0,0,0,0,-1.0501540074680875
3011,aita,GPT-5,human,Human,0,0,0,0,-1.2514178266582126
3013,aita,GPT-5,human,Human,0,1,1,0,-0.4479689524798434
3018,aita,GPT-5,human,Human,0,0,0,0,-1.340199108241462
3022,aita,GPT-5,human,Human,0,0,0,0,-1.0921031120876263
3026,aita,GPT-5,human,Human,0,0,0,0,-1.02738182329523
3029,aita,GPT-5,human,Human,1,0,0,0,-1.8229128185637284
3031,aita,GPT-5,human,Human,0,0,0,0,-0.6537738321715523
3032,aita,GPT-5,human,Human,0,0,0,0,-1.3584302319127357
3034,aita,GPT-5,human,Human,1,0,1,0,-1.2523501948053657
3035,aita,GPT-5,human,Human,0,0,0,0,-0.7938558680895323
3037,aita,GPT-5,human,Human,0,1,0,0,-0.7938558680895323
3039,aita,GPT-5,human,Human,0,0,0,0,-1.1258500734824457
3042,aita,GPT-5,human,Human,0,0,0,0,-0.820376109412323
3044,aita,GPT-5,human,Human,0,0,1,0,-0.4695503632525371
3045,aita,GPT-5,human,Human,0,0,0,0,-1.6065262280665713
3052,aita,GPT-5,human,Human,0,0,0,0,-2.140297695318411
3056,aita,GPT-5,human,Human,0,0,0,0,-1.0765475871957633
3060,aita,GPT-5,human,Human,1,0,0,0,-0.74790366890427
3062,aita,GPT-5,human,Human,0,0,0,0,-1.4581560957494004
3064,aita,GPT-5,human,Human,0,0,0,0,-1.7708954458075434
3066,aita,GPT-5,human,Human,0,0,0,0,-0.5926478071053326
3077,aita,GPT-5,human,Human,0,0,1,0,-1.0802096911712251
3078,aita,GPT-5,human,Human,1,0,1,0,-0.8698103393569012
3081,aita,GPT-5,human,Human,0,0,0,0,-1.1486880766522622
3097,aita,GPT-5,human,Human,0,0,0,0,-1.3285073131198204
3102,aita,GPT-5,human,Human,0,0,0,0,-1.5000182259421422
3105,aita,GPT-5,human,Human,0,0,0,0,-1.0921031120876263
3109,aita,GPT-5,human,Human,0,0,1,0,-0.9959996650581054
3110,aita,GPT-5,human,Human,0,0,0,0,-1.751805499787659
3111,aita,GPT-5,human,Human,0,0,0,0,-1.2780674650540051
3119,aita,GPT-5,human,Human,0,0,0,0,-0.9201009519966616
3127,aita,GPT-5,human,Human,1,0,1,0,-1.5233624376128814
3147,aita,GPT-5,human,Human,0,0,0,0,-1.5456586082533623
3168,aita,GPT-5,human,Human,0,0,1,0,-1.0881524078906075
3169,aita,GPT-5,human,Human,0,0,1,0,-0.6911261180835819
3174,aita,GPT-5,human,Human,1,0,1,0,-0.5540489895872136
3176,aita,GPT-5,human,Human,0,1,0,0,-1.3508842639895402
3177,aita,GPT-5,human,Human,0,0,0,0,-0.9351320452448968
3186,aita,GPT-5,human,Human,0,0,0,0,-1.624757351737845
3200,aita,GPT-5,human,Human,0,0,0,0,-0.4473685353842445
3208,aita,GPT-5,human,Human,0,0,0,0,-1.2291802405839949
3210,aita,GPT-5,human,Human,0,0,0,0,-1.3776071523594169
3225,aita,GPT-5,human,Human,0,0,0,0,-1.2557004819067854
3227,aita,GPT-5,human,Human,0,0,0,0,-2.567722701923488
3231,aita,GPT-5,human,Human,0,0,0,0,-1.7755234807359244
3235,aita,GPT-5,human,Human,0,0,0,0,-0.7987946986396293
3239,aita,GPT-5,human,Human,1,0,0,0,-0.9920489608610868
3244,aita,GPT-5,human,Human,0,0,0,0,-0.4247989982584725
3246,aita,GPT-5,human,Human,0,0,1,0,-0.9231058594182734
3249,aita,GPT-5,human,Human,0,0,0,0,-1.2815269219823808
3250,aita,GPT-5,human,Human,0,0,1,0,-1.1936547918937996
3253,aita,GPT-5,human,Human,0,0,1,0,-0.5346523606617158
3257,aita,GPT-5,human,Human,0,0,0,0,-0.2567898719421978
3259,aita,GPT-5,human,Human,0,0,0,0,-1.5606264192500137
3263,aita,GPT-5,human,Human,0,0,0,0,-1.0873036463330314
3265,aita,GPT-5,human,Human,0,0,0,0,-1.137328232582175
3267,aita,GPT-5,human,Human,0,0,0,0,-0.3710847554746747
3275,aita,GPT-5,human,Human,0,0,0,0,-1.500114239907647
3283,aita,GPT-5,human,Human,0,0,0,0,-0.6567787395931639
3284,aita,GPT-5,human,Human,1,0,0,0,-1.1070709230842777
3294,aita,GPT-5,human,Human,0,0,0,0,-0.6537738321715523
3295,aita,GPT-5,human,Human,0,0,1,0,-1.1712018555721089
3314,aita,GPT-5,human,Human,1,0,0,0,-0.8859689237537166
3325,aita,GPT-5,human,Human,0,0,1,0,-1.3130784498230723
3333,aita,GPT-5,human,Human,0,0,0,0,-1.1590198344341505
3349,aita,GPT-5,human,Human,1,1,0,0,-0.1269394635178579
3350,aita,GPT-5,human,Human,1,0,0,0,-1.041951864243368
3351,aita,GPT-5,human,Human,0,0,0,0,-1.080498291392782
3354,aita,GPT-5,human,Human,0,0,1,0,-0.7059545642847311
3367,aita,GPT-5,human,Human,0,0,0,0,-1.281814500951612
3368,aita,GPT-5,human,Human,0,1,0,0,-0.820976526507922
3370,aita,GPT-5,human,Human,0,0,0,0,-1.003653781555931
3371,aita,GPT-5,human,Human,0,0,1,0,-1.1900333963389818
3383,aita,GPT-5,human,Human,0,1,0,0,-0.6871754138865632
3386,aita,GPT-5,human,Human,1,0,0,0,-0.7063523343332442
3390,aita,GPT-5,human,Human,0,0,0,0,-0.3321973377349987
3393,aita,GPT-5,human,Human,0,0,0,0,-1.687674567299828
3397,aita,GPT-5,human,Human,1,0,1,0,-0.9944736583277528
3406,aita,GPT-5,human,Human,0,0,1,0,-1.099127185112569
3427,aita,GPT-5,human,Human,0,0,0,0,-1.869429514991718
3430,aita,GPT-5,human,Human,0,0,0,0,-1.5721623790603203
3438,aita,GPT-5,human,Human,0,0,0,0,-1.1712018555721089
3439,aita,GPT-5,human,Human,1,0,0,0,-0.3323989635297586
3445,aita,GPT-5,human,Human,0,0,0,0,-1.2335186540384928
3446,aita,GPT-5,human,Human,0,0,1,0,-0.6148296349736252
3458,aita,GPT-5,human,Human,0,0,0,0,-2.1248523615058303
3460,aita,GPT-5,human,Human,0,0,1,0,-0.5540489895872136
3461,aita,GPT-5,human,Human,0,0,0,0,-1.3776071523594169
3471,aita,GPT-5,human,Human,0,0,0,0,-1.8424402030824485
3472,aita,GPT-5,human,Human,0,0,0,0,-1.340199108241462
3479,aita,GPT-5,human,Human,0,0,1,0,-0.7938558680895323
3485,aita,GPT-5,human,Human,0,0,1,0,-0.9048747357469996
3488,aita,GPT-5,human,Human,0,0,0,0,-1.5982938898733057
3490,aita,GPT-5,human,Human,0,0,1,0,-1.160296561008786
3504,aita,GPT-5,human,Human,0,0,0,0,-1.7506540140775877
3511,aita,GPT-5,human,Human,0,0,0,0,-1.499513822812048
3514,aita,GPT-5,human,Human,0,0,1,0,-0.5500982853901948
3516,aita,GPT-5,human,Human,0,0,0,0,-1.522886424080505
3518,aita,GPT-5,human,Human,0,0,0,0,-1.5563447852537668
3519,aita,GPT-5,human,Human,0,0,0,0,-0.858974926930442
3528,aita,GPT-5,human,Human,0,0,0,0,-1.210060099595565
3531,aita,GPT-5,human,Human,0,0,0,0,-0.8629256311274607
3532,aita,GPT-5,human,Human,0,0,0,0,-1.6357019339912606
3541,aita,GPT-5,human,Human,0,0,0,0,-1.4429288582474122
3550,aita,GPT-5,human,Human,0,1,1,0,-0.2789716998104904
3552,aita,GPT-5,human,Human,0,0,0,0,-1.725083632670109
3557,aita,GPT-5,human,Human,0,0,0,0,-1.1450693235067977
3560,aita,GPT-5,human,Human,0,0,0,0,-1.3584302319127357
3568,aita,GPT-5,human,Human,0,0,0,0,-0.7929668507723765
3576,aita,GPT-5,human,Human,0,0,1,0,-0.7373266617308217
3577,aita,GPT-5,human,Human,0,1,0,0,-1.2523501948053657
3578,aita,GPT-5,human,Human,1,0,1,0,-0.7610012032960879
3579,aita,GPT-5,human,Human,0,0,0,0,-1.0076044857529498
3581,aita,GPT-5,human,Human,0,0,1,0,-0.8640763329818464
3588,aita,GPT-5,human,Human,0,0,0,0,-1.3362484040444431
3590,aita,GPT-5,human,Human,0,0,1,0,-1.4192108772991474
3599,aita,GPT-5,human,Human,1,0,1,0,-0.6114269575035005
3605,aita,GPT-5,human,Human,0,0,1,0,-0.9054751528425984
3606,aita,GPT-5,human,Human,0,0,0,0,-0.9954224646149916
3615,aita,GPT-5,human,Human,0,0,0,0,-0.5312233052403232
3625,aita,GPT-5,human,Human,1,1,1,0,0.1061887216393264
3630,aita,GPT-5,human,Human,0,0,0,0,-1.2557004819067854
3631,aita,GPT-5,human,Human,1,0,0,0,-0.4430301219297464
3638,aita,GPT-5,human,Human,0,0,1,0,-1.0985801796380008
3640,aita,GPT-5,human,Human,0,0,0,0,-0.2903974685415149
3643,aita,GPT-5,human,Human,0,0,0,0,-1.4158081998290228
3645,aita,GPT-5,human,Human,0,0,1,0,-0.402016753294581
3648,aita,GPT-5,human,Human,1,0,1,0,-0.2229470807956751
3649,aita,GPT-5,human,Human,0,0,0,0,-1.7274871017437956
3655,aita,GPT-5,human,Human,0,0,0,0,-1.1948328620935769
3662,aita,GPT-5,human,Human,0,0,1,0,-0.4883819040194099
3669,aita,GPT-5,human,Human,0,0,0,0,-0.9237062765138724
3670,aita,GPT-5,human,Human,0,0,0,0,-1.892889090686972
3675,aita,GPT-5,human,Human,0,0,0,0,-1.2669770152117548
3676,aita,GPT-5,human,Human,0,0,1,0,-0.7987946986396293
3678,aita,GPT-5,human,Human,0,0,0,0,-0.7670805893509509
3681,aita,GPT-5,human,Human,1,0,0,0,-0.3396834843123643
3689,aita,GPT-5,human,Human,0,0,0,0,-1.0045460781573057
3690,aita,GPT-5,human,Human,0,0,0,0,-1.0765475871957633
3696,aita,GPT-5,human,Human,1,1,1,0,-0.9634022957123444
3705,aita,GPT-5,human,Human,1,0,1,0,-0.9634892701391417
3709,aita,GPT-5,human,Human,0,0,0,0,-1.6217524443162334
3714,aita,GPT-5,human,Human,1,0,0,0,-0.4777652096776438
3716,aita,GPT-5,human,Human,0,0,0,0,-0.8899196279507353
3720,aita,GPT-5,human,Human,0,0,0,0,-0.6759556600398449
3723,aita,GPT-5,human,Human,0,0,0,0,-1.8545352497936096
3725,aita,GPT-5,human,Human,1,0,0,0,-0.1089132449255625
3729,aita,GPT-5,human,Human,0,0,0,0,-1.1407309100522995
3730,aita,GPT-5,human,Human,0,0,1,0,-0.858974926930442
3731,aita,GPT-5,human,Human,0,0,0,0,-1.9111202143582455
3734,aita,GPT-5,human,Human,0,0,1,0,-1.4383877977458284
3735,aita,GPT-5,human,Human,1,1,0,0,-0.0390381597130566
3742,aita,GPT-5,human,Human,0,0,0,0,-1.6065262280665713
3749,aita,GPT-5,human,Human,0,0,1,0,-0.7932554509939334
3759,aita,GPT-5,human,Human,0,0,0,0,-0.5540489895872136
3774,aita,GPT-5,human,Human,0,0,0,0,-2.037567945312461
3775,aita,GPT-5,human,Human,0,0,1,0,-0.5540489895872136
3783,aita,GPT-5,human,Human,0,0,0,0,-0.7784270047927841
3786,aita,GPT-5,human,Human,0,0,0,0,-0.4695503632525371
3793,aita,GPT-5,human,Human,0,0,0,0,-1.6377716639175468
3797,aita,GPT-5,human,Human,1,0,0,0,-1.6596215407342854
3804,aita,GPT-5,human,Human,0,0,1,0,-1.4198112943947463
3811,aita,GPT-5,human,Human,1,1,1,0,0.2047628623692796
3820,aita,GPT-5,human,Human,0,0,0,0,-1.4611599819186862
3823,aita,GPT-5,human,Human,0,0,0,0,-0.7760124536757378
3829,aita,GPT-5,human,Human,1,0,1,0,-0.3908323283848367
3831,aita,GPT-5,human,Human,0,0,0,0,-0.5573250054622233
3838,aita,GPT-5,human,Human,0,0,0,0,-2.5756220678128736
3845,aita,GPT-5,human,Human,0,0,0,0,-1.1948328620935769
3846,aita,GPT-5,human,Human,0,0,0,0,-0.3335831396369088
3848,aita,GPT-5,human,Human,0,0,1,0,-0.7786854100457953
3849,aita,GPT-5,human,Human,0,0,0,0,-1.3584302319127357
3852,aita,GPT-5,human,Human,0,0,0,0,-0.989373362081676
3859,aita,GPT-5,human,Human,0,0,0,0,-0.9048747357469996
3865,aita,GPT-5,human,Human,0,0,0,0,-0.6306462075278526
3869,aita,GPT-5,human,Human,0,0,0,0,-0.9009240315499808
3872,aita,GPT-5,human,Human,0,0,0,0,-0.6495647227215224
3874,aita,GPT-5,human,Human,0,0,0,0,-1.630157234588039
3881,aita,GPT-5,human,Human,0,0,0,0,-0.6567787395931639
3886,aita,GPT-5,human,Human,1,0,0,0,-1.104817837663211
3889,aita,GPT-5,human,Human,0,0,0,0,-1.3776071523594169
3891,aita,GPT-5,human,Human,0,0,0,0,-0.2484483639219761
3901,aita,GPT-5,human,Human,0,0,0,0,-1.759087978065613
3902,aita,GPT-5,human,Human,0,0,0,0,-1.1490200277038165
3908,aita,GPT-5,human,Human,0,0,0,0,-2.7963088053267624
3911,aita,GPT-5,human,Human,0,0,0,0,-1.6256161740864552
3916,aita,GPT-5,human,Human,0,0,0,0,-1.373657469414724
3920,aita,GPT-5,human,Human,0,0,0,0,-1.133732968855998
3923,aita,GPT-5,human,Human,0,0,1,0,-0.4276012586329983
3926,aita,GPT-5,human,Human,0,0,1,0,-0.4054194307647056
3931,aita,GPT-5,human,Human,1,0,0,0,-0.8014702974190401
3935,aita,GPT-5,human,Human,1,0,0,0,-0.3376296735856312
3938,aita,GPT-5,human,Human,0,0,0,1,-0.9048747357469996
3941,aita,GPT-5,human,Human,0,0,0,0,-1.4031651263909677
3943,aita,GPT-5,human,Human,0,0,0,0,-0.8177787541167758
3946,aita,GPT-5,human,Human,0,0,1,0,-0.8316526427172924
3953,aita,GPT-5,human,Human,0,0,0,0,-0.9048747357469996
3962,aita,GPT-5,human,Human,0,0,0,0,-1.373657469414724
3964,aita,GPT-5,human,Human,0,0,0,0,-1.098729415064056
3970,aita,GPT-5,human,Human,0,0,1,0,-0.9959996650581054
3972,aita,GPT-5,human,Human,0,0,0,0,-1.59006155168004
3976,aita,GPT-5,human,Human,0,0,0,0,-0.9656553811334112
3983,aita,GPT-5,human,Human,0,0,0,0,-0.7750243273226596
3988,aita,GPT-5,human,Human,0,0,0,0,-1.7858108664354897
3990,aita,GPT-5,human,Human,0,0,1,0,-1.0076044857529498
3996,aita,GPT-5,human,Human,0,1,0,0,-0.4168975898644351
4,aita,GPT-5,rewrite,Rewrite,1,0,1,1,-0.3748960948761914
14,aita,GPT-5,rewrite,Rewrite,1,0,1,0,-0.1341364189577685
24,aita,GPT-5,rewrite,Rewrite,1,0,0,1,-0.012517918390266
28,aita,GPT-5,rewrite,Rewrite,1,0,0,1,-0.2302172402507022
34,aita,GPT-5,rewrite,Rewrite,1,0,0,1,-0.397678339840083
39,aita,GPT-5,rewrite,Rewrite,1,0,0,1,-0.2909978856371139
40,aita,GPT-5,rewrite,Rewrite,1,0,0,1,-1.1832280413987324
42,aita,GPT-5,rewrite,Rewrite,1,0,0,1,-0.4776258448821418
49,aita,GPT-5,rewrite,Rewrite,1,0,0,1,-0.5004080898460335
56,aita,GPT-5,rewrite,Rewrite,1,0,0,1,-0.1843174314341448
58,aita,GPT-5,rewrite,Rewrite,1,0,0,1,-0.4815765490791605
64,aita,GPT-5,rewrite,Rewrite,1,0,0,1,-0.2484483639219761
66,aita,GPT-5,rewrite,Rewrite,1,1,1,1,-0.0815876814281943
71,aita,GPT-5,rewrite,Rewrite,1,0,0,1,-0.2949485898341326
75,aita,GPT-5,rewrite,Rewrite,1,0,1,1,-0.1736445945089929
80,aita,GPT-5,rewrite,Rewrite,1,0,1,1,-0.2949485898341326
88,aita,GPT-5,rewrite,Rewrite,1,0,0,1,-0.0815876814281943
89,aita,GPT-5,rewrite,Rewrite,1,1,0,1,-0.3830547987179124
91,aita,GPT-5,rewrite,Rewrite,1,0,0,1,-0.3748960948761914
97,aita,GPT-5,rewrite,Rewrite,1,0,0,1,-0.435676740262603
101,aita,GPT-5,rewrite,Rewrite,1,0,1,1,-0.1611474772127739
108,aita,GPT-5,rewrite,Rewrite,1,0,0,1,-0.3904643229684415
115,aita,GPT-5,rewrite,Rewrite,1,0,1,1,-0.9351320452448968
121,aita,GPT-5,rewrite,Rewrite,1,0,0,1,-0.3788467990732101
125,aita,GPT-5,rewrite,Rewrite,1,0,1,1,-0.0618236839611668
130,aita,GPT-5,rewrite,Rewrite,1,0,0,1,-0.1843174314341448
137,aita,GPT-5,rewrite,Rewrite,1,0,1,1,-0.2302172402507022
146,aita,GPT-5,rewrite,Rewrite,1,1,1,1,-0.2949485898341326
148,aita,GPT-5,rewrite,Rewrite,1,0,1,1,-0.397678339840083
153,aita,GPT-5,rewrite,Rewrite,0,0,0,1,-0.7257218410359774
157,aita,GPT-5,rewrite,Rewrite,1,0,0,1,-0.2943481727385336
162,aita,GPT-5,rewrite,Rewrite,1,0,0,1,-0.4396274444596217
163,aita,GPT-5,rewrite,Rewrite,1,0,1,1,-0.397678339840083
165,aita,GPT-5,rewrite,Rewrite,1,0,0,1,-0.3092290093083878
174,aita,GPT-5,rewrite,Rewrite,1,0,1,1,-0.8512338360058194
178,aita,GPT-5,rewrite,Rewrite,1,0,0,1,-0.1463190310116247
184,aita,GPT-5,rewrite,Rewrite,0,0,0,1,-0.397678339840083
186,aita,GPT-5,rewrite,Rewrite,1,0,0,1,-0.2870471814400951
187,aita,GPT-5,rewrite,Rewrite,0,0,1,0,-0.1654858906672719
192,aita,GPT-5,rewrite,Rewrite,1,1,0,1,0.1293586758606973
196,aita,GPT-5,rewrite,Rewrite,0,0,0,1,-0.1882681356311635
197,aita,GPT-5,rewrite,Rewrite,1,0,0,1,-0.2949485898341326
213,aita,GPT-5,rewrite,Rewrite,1,1,0,1,-0.1843174314341448
225,aita,GPT-5,rewrite,Rewrite,1,0,0,1,-0.4776258448821418
242,aita,GPT-5,rewrite,Rewrite,1,0,1,1,-0.2523990681189949
246,aita,GPT-5,rewrite,Rewrite,1,0,0,1,-0.4396274444596217
254,aita,GPT-5,rewrite,Rewrite,1,0,0,1,-0.5004080898460335
259,aita,GPT-5,rewrite,Rewrite,1,0,1,1,-0.1882681356311635
263,aita,GPT-5,rewrite,Rewrite,1,0,0,1,-0.3517785310235255
268,aita,GPT-5,rewrite,Rewrite,1,1,0,1,-0.0815876814281943
269,aita,GPT-5,rewrite,Rewrite,1,0,1,1,-0.4815765490791605
280,aita,GPT-5,rewrite,Rewrite,1,0,0,1,-0.397678339840083
287,aita,GPT-5,rewrite,Rewrite,1,0,0,1,-0.2949485898341326
293,aita,GPT-5,rewrite,Rewrite,1,0,0,1,-0.4815765490791605
297,aita,GPT-5,rewrite,Rewrite,1,0,0,1,-0.0815876814281943
305,aita,GPT-5,rewrite,Rewrite,1,0,0,1,-0.1882681356311635
307,aita,GPT-5,rewrite,Rewrite,1,0,1,1,-0.3788467990732101
317,aita,GPT-5,rewrite,Rewrite,1,0,0,1,-0.2909978856371139
326,aita,GPT-5,rewrite,Rewrite,1,0,0,0,-0.22868108717073
328,aita,GPT-5,rewrite,Rewrite,0,0,0,1,-0.2943481727385336
333,aita,GPT-5,rewrite,Rewrite,1,1,0,1,-0.1639497375872997
346,aita,GPT-5,rewrite,Rewrite,1,0,0,1,0.0063136223766068
359,aita,GPT-5,rewrite,Rewrite,1,1,1,1,-0.5573250054622233
364,aita,GPT-5,rewrite,Rewrite,1,1,0,1,-0.012517918390266
372,aita,GPT-5,rewrite,Rewrite,1,0,0,1,-0.5843062990851109
379,aita,GPT-5,rewrite,Rewrite,1,0,0,1,-0.5004080898460335
380,aita,GPT-5,rewrite,Rewrite,1,0,0,1,-0.7020038600877124
389,aita,GPT-5,rewrite,Rewrite,1,0,0,1,-0.5919207284146186
392,aita,GPT-5,rewrite,Rewrite,1,0,0,1,-0.5427559857664113
394,aita,GPT-5,rewrite,Rewrite,1,1,0,1,-0.1316954898894541
400,aita,GPT-5,rewrite,Rewrite,1,0,0,1,-0.5004080898460335
408,aita,GPT-5,rewrite,Rewrite,1,0,0,1,-0.3329469902566526
418,aita,GPT-5,rewrite,Rewrite,1,0,0,1,-0.5004080898460335
420,aita,GPT-5,rewrite,Rewrite,1,0,0,1,-0.5004080898460335
431,aita,GPT-5,rewrite,Rewrite,1,0,0,1,-0.2949485898341326
436,aita,GPT-5,rewrite,Rewrite,1,0,0,1,-0.2490487810175751
441,aita,GPT-5,rewrite,Rewrite,1,0,0,1,-0.3748960948761914
448,aita,GPT-5,rewrite,Rewrite,1,0,0,1,-0.5843062990851109
453,aita,GPT-5,rewrite,Rewrite,0,0,1,1,-0.1654858906672719
455,aita,GPT-5,rewrite,Rewrite,1,0,0,1,-0.2870471814400951
460,aita,GPT-5,rewrite,Rewrite,1,0,0,1,-0.3557292352205442
461,aita,GPT-5,rewrite,Rewrite,1,0,0,1,-0.2490487810175751
462,aita,GPT-5,rewrite,Rewrite,1,0,1,1,-0.2213277055035865
467,aita,GPT-5,rewrite,Rewrite,1,0,1,1,-0.2943481727385336
487,aita,GPT-5,rewrite,Rewrite,1,0,1,1,-0.3748960948761914
492,aita,GPT-5,rewrite,Rewrite,1,0,1,1,-0.2949485898341326
507,aita,GPT-5,rewrite,Rewrite,1,0,0,1,-0.1882681356311635
521,aita,GPT-5,rewrite,Rewrite,1,0,1,1,-0.2909978856371139
528,aita,GPT-5,rewrite,Rewrite,1,0,0,1,-0.5004080898460335
531,aita,GPT-5,rewrite,Rewrite,1,0,0,1,-0.1843174314341448
538,aita,GPT-5,rewrite,Rewrite,1,0,1,1,-0.162971757583841
555,aita,GPT-5,rewrite,Rewrite,1,0,1,1,-0.1457186139160258
579,aita,GPT-5,rewrite,Rewrite,1,1,0,1,-0.5959238229803423
583,aita,GPT-5,rewrite,Rewrite,1,1,0,1,-0.1423683268146059
588,aita,GPT-5,rewrite,Rewrite,1,0,0,1,-0.3748960948761914
597,aita,GPT-5,rewrite,Rewrite,1,0,1,1,0.1841902634434559
607,aita,GPT-5,rewrite,Rewrite,1,0,0,1,-0.1362388084229306
609,aita,GPT-5,rewrite,Rewrite,1,0,0,1,-0.1882681356311635
610,aita,GPT-5,rewrite,Rewrite,1,0,0,1,-0.4396274444596217
611,aita,GPT-5,rewrite,Rewrite,1,0,1,1,-0.2909978856371139
614,aita,GPT-5,rewrite,Rewrite,1,0,0,1,-0.0437941860846529
615,aita,GPT-5,rewrite,Rewrite,0,0,0,1,-0.3289962860596339
616,aita,GPT-5,rewrite,Rewrite,1,1,0,1,-0.0544670230098047
621,aita,GPT-5,rewrite,Rewrite,1,0,0,1,-0.272166344870241
642,aita,GPT-5,rewrite,Rewrite,1,0,0,1,-0.9351320452448968
647,aita,GPT-5,rewrite,Rewrite,1,0,1,1,-0.272166344870241
648,aita,GPT-5,rewrite,Rewrite,1,0,0,1,-0.2870471814400951
656,aita,GPT-5,rewrite,Rewrite,1,0,1,1,-0.0766488508780974
657,aita,GPT-5,rewrite,Rewrite,0,0,0,1,-0.2909978856371139
658,aita,GPT-5,rewrite,Rewrite,1,0,0,1,-0.2909978856371139
659,aita,GPT-5,rewrite,Rewrite,1,0,0,1,-0.4776258448821418
660,aita,GPT-5,rewrite,Rewrite,1,0,1,1,-0.2104499634994561
662,aita,GPT-5,rewrite,Rewrite,1,0,1,1,-0.3748960948761914
664,aita,GPT-5,rewrite,Rewrite,1,0,0,1,-0.748504085999869
671,aita,GPT-5,rewrite,Rewrite,1,0,0,1,-0.397678339840083
676,aita,GPT-5,rewrite,Rewrite,1,1,0,1,-0.2450980768205564
685,aita,GPT-5,rewrite,Rewrite,1,0,1,1,0.4454961603364346
687,aita,GPT-5,rewrite,Rewrite,1,1,0,1,-0.3937276356430643
699,aita,GPT-5,rewrite,Rewrite,1,0,0,1,-0.2682156406732223
702,aita,GPT-5,rewrite,Rewrite,1,0,1,1,-0.0164686225872847
703,aita,GPT-5,rewrite,Rewrite,1,0,0,1,-0.3329469902566526
709,aita,GPT-5,rewrite,Rewrite,1,0,1,1,-0.1235367860477331
722,aita,GPT-5,rewrite,Rewrite,1,1,0,1,0.0029109449064821
735,aita,GPT-5,rewrite,Rewrite,1,0,1,1,-0.2302172402507022
745,aita,GPT-5,rewrite,Rewrite,1,0,0,1,-0.4815765490791605
746,aita,GPT-5,rewrite,Rewrite,1,0,0,1,-0.2909978856371139
747,aita,GPT-5,rewrite,Rewrite,0,0,0,1,-0.1882681356311635
748,aita,GPT-5,rewrite,Rewrite,1,0,1,1,-0.3329469902566526
749,aita,GPT-5,rewrite,Rewrite,1,0,1,1,-0.1843174314341448
767,aita,GPT-5,rewrite,Rewrite,1,0,0,1,-0.4815765490791605
768,aita,GPT-5,rewrite,Rewrite,1,0,1,1,-0.0928642147331639
772,aita,GPT-5,rewrite,Rewrite,1,0,0,1,-0.2949485898341326
778,aita,GPT-5,rewrite,Rewrite,1,0,1,1,-0.2909978856371139
779,aita,GPT-5,rewrite,Rewrite,1,0,0,1,-0.3937276356430643
781,aita,GPT-5,rewrite,Rewrite,1,0,0,1,-0.3748960948761914
786,aita,GPT-5,rewrite,Rewrite,1,0,1,1,-0.1882681356311635
787,aita,GPT-5,rewrite,Rewrite,1,1,0,1,-0.5004080898460335
799,aita,GPT-5,rewrite,Rewrite,1,0,0,1,-0.4815765490791605
822,aita,GPT-5,rewrite,Rewrite,0,0,1,1,-0.5004080898460335
824,aita,GPT-5,rewrite,Rewrite,0,0,0,1,-0.3788467990732101
825,aita,GPT-5,rewrite,Rewrite,0,0,1,1,-0.1037695092964869
827,aita,GPT-5,rewrite,Rewrite,1,0,0,1,-0.1882681356311635
829,aita,GPT-5,rewrite,Rewrite,1,0,1,1,-0.0085980460366586
833,aita,GPT-5,rewrite,Rewrite,1,0,0,1,-0.2909978856371139
841,aita,GPT-5,rewrite,Rewrite,1,1,1,1,0.1293586758606973
849,aita,GPT-5,rewrite,Rewrite,1,0,1,1,-0.1645501546828986
851,aita,GPT-5,rewrite,Rewrite,1,0,0,1,-0.6418236317968998
855,aita,GPT-5,rewrite,Rewrite,0,0,0,1,-0.2909978856371139
856,aita,GPT-5,rewrite,Rewrite,1,0,0,1,-0.1882681356311635
858,aita,GPT-5,rewrite,Rewrite,1,0,0,1,-0.3329469902566526
860,aita,GPT-5,rewrite,Rewrite,1,0,0,1,-0.1843174314341448
871,aita,GPT-5,rewrite,Rewrite,1,0,1,1,-0.6798220322194198
873,aita,GPT-5,rewrite,Rewrite,1,0,0,1,-0.1882681356311635
877,aita,GPT-5,rewrite,Rewrite,1,0,1,0,-0.2529994852145938
881,aita,GPT-5,rewrite,Rewrite,1,0,0,1,-0.2064992593024374
882,aita,GPT-5,rewrite,Rewrite,1,1,0,1,-0.2949485898341326
884,aita,GPT-5,rewrite,Rewrite,1,0,1,1,-0.3705576814216934
886,aita,GPT-5,rewrite,Rewrite,1,0,1,1,-0.1037695092964869
901,aita,GPT-5,rewrite,Rewrite,1,0,1,1,-0.409575040040703
916,aita,GPT-5,rewrite,Rewrite,0,0,0,1,-0.3557292352205442
921,aita,GPT-5,rewrite,Rewrite,0,0,0,1,-0.1423683268146059
935,aita,GPT-5,rewrite,Rewrite,1,1,1,1,-0.1611474772127739
936,aita,GPT-5,rewrite,Rewrite,1,0,0,1,-0.2909978856371139
939,aita,GPT-5,rewrite,Rewrite,1,0,0,1,-0.0192708829618105
940,aita,GPT-5,rewrite,Rewrite,1,0,0,1,-0.4815765490791605
948,aita,GPT-5,rewrite,Rewrite,1,0,1,1,-0.3788467990732101
951,aita,GPT-5,rewrite,Rewrite,0,0,0,1,-0.2909978856371139
953,aita,GPT-5,rewrite,Rewrite,1,0,0,1,-0.1645501546828986
958,aita,GPT-5,rewrite,Rewrite,1,0,0,1,-0.0751321606672819
961,aita,GPT-5,rewrite,Rewrite,1,0,0,1,-0.2943481727385336
962,aita,GPT-5,rewrite,Rewrite,1,0,0,1,-0.9351320452448968
963,aita,GPT-5,rewrite,Rewrite,1,0,0,1,0.0357656096999265
965,aita,GPT-5,rewrite,Rewrite,1,0,0,1,-0.4815765490791605
970,aita,GPT-5,rewrite,Rewrite,1,0,1,1,-0.3551288181249453
975,aita,GPT-5,rewrite,Rewrite,0,0,0,1,-0.1235367860477331
976,aita,GPT-5,rewrite,Rewrite,1,1,0,1,-0.6378729275998811
981,aita,GPT-5,rewrite,Rewrite,0,1,0,1,-0.0153201787647917
983,aita,GPT-5,rewrite,Rewrite,1,0,1,1,-0.4815765490791605
988,aita,GPT-5,rewrite,Rewrite,1,0,0,1,-0.3131797135054065
999,aita,GPT-5,rewrite,Rewrite,1,0,1,1,-0.0815876814281943
1010,aita,GPT-5,rewrite,Rewrite,1,0,1,1,-0.3403003719237961
1011,aita,GPT-5,rewrite,Rewrite,1,0,0,1,-0.8284515910419277
1021,aita,GPT-5,rewrite,Rewrite,1,0,1,1,0.0260808991278529
1027,aita,GPT-5,rewrite,Rewrite,1,0,0,1,-0.4815765490791605
1030,aita,GPT-5,rewrite,Rewrite,1,0,0,1,-0.2064992593024374
1036,aita,GPT-5,rewrite,Rewrite,1,0,1,1,-0.1463190310116247
1049,aita,GPT-5,rewrite,Rewrite,1,0,1,1,-0.2949485898341326
1054,aita,GPT-5,rewrite,Rewrite,1,0,1,1,-0.2490487810175751
1061,aita,GPT-5,rewrite,Rewrite,1,0,0,1,-0.3517785310235255
1071,aita,GPT-5,rewrite,Rewrite,0,0,0,1,-0.2909978856371139
1073,aita,GPT-5,rewrite,Rewrite,1,0,0,1,-0.1696938903119741
1074,aita,GPT-5,rewrite,Rewrite,1,0,0,1,-0.2638772272187243
1077,aita,GPT-5,rewrite,Rewrite,1,0,0,1,0.3142455769467744
1084,aita,GPT-5,rewrite,Rewrite,1,0,0,1,-0.3709453906791727
1092,aita,GPT-5,rewrite,Rewrite,1,0,1,1,0.1145302296595481
1117,aita,GPT-5,rewrite,Rewrite,1,0,1,1,-0.2949485898341326
1125,aita,GPT-5,rewrite,Rewrite,1,0,1,1,-0.6181056508486349
1136,aita,GPT-5,rewrite,Rewrite,1,0,0,1,-1.157095509333421
1137,aita,GPT-5,rewrite,Rewrite,1,0,0,1,-0.4545952554562729
1138,aita,GPT-5,rewrite,Rewrite,1,0,0,1,-0.2909978856371139
1140,aita,GPT-5,rewrite,Rewrite,1,0,0,1,-0.4815765490791605
1141,aita,GPT-5,rewrite,Rewrite,1,0,1,1,-0.272166344870241
1142,aita,GPT-5,rewrite,Rewrite,1,0,0,1,-0.1463190310116247
1143,aita,GPT-5,rewrite,Rewrite,1,0,0,1,0.2764989076670816
1145,aita,GPT-5,rewrite,Rewrite,1,0,0,1,-0.2909978856371139
1146,aita,GPT-5,rewrite,Rewrite,1,0,0,1,-0.0815876814281943
1148,aita,GPT-5,rewrite,Rewrite,1,0,0,1,-0.397678339840083
1149,aita,GPT-5,rewrite,Rewrite,1,0,0,1,-0.3748960948761914
1150,aita,GPT-5,rewrite,Rewrite,1,1,0,1,-0.3517785310235255
1151,aita,GPT-5,rewrite,Rewrite,1,0,0,1,-0.7257218410359774
1156,aita,GPT-5,rewrite,Rewrite,1,0,0,1,-0.3329469902566526
1160,aita,GPT-5,rewrite,Rewrite,1,1,0,1,0.0503891508220971
1162,aita,GPT-5,rewrite,Rewrite,1,1,0,1,-0.2064992593024374
1170,aita,GPT-5,rewrite,Rewrite,1,0,1,1,-0.2949485898341326
1171,aita,GPT-5,rewrite,Rewrite,1,0,0,1,-0.4815765490791605
1173,aita,GPT-5,rewrite,Rewrite,1,0,0,1,-0.3937276356430643
1175,aita,GPT-5,rewrite,Rewrite,1,0,1,1,-0.142315936445901
1176,aita,GPT-5,rewrite,Rewrite,1,1,1,1,-0.0192708829618105
1178,aita,GPT-5,rewrite,Rewrite,1,0,0,1,-0.5810429864104882
1183,aita,GPT-5,rewrite,Rewrite,1,0,0,1,-0.397678339840083
1184,aita,GPT-5,rewrite,Rewrite,0,0,0,1,-0.4815765490791605
1189,aita,GPT-5,rewrite,Rewrite,1,0,1,1,-0.4815765490791605
1190,aita,GPT-5,rewrite,Rewrite,1,0,1,1,-0.5423571944655722
1199,aita,GPT-5,rewrite,Rewrite,1,0,1,0,0.0029109449064821
1220,aita,GPT-5,rewrite,Rewrite,1,0,1,1,-0.272166344870241
1223,aita,GPT-5,rewrite,Rewrite,1,0,0,1,-0.5423571944655722
1224,aita,GPT-5,rewrite,Rewrite,1,0,0,1,-0.2450456864518514
1228,aita,GPT-5,rewrite,Rewrite,1,0,0,1,-0.397678339840083
1230,aita,GPT-5,rewrite,Rewrite,1,0,0,1,-0.5004080898460335
1232,aita,GPT-5,rewrite,Rewrite,1,0,0,1,-0.2909978856371139
1237,aita,GPT-5,rewrite,Rewrite,1,0,0,1,-0.6457743359939185
1251,aita,GPT-5,rewrite,Rewrite,1,0,0,1,-0.1843174314341448
1254,aita,GPT-5,rewrite,Rewrite,1,0,0,1,-0.2909978856371139
1255,aita,GPT-5,rewrite,Rewrite,1,0,0,1,-0.3329469902566526
1261,aita,GPT-5,rewrite,Rewrite,1,0,0,1,-0.1882681356311635
1264,aita,GPT-5,rewrite,Rewrite,1,0,1,1,-0.3788467990732101
1265,aita,GPT-5,rewrite,Rewrite,1,0,0,1,-0.2903974685415149
1276,aita,GPT-5,rewrite,Rewrite,1,0,0,1,-0.2247303829737112
1284,aita,GPT-5,rewrite,Rewrite,1,1,0,1,-0.2909978856371139
1291,aita,GPT-5,rewrite,Rewrite,1,1,0,1,-0.0153201787647917
1294,aita,GPT-5,rewrite,Rewrite,1,0,1,1,-0.3937276356430643
1303,aita,GPT-5,rewrite,Rewrite,1,0,1,1,-0.397077922744484
1304,aita,GPT-5,rewrite,Rewrite,1,0,0,1,-0.3788467990732101
1308,aita,GPT-5,rewrite,Rewrite,1,0,0,1,-0.5770922822134694
1310,aita,GPT-5,rewrite,Rewrite,1,1,0,1,-0.1843174314341448
1317,aita,GPT-5,rewrite,Rewrite,1,0,0,1,-0.1843174314341448
1318,aita,GPT-5,rewrite,Rewrite,1,0,1,1,-0.3131797135054065
1319,aita,GPT-5,rewrite,Rewrite,1,0,1,1,-0.3495997168288689
1321,aita,GPT-5,rewrite,Rewrite,1,0,0,1,-0.5843062990851109
1329,aita,GPT-5,rewrite,Rewrite,1,0,0,1,-0.4776258448821418
1340,aita,GPT-5,rewrite,Rewrite,1,0,0,1,-0.4776258448821418
1343,aita,GPT-5,rewrite,Rewrite,1,0,1,1,-0.3788467990732101
1347,aita,GPT-5,rewrite,Rewrite,0,0,0,1,-0.9926493779566856
1350,aita,GPT-5,rewrite,Rewrite,1,0,0,1,-0.267827931415743
1351,aita,GPT-5,rewrite,Rewrite,1,0,0,1,-0.3705576814216934
1363,aita,GPT-5,rewrite,Rewrite,1,0,1,1,-0.1316954898894541
1368,aita,GPT-5,rewrite,Rewrite,1,0,1,1,-0.272166344870241
1369,aita,GPT-5,rewrite,Rewrite,1,0,1,1,-0.2450456864518514
1370,aita,GPT-5,rewrite,Rewrite,1,0,0,1,-0.2262665360536835
1377,aita,GPT-5,rewrite,Rewrite,1,1,0,1,-0.0776369772311756
1382,aita,GPT-5,rewrite,Rewrite,1,0,0,1,-0.0815876814281943
1386,aita,GPT-5,rewrite,Rewrite,1,0,1,1,-0.272166344870241
1387,aita,GPT-5,rewrite,Rewrite,1,0,0,1,-0.5004080898460335
1392,aita,GPT-5,rewrite,Rewrite,1,0,0,1,-0.1843174314341448
1394,aita,GPT-5,rewrite,Rewrite,1,0,0,1,-0.4159688853789612
1414,aita,GPT-5,rewrite,Rewrite,1,0,1,1,-0.1235367860477331
1415,aita,GPT-5,rewrite,Rewrite,1,0,1,1,-0.2909978856371139
1420,aita,GPT-5,rewrite,Rewrite,1,0,0,1,-0.3368976944536714
1423,aita,GPT-5,rewrite,Rewrite,1,0,0,1,-0.1882681356311635
1428,aita,GPT-5,rewrite,Rewrite,1,0,0,1,-0.3830547987179124
1431,aita,GPT-5,rewrite,Rewrite,0,0,0,1,-0.6418236317968998
1432,aita,GPT-5,rewrite,Rewrite,0,0,0,1,-0.5843062990851109
1440,aita,GPT-5,rewrite,Rewrite,1,0,0,1,-0.2682156406732223
1445,aita,GPT-5,rewrite,Rewrite,1,0,0,1,-0.2909978856371139
1446,aita,GPT-5,rewrite,Rewrite,1,0,1,1,-0.2104499634994561
1450,aita,GPT-5,rewrite,Rewrite,1,0,0,1,-0.6457743359939185
1455,aita,GPT-5,rewrite,Rewrite,0,0,1,1,-0.2064992593024374
1456,aita,GPT-5,rewrite,Rewrite,1,0,0,1,-0.3937276356430643
1465,aita,GPT-5,rewrite,Rewrite,1,0,0,1,-0.3709453906791727
1467,aita,GPT-5,rewrite,Rewrite,0,0,0,1,-0.4396274444596217
1471,aita,GPT-5,rewrite,Rewrite,1,0,0,1,-0.1685008588799174
1472,aita,GPT-5,rewrite,Rewrite,1,0,1,1,-0.4815765490791605
1480,aita,GPT-5,rewrite,Rewrite,1,0,0,1,-0.2909978856371139
1488,aita,GPT-5,rewrite,Rewrite,1,0,0,1,-0.0153201787647917
1510,aita,GPT-5,rewrite,Rewrite,1,0,1,1,-0.2727700412500586
1511,aita,GPT-5,rewrite,Rewrite,1,0,1,1,-0.0998188050994682
1512,aita,GPT-5,rewrite,Rewrite,1,0,1,1,-0.2949485898341326
1514,aita,GPT-5,rewrite,Rewrite,1,0,0,1,-0.3286085768021546
1526,aita,GPT-5,rewrite,Rewrite,1,1,0,1,-0.2302172402507022
1538,aita,GPT-5,rewrite,Rewrite,1,0,0,1,-0.1220006329677608
1539,aita,GPT-5,rewrite,Rewrite,1,0,0,1,-0.2949485898341326
1544,aita,GPT-5,rewrite,Rewrite,1,0,0,1,-0.1882681356311635
1553,aita,GPT-5,rewrite,Rewrite,1,0,0,1,-0.4815765490791605
1554,aita,GPT-5,rewrite,Rewrite,1,0,0,1,-0.2490487810175751
1558,aita,GPT-5,rewrite,Rewrite,1,0,0,1,-0.0815876814281943
1559,aita,GPT-5,rewrite,Rewrite,1,0,0,1,-0.2682156406732223
1560,aita,GPT-5,rewrite,Rewrite,1,0,0,1,-0.0964161276293436
1566,aita,GPT-5,rewrite,Rewrite,1,0,0,1,-0.397678339840083
1569,aita,GPT-5,rewrite,Rewrite,1,0,0,1,-0.1654858906672719
1570,aita,GPT-5,rewrite,Rewrite,1,0,0,1,-0.2949485898341326
1574,aita,GPT-5,rewrite,Rewrite,1,0,1,1,-0.748504085999869
1581,aita,GPT-5,rewrite,Rewrite,1,0,1,1,-0.272166344870241
1588,aita,GPT-5,rewrite,Rewrite,1,0,0,1,-0.0396385768086556
1590,aita,GPT-5,rewrite,Rewrite,1,0,0,1,-0.5390938817909494
1592,aita,GPT-5,rewrite,Rewrite,1,0,0,1,-0.3748960948761914
1606,aita,GPT-5,rewrite,Rewrite,1,0,0,1,-0.2909978856371139
1608,aita,GPT-5,rewrite,Rewrite,1,0,1,1,-0.397678339840083
1613,aita,GPT-5,rewrite,Rewrite,1,0,0,1,-0.2949485898341326
1646,aita,GPT-5,rewrite,Rewrite,1,0,0,1,-0.2450456864518514
1655,aita,GPT-5,rewrite,Rewrite,1,0,0,1,-0.7445533818028502
1666,aita,GPT-5,rewrite,Rewrite,1,0,0,1,-0.8284515910419277
1669,aita,GPT-5,rewrite,Rewrite,1,0,0,1,-0.7257218410359774
1672,aita,GPT-5,rewrite,Rewrite,1,0,0,1,-0.397678339840083
1686,aita,GPT-5,rewrite,Rewrite,1,0,0,1,-0.5284210448657976
1690,aita,GPT-5,rewrite,Rewrite,1,0,1,1,-0.0815876814281943
1691,aita,GPT-5,rewrite,Rewrite,1,0,1,1,-0.0815876814281943
1695,aita,GPT-5,rewrite,Rewrite,0,0,0,1,-0.4776258448821418
1702,aita,GPT-5,rewrite,Rewrite,1,0,0,1,-0.3788467990732101
1707,aita,GPT-5,rewrite,Rewrite,1,0,1,1,-0.1263390464222589
1708,aita,GPT-5,rewrite,Rewrite,1,1,1,1,-0.397678339840083
1709,aita,GPT-5,rewrite,Rewrite,1,0,0,1,-0.3329469902566526
1711,aita,GPT-5,rewrite,Rewrite,1,0,1,1,-0.2064992593024374
1714,aita,GPT-5,rewrite,Rewrite,1,0,1,1,-0.397678339840083
1725,aita,GPT-5,rewrite,Rewrite,1,0,0,1,-0.3092290093083878
1726,aita,GPT-5,rewrite,Rewrite,1,0,0,1,-0.4396274444596217
1738,aita,GPT-5,rewrite,Rewrite,1,0,1,1,-0.4815765490791605
1741,aita,GPT-5,rewrite,Rewrite,1,0,0,1,-0.5351431775939307
1744,aita,GPT-5,rewrite,Rewrite,1,1,1,1,-0.2712306088858677
1746,aita,GPT-5,rewrite,Rewrite,1,0,0,1,-0.1463190310116247
1747,aita,GPT-5,rewrite,Rewrite,1,0,0,1,-0.3788467990732101
1751,aita,GPT-5,rewrite,Rewrite,1,0,0,1,-0.1882681356311635
1756,aita,GPT-5,rewrite,Rewrite,1,0,0,1,-0.272166344870241
1766,aita,GPT-5,rewrite,Rewrite,1,0,1,1,-0.0815876814281943
1770,aita,GPT-5,rewrite,Rewrite,1,0,0,1,-0.272166344870241
1772,aita,GPT-5,rewrite,Rewrite,1,0,0,1,-0.2909978856371139
1780,aita,GPT-5,rewrite,Rewrite,1,0,0,0,-0.1231490767902538
1781,aita,GPT-5,rewrite,Rewrite,1,0,0,1,-0.3329469902566526
1784,aita,GPT-5,rewrite,Rewrite,1,0,0,1,-0.4815765490791605
1788,aita,GPT-5,rewrite,Rewrite,1,0,1,1,-0.2262665360536835
1791,aita,GPT-5,rewrite,Rewrite,1,0,0,0,-0.1843174314341448
1794,aita,GPT-5,rewrite,Rewrite,1,0,0,1,-0.397678339840083
1796,aita,GPT-5,rewrite,Rewrite,1,0,0,1,-0.6765587195447971
1802,aita,GPT-5,rewrite,Rewrite,1,0,1,1,-0.0815876814281943
1803,aita,GPT-5,rewrite,Rewrite,0,0,0,1,-0.3937276356430643
1804,aita,GPT-5,rewrite,Rewrite,1,0,1,1,-0.1882681356311635
1817,aita,GPT-5,rewrite,Rewrite,1,1,0,1,-0.025015035686485
1821,aita,GPT-5,rewrite,Rewrite,1,0,0,1,-0.2575428037480704
1827,aita,GPT-5,rewrite,Rewrite,0,0,0,1,-0.3329469902566526
1828,aita,GPT-5,rewrite,Rewrite,1,0,0,1,-0.748504085999869
1834,aita,GPT-5,rewrite,Rewrite,1,0,0,1,-0.6418236317968998
1839,aita,GPT-5,rewrite,Rewrite,0,1,0,1,-0.3092290093083878
1840,aita,GPT-5,rewrite,Rewrite,1,0,0,1,-0.2949485898341326
1854,aita,GPT-5,rewrite,Rewrite,1,0,0,1,-0.1654858906672719
1855,aita,GPT-5,rewrite,Rewrite,1,0,1,1,-0.2909978856371139
1856,aita,GPT-5,rewrite,Rewrite,1,0,0,1,-0.3748960948761914
1865,aita,GPT-5,rewrite,Rewrite,1,0,1,1,-0.3937276356430643
1870,aita,GPT-5,rewrite,Rewrite,1,0,1,0,-0.1882681356311635
1873,aita,GPT-5,rewrite,Rewrite,1,0,1,1,-0.7904531906194077
1874,aita,GPT-5,rewrite,Rewrite,1,0,1,1,-0.2064992593024374
1875,aita,GPT-5,rewrite,Rewrite,1,0,0,1,-0.1463190310116247
1881,aita,GPT-5,rewrite,Rewrite,1,0,0,1,-0.0815876814281943
1885,aita,GPT-5,rewrite,Rewrite,1,0,1,1,-0.6457743359939185
1887,aita,GPT-5,rewrite,Rewrite,0,0,0,1,-0.6418236317968998
1890,aita,GPT-5,rewrite,Rewrite,1,0,0,1,-0.397678339840083
1893,aita,GPT-5,rewrite,Rewrite,1,0,0,1,-0.2302172402507022
1896,aita,GPT-5,rewrite,Rewrite,0,0,0,1,-0.0998188050994682
1902,aita,GPT-5,rewrite,Rewrite,1,0,0,1,-0.1423683268146059
1906,aita,GPT-5,rewrite,Rewrite,1,0,0,1,-0.2870471814400951
1910,aita,GPT-5,rewrite,Rewrite,1,0,0,1,-0.599274110081762
1917,aita,GPT-5,rewrite,Rewrite,1,0,0,1,-0.5390938817909494
1920,aita,GPT-5,rewrite,Rewrite,1,0,1,1,0.1095913991094511
1933,aita,GPT-5,rewrite,Rewrite,1,0,0,1,-0.4396274444596217
1934,aita,GPT-5,rewrite,Rewrite,1,1,1,1,-0.397678339840083
1935,aita,GPT-5,rewrite,Rewrite,1,0,0,1,-0.1130688542015598
1946,aita,GPT-5,rewrite,Rewrite,1,0,0,1,-0.3705576814216934
1957,aita,GPT-5,rewrite,Rewrite,1,0,0,1,-1.1832280413987324
1964,aita,GPT-5,rewrite,Rewrite,1,0,0,1,-0.3517785310235255
1966,aita,GPT-5,rewrite,Rewrite,1,0,0,1,-0.2870471814400951
1968,aita,GPT-5,rewrite,Rewrite,1,0,0,1,-0.6457743359939185
1970,aita,GPT-5,rewrite,Rewrite,1,0,1,1,-0.2529994852145938
1973,aita,GPT-5,rewrite,Rewrite,1,0,0,1,-0.435676740262603
1977,aita,GPT-5,rewrite,Rewrite,1,1,0,1,0.1656160181242665
1978,aita,GPT-5,rewrite,Rewrite,1,0,1,1,-0.6877234406134574
1979,aita,GPT-5,rewrite,Rewrite,1,0,1,1,-0.3748960948761914
1981,aita,GPT-5,rewrite,Rewrite,1,0,1,1,-0.2575428037480704
1982,aita,GPT-5,rewrite,Rewrite,1,0,0,1,-0.2879394780414697
1984,aita,GPT-5,rewrite,Rewrite,1,0,0,1,-0.397678339840083
1987,aita,GPT-5,rewrite,Rewrite,1,0,0,1,-0.2484483639219761
1988,aita,GPT-5,rewrite,Rewrite,1,0,1,1,-0.5004080898460335
1990,aita,GPT-5,rewrite,Rewrite,1,0,0,1,-0.4584589852264946
1994,aita,GPT-5,rewrite,Rewrite,1,1,0,1,-0.1235367860477331
2008,aita,GPT-5,rewrite,Rewrite,1,0,0,1,-0.2490487810175751
2010,aita,GPT-5,rewrite,Rewrite,1,1,1,1,0.3346132707936196
2027,aita,GPT-5,rewrite,Rewrite,1,0,0,1,-0.1654858906672719
2031,aita,GPT-5,rewrite,Rewrite,0,0,0,1,-0.5047465033005314
2033,aita,GPT-5,rewrite,Rewrite,1,1,1,1,-0.1882681356311635
2035,aita,GPT-5,rewrite,Rewrite,1,1,0,1,-0.5119732233725598
2036,aita,GPT-5,rewrite,Rewrite,1,0,1,1,-0.5843062990851109
2040,aita,GPT-5,rewrite,Rewrite,1,0,0,1,-0.4159094635113569
2047,aita,GPT-5,rewrite,Rewrite,1,0,0,1,-0.5423571944655722
2048,aita,GPT-5,rewrite,Rewrite,1,0,0,1,-0.748504085999869
2051,aita,GPT-5,rewrite,Rewrite,1,0,0,1,-0.1876677185355645
2055,aita,GPT-5,rewrite,Rewrite,1,0,0,1,-0.1654858906672719
2064,aita,GPT-5,rewrite,Rewrite,1,0,0,1,-0.3788467990732101
2065,aita,GPT-5,rewrite,Rewrite,1,1,1,1,-0.1463190310116247
2066,aita,GPT-5,rewrite,Rewrite,1,0,0,1,-0.1843174314341448
2067,aita,GPT-5,rewrite,Rewrite,1,0,0,1,-0.6418236317968998
2068,aita,GPT-5,rewrite,Rewrite,1,0,0,1,-0.33710259953265
2081,aita,GPT-5,rewrite,Rewrite,1,0,1,1,0.1549431811991146
2084,aita,GPT-5,rewrite,Rewrite,1,0,0,1,-0.397077922744484
2089,aita,GPT-5,rewrite,Rewrite,1,0,0,1,-0.1843174314341448
2110,aita,GPT-5,rewrite,Rewrite,1,0,1,1,-0.2949485898341326
2113,aita,GPT-5,rewrite,Rewrite,1,0,1,1,-0.2104499634994561
2117,aita,GPT-5,rewrite,Rewrite,1,0,0,1,-0.5004080898460335
2120,aita,GPT-5,rewrite,Rewrite,1,0,0,1,-0.5843062990851109
2122,aita,GPT-5,rewrite,Rewrite,1,0,0,1,-0.416855260286764
2123,aita,GPT-5,rewrite,Rewrite,1,0,1,1,-0.1231490767902538
2129,aita,GPT-5,rewrite,Rewrite,1,1,1,1,-0.1220006329677608
2131,aita,GPT-5,rewrite,Rewrite,1,0,0,1,0.0482627269961455
2133,aita,GPT-5,rewrite,Rewrite,1,0,0,1,-0.599874527177361
2134,aita,GPT-5,rewrite,Rewrite,1,0,0,1,-0.2484483639219761
2135,aita,GPT-5,rewrite,Rewrite,1,0,1,1,-0.3368976944536714
2136,aita,GPT-5,rewrite,Rewrite,1,0,0,1,-0.5004080898460335
2139,aita,GPT-5,rewrite,Rewrite,0,0,1,0,-0.1037695092964869
2140,aita,GPT-5,rewrite,Rewrite,1,0,1,1,0.0250927727747746
2144,aita,GPT-5,rewrite,Rewrite,1,0,1,1,0.1637231157828461
2150,aita,GPT-5,rewrite,Rewrite,1,0,0,1,-0.1924237449071608
2152,aita,GPT-5,rewrite,Rewrite,1,0,0,1,-0.2450980768205564
2153,aita,GPT-5,rewrite,Rewrite,1,0,0,1,-0.397678339840083
2154,aita,GPT-5,rewrite,Rewrite,1,0,0,1,-0.0815876814281943
2156,aita,GPT-5,rewrite,Rewrite,1,0,0,0,-0.3705576814216934
2157,aita,GPT-5,rewrite,Rewrite,1,0,0,1,-0.1571967730157552
2167,aita,GPT-5,rewrite,Rewrite,1,0,1,1,-0.5843062990851109
2168,aita,GPT-5,rewrite,Rewrite,1,0,0,1,-0.2064992593024374
2170,aita,GPT-5,rewrite,Rewrite,1,0,1,1,-0.272166344870241
2179,aita,GPT-5,rewrite,Rewrite,1,0,1,1,-0.272166344870241
2205,aita,GPT-5,rewrite,Rewrite,0,0,0,1,-0.4208482940614538
2213,aita,GPT-5,rewrite,Rewrite,1,0,0,1,-0.2496524773973927
2215,aita,GPT-5,rewrite,Rewrite,1,0,0,1,-0.4776258448821418
2217,aita,GPT-5,rewrite,Rewrite,0,0,0,1,-0.2834428781752106
2221,aita,GPT-5,rewrite,Rewrite,0,0,1,1,-0.1843174314341448
2228,aita,GPT-5,rewrite,Rewrite,1,0,1,1,-0.141767909719007
2232,aita,GPT-5,rewrite,Rewrite,1,0,0,1,-0.7217711368389585
2237,aita,GPT-5,rewrite,Rewrite,1,0,0,1,-0.1037695092964869
2245,aita,GPT-5,rewrite,Rewrite,1,0,0,1,-0.988698673759667
2250,aita,GPT-5,rewrite,Rewrite,1,0,1,1,-0.1882681356311635
2251,aita,GPT-5,rewrite,Rewrite,1,0,1,1,-0.2909978856371139
2257,aita,GPT-5,rewrite,Rewrite,1,0,1,1,-0.2909978856371139
2259,aita,GPT-5,rewrite,Rewrite,1,0,0,1,-0.1423683268146059
2261,aita,GPT-5,rewrite,Rewrite,1,0,0,1,-0.2909978856371139
2263,aita,GPT-5,rewrite,Rewrite,1,1,0,1,-0.2909978856371139
2270,aita,GPT-5,rewrite,Rewrite,1,0,1,1,-0.2949485898341326
2271,aita,GPT-5,rewrite,Rewrite,1,0,1,1,-0.0192708829618105
2274,aita,GPT-5,rewrite,Rewrite,1,0,0,1,-0.3748960948761914
2276,aita,GPT-5,rewrite,Rewrite,1,0,0,1,0.4482984207109602
2280,aita,GPT-5,rewrite,Rewrite,1,0,0,1,-0.3125792964098075
2291,aita,GPT-5,rewrite,Rewrite,1,0,1,1,0.0029109449064821
2294,aita,GPT-5,rewrite,Rewrite,1,0,0,1,-0.5423571944655722
2295,aita,GPT-5,rewrite,Rewrite,0,0,0,1,-0.410175457136302
2304,aita,GPT-5,rewrite,Rewrite,1,0,0,1,-0.3748960948761914
2318,aita,GPT-5,rewrite,Rewrite,1,0,1,1,-0.2909978856371139
2330,aita,GPT-5,rewrite,Rewrite,1,0,1,1,-0.0809872643325954
2352,aita,GPT-5,rewrite,Rewrite,1,0,0,1,-0.3788467990732101
2355,aita,GPT-5,rewrite,Rewrite,1,0,0,1,-0.2064992593024374
2369,aita,GPT-5,rewrite,Rewrite,1,0,0,1,-0.4544558906607709
2371,aita,GPT-5,rewrite,Rewrite,1,0,1,1,-0.1413802004615277
2378,aita,GPT-5,rewrite,Rewrite,1,0,1,1,-0.9351320452448968
2382,aita,GPT-5,rewrite,Rewrite,1,0,1,1,-0.4815765490791605
2385,aita,GPT-5,rewrite,Rewrite,1,0,0,1,-0.1882681356311635
2387,aita,GPT-5,rewrite,Rewrite,1,0,0,1,-0.2523990681189949
2395,aita,GPT-5,rewrite,Rewrite,1,1,0,1,-0.1843174314341448
2399,aita,GPT-5,rewrite,Rewrite,1,0,0,1,-0.2064992593024374
2402,aita,GPT-5,rewrite,Rewrite,1,0,0,1,-0.2909978856371139
2412,aita,GPT-5,rewrite,Rewrite,1,0,0,1,-0.2909978856371139
2414,aita,GPT-5,rewrite,Rewrite,1,0,1,1,-0.0815876814281943
2415,aita,GPT-5,rewrite,Rewrite,1,1,1,1,0.510227509919865
2429,aita,GPT-5,rewrite,Rewrite,1,0,1,1,-0.7141567075094509
2431,aita,GPT-5,rewrite,Rewrite,1,0,1,1,-0.3788467990732101
2441,aita,GPT-5,rewrite,Rewrite,1,0,0,1,-0.397678339840083
2452,aita,GPT-5,rewrite,Rewrite,1,1,1,0,-0.2909978856371139
2455,aita,GPT-5,rewrite,Rewrite,1,1,0,1,-0.2262665360536835
2459,aita,GPT-5,rewrite,Rewrite,1,0,0,1,-0.397678339840083
2461,aita,GPT-5,rewrite,Rewrite,1,0,1,1,-0.8324022952389465
2463,aita,GPT-5,rewrite,Rewrite,1,0,0,1,-0.6837727364164385
2464,aita,GPT-5,rewrite,Rewrite,1,1,0,1,-0.3937276356430643
2466,aita,GPT-5,rewrite,Rewrite,1,1,0,1,-0.0584177272068235
2473,aita,GPT-5,rewrite,Rewrite,1,0,1,1,-0.397077922744484
2475,aita,GPT-5,rewrite,Rewrite,1,0,0,0,-0.1770565884986547
2476,aita,GPT-5,rewrite,Rewrite,1,0,0,1,-0.0544670230098047
2477,aita,GPT-5,rewrite,Rewrite,1,0,0,1,-0.4815765490791605
2478,aita,GPT-5,rewrite,Rewrite,1,0,0,1,-0.4396274444596217
2484,aita,GPT-5,rewrite,Rewrite,1,0,0,1,-0.8086843142906815
2490,aita,GPT-5,rewrite,Rewrite,1,1,1,1,-0.1843174314341448
2510,aita,GPT-5,rewrite,Rewrite,1,0,0,1,-0.2064992593024374
2521,aita,GPT-5,rewrite,Rewrite,1,0,0,1,-0.3329469902566526
2522,aita,GPT-5,rewrite,Rewrite,1,0,0,1,-0.397678339840083
2523,aita,GPT-5,rewrite,Rewrite,1,1,0,1,-0.5351431775939307
2528,aita,GPT-5,rewrite,Rewrite,1,0,1,1,-0.397678339840083
2529,aita,GPT-5,rewrite,Rewrite,1,0,0,1,-0.2426972961151904
2532,aita,GPT-5,rewrite,Rewrite,1,0,0,1,-0.4776258448821418
2535,aita,GPT-5,rewrite,Rewrite,1,0,0,1,-0.0815876814281943
2537,aita,GPT-5,rewrite,Rewrite,1,0,1,1,-0.1159052952864946
2545,aita,GPT-5,rewrite,Rewrite,1,0,0,1,-0.2262665360536835
2551,aita,GPT-5,rewrite,Rewrite,1,0,1,1,-0.1843174314341448
2553,aita,GPT-5,rewrite,Rewrite,0,0,0,1,-0.4776258448821418
2556,aita,GPT-5,rewrite,Rewrite,1,0,0,1,-0.4776258448821418
2559,aita,GPT-5,rewrite,Rewrite,0,0,0,1,-0.1882681356311635
2560,aita,GPT-5,rewrite,Rewrite,1,0,0,1,-0.0544670230098047
2562,aita,GPT-5,rewrite,Rewrite,1,0,1,1,0.2004910247786816
2569,aita,GPT-5,rewrite,Rewrite,1,0,0,1,-0.4776258448821418
2576,aita,GPT-5,rewrite,Rewrite,1,0,0,1,-0.1508623495451013
2580,aita,GPT-5,rewrite,Rewrite,1,1,0,1,-0.397678339840083
2599,aita,GPT-5,rewrite,Rewrite,1,0,0,1,-0.3788467990732101
2613,aita,GPT-5,rewrite,Rewrite,1,0,0,1,-0.4545952554562729
2615,aita,GPT-5,rewrite,Rewrite,1,0,0,1,-0.2642649364762036
2616,aita,GPT-5,rewrite,Rewrite,1,0,0,1,-0.6001329324303721
2621,aita,GPT-5,rewrite,Rewrite,1,0,0,1,-0.3517785310235255
2627,aita,GPT-5,rewrite,Rewrite,1,0,0,1,-0.2064992593024374
2628,aita,GPT-5,rewrite,Rewrite,1,0,0,1,-0.397678339840083
2630,aita,GPT-5,rewrite,Rewrite,1,0,0,1,-0.1423683268146059
2631,aita,GPT-5,rewrite,Rewrite,1,0,0,1,-0.0815876814281943
2640,aita,GPT-5,rewrite,Rewrite,1,0,1,1,-0.599274110081762
2648,aita,GPT-5,rewrite,Rewrite,1,0,0,1,-0.2909978856371139
2651,aita,GPT-5,rewrite,Rewrite,1,0,1,1,-0.2903974685415149
2658,aita,GPT-5,rewrite,Rewrite,1,0,1,1,-0.4815765490791605
2662,aita,GPT-5,rewrite,Rewrite,1,1,1,1,-0.2909978856371139
2665,aita,GPT-5,rewrite,Rewrite,1,0,0,1,-0.3329469902566526
2668,aita,GPT-5,rewrite,Rewrite,1,0,0,1,-0.1611474772127739
2669,aita,GPT-5,rewrite,Rewrite,1,0,0,1,-0.9920489608610868
2671,aita,GPT-5,rewrite,Rewrite,1,0,1,1,-0.397678339840083
2672,aita,GPT-5,rewrite,Rewrite,1,0,1,1,-0.1037695092964869
2683,aita,GPT-5,rewrite,Rewrite,1,0,1,1,-0.1037695092964869
2689,aita,GPT-5,rewrite,Rewrite,1,0,0,1,-0.5843062990851109
2694,aita,GPT-5,rewrite,Rewrite,1,0,0,1,-0.1882681356311635
2707,aita,GPT-5,rewrite,Rewrite,1,0,0,1,-0.6378729275998811
2710,aita,GPT-5,rewrite,Rewrite,1,1,0,1,-0.1037695092964869
2713,aita,GPT-5,rewrite,Rewrite,1,0,0,1,-0.7257218410359774
2716,aita,GPT-5,rewrite,Rewrite,1,0,1,1,-0.2155936991285316
2723,aita,GPT-5,rewrite,Rewrite,1,0,0,1,-0.2909978856371139
2726,aita,GPT-5,rewrite,Rewrite,1,0,1,1,-0.2949485898341326
2734,aita,GPT-5,rewrite,Rewrite,1,0,1,1,-0.1882681356311635
2736,aita,GPT-5,rewrite,Rewrite,1,0,0,1,-0.5843062990851109
2739,aita,GPT-5,rewrite,Rewrite,0,0,0,1,-0.3937276356430643
2746,aita,GPT-5,rewrite,Rewrite,1,0,1,1,0.0874095712411586
2750,aita,GPT-5,rewrite,Rewrite,1,0,0,1,-0.2217264968044256
2757,aita,GPT-5,rewrite,Rewrite,1,0,0,1,-0.1843174314341448
2760,aita,GPT-5,rewrite,Rewrite,1,0,0,1,-0.0776369772311756
2762,aita,GPT-5,rewrite,Rewrite,1,0,0,1,-0.435676740262603
2764,aita,GPT-5,rewrite,Rewrite,1,0,0,1,-0.2302172402507022
2765,aita,GPT-5,rewrite,Rewrite,1,1,0,1,-0.6378729275998811
2769,aita,GPT-5,rewrite,Rewrite,1,1,0,1,-0.1843174314341448
2773,aita,GPT-5,rewrite,Rewrite,1,0,0,1,-0.5423571944655722
2774,aita,GPT-5,rewrite,Rewrite,1,0,0,1,-0.4396274444596217
2778,aita,GPT-5,rewrite,Rewrite,1,0,0,1,-0.3329469902566526
2780,aita,GPT-5,rewrite,Rewrite,1,0,0,1,-0.6418236317968998
2786,aita,GPT-5,rewrite,Rewrite,1,1,1,1,-0.2064992593024374
2787,aita,GPT-5,rewrite,Rewrite,1,0,0,1,-0.2909978856371139
2793,aita,GPT-5,rewrite,Rewrite,0,0,0,1,-0.3748960948761914
2794,aita,GPT-5,rewrite,Rewrite,1,0,1,1,-0.1882681356311635
2801,aita,GPT-5,rewrite,Rewrite,1,0,1,1,-0.5843062990851109
2807,aita,GPT-5,rewrite,Rewrite,1,0,0,1,-0.1152476683962164
2814,aita,GPT-5,rewrite,Rewrite,1,0,1,1,-0.2860590550870169
2818,aita,GPT-5,rewrite,Rewrite,1,0,0,1,-0.2302172402507022
2830,aita,GPT-5,rewrite,Rewrite,1,1,0,1,-0.0396385768086556
2833,aita,GPT-5,rewrite,Rewrite,1,0,0,0,-0.5004080898460335
2838,aita,GPT-5,rewrite,Rewrite,1,0,1,1,-0.0998188050994682
2839,aita,GPT-5,rewrite,Rewrite,1,0,0,1,-0.2682156406732223
2841,aita,GPT-5,rewrite,Rewrite,1,0,0,1,-0.6418236317968998
2842,aita,GPT-5,rewrite,Rewrite,1,1,0,1,-0.3937276356430643
2852,aita,GPT-5,rewrite,Rewrite,1,0,0,1,0.0482627269961455
2872,aita,GPT-5,rewrite,Rewrite,1,0,1,1,-0.0709148445030425
2874,aita,GPT-5,rewrite,Rewrite,1,0,0,1,-0.3937276356430643
2875,aita,GPT-5,rewrite,Rewrite,1,1,0,1,-0.6418236317968998
2880,aita,GPT-5,rewrite,Rewrite,1,0,0,1,-0.397678339840083
2881,aita,GPT-5,rewrite,Rewrite,1,0,0,1,-0.435676740262603
2885,aita,GPT-5,rewrite,Rewrite,1,0,0,1,-0.3937276356430643
2892,aita,GPT-5,rewrite,Rewrite,1,0,1,1,-0.435676740262603
2897,aita,GPT-5,rewrite,Rewrite,1,0,1,1,-0.1843174314341448
2901,aita,GPT-5,rewrite,Rewrite,0,0,0,1,-0.0815876814281943
2903,aita,GPT-5,rewrite,Rewrite,1,0,1,1,-0.6412232147013008
2906,aita,GPT-5,rewrite,Rewrite,1,0,0,1,-0.3092290093083878
2910,aita,GPT-5,rewrite,Rewrite,1,0,0,1,-0.5390938817909494
2914,aita,GPT-5,rewrite,Rewrite,1,0,0,1,-0.2104499634994561
2917,aita,GPT-5,rewrite,Rewrite,1,0,0,1,-0.2870471814400951
2921,aita,GPT-5,rewrite,Rewrite,1,0,1,1,-0.397678339840083
2928,aita,GPT-5,rewrite,Rewrite,1,0,0,1,-0.2064992593024374
2937,aita,GPT-5,rewrite,Rewrite,1,0,0,1,-0.1843174314341448
2939,aita,GPT-5,rewrite,Rewrite,1,0,0,1,-0.2949485898341326
2950,aita,GPT-5,rewrite,Rewrite,1,0,0,1,-0.2909978856371139
2954,aita,GPT-5,rewrite,Rewrite,1,0,0,1,-0.5843062990851109
2962,aita,GPT-5,rewrite,Rewrite,1,0,0,1,-0.4815765490791605
2965,aita,GPT-5,rewrite,Rewrite,1,0,0,1,-0.2064992593024374
2967,aita,GPT-5,rewrite,Rewrite,1,0,0,1,-0.1037695092964869
2973,aita,GPT-5,rewrite,Rewrite,1,1,1,1,0.0980824081663105
2975,aita,GPT-5,rewrite,Rewrite,1,0,1,1,-0.3748960948761914
2976,aita,GPT-5,rewrite,Rewrite,1,0,0,1,-0.0998188050994682
2977,aita,GPT-5,rewrite,Rewrite,1,0,0,1,-0.3748960948761914
2984,aita,GPT-5,rewrite,Rewrite,1,0,0,1,-0.2949485898341326
2986,aita,GPT-5,rewrite,Rewrite,1,0,0,1,-0.1882681356311635
2999,aita,GPT-5,rewrite,Rewrite,1,0,0,1,-0.4584589852264946
3001,aita,GPT-5,rewrite,Rewrite,1,0,0,1,-0.0356354822429319
3008,aita,GPT-5,rewrite,Rewrite,0,0,0,1,-0.1037695092964869
3011,aita,GPT-5,rewrite,Rewrite,1,0,0,1,-0.7445533818028502
3013,aita,GPT-5,rewrite,Rewrite,1,0,1,1,-0.3131797135054065
3018,aita,GPT-5,rewrite,Rewrite,1,0,0,1,-1.080498291392782
3022,aita,GPT-5,rewrite,Rewrite,1,1,0,1,-0.2064992593024374
3026,aita,GPT-5,rewrite,Rewrite,1,0,1,1,-0.1882681356311635
3029,aita,GPT-5,rewrite,Rewrite,1,0,0,1,-0.0396385768086556
3031,aita,GPT-5,rewrite,Rewrite,1,0,0,1,-0.2682156406732223
3032,aita,GPT-5,rewrite,Rewrite,1,0,0,1,-0.2302172402507022
3034,aita,GPT-5,rewrite,Rewrite,1,0,1,1,-0.2949485898341326
3035,aita,GPT-5,rewrite,Rewrite,1,0,0,1,-0.3557292352205442
3037,aita,GPT-5,rewrite,Rewrite,1,0,0,1,-0.397678339840083
3039,aita,GPT-5,rewrite,Rewrite,1,0,0,1,-0.0709148445030425
3042,aita,GPT-5,rewrite,Rewrite,1,0,0,1,-0.272166344870241
3044,aita,GPT-5,rewrite,Rewrite,1,0,1,1,-0.1843174314341448
3045,aita,GPT-5,rewrite,Rewrite,1,0,1,1,-0.1837170143385458
3052,aita,GPT-5,rewrite,Rewrite,1,0,0,1,-0.3901233323781796
3056,aita,GPT-5,rewrite,Rewrite,1,0,0,1,-0.272166344870241
3060,aita,GPT-5,rewrite,Rewrite,1,0,0,1,-0.8324022952389465
3062,aita,GPT-5,rewrite,Rewrite,1,0,0,1,-0.622992091030027
3064,aita,GPT-5,rewrite,Rewrite,1,1,0,1,-0.3937276356430643
3066,aita,GPT-5,rewrite,Rewrite,1,0,0,1,-0.2909978856371139
3077,aita,GPT-5,rewrite,Rewrite,1,0,1,1,-0.4776258448821418
3078,aita,GPT-5,rewrite,Rewrite,1,0,1,1,-0.2529994852145938
3081,aita,GPT-5,rewrite,Rewrite,0,0,0,1,-0.3748960948761914
3097,aita,GPT-5,rewrite,Rewrite,1,0,0,1,-0.6606027821950677
3102,aita,GPT-5,rewrite,Rewrite,1,0,0,1,-0.435676740262603
3105,aita,GPT-5,rewrite,Rewrite,0,0,0,1,-0.2909978856371139
3109,aita,GPT-5,rewrite,Rewrite,1,0,1,1,-0.3788467990732101
3110,aita,GPT-5,rewrite,Rewrite,1,0,0,1,-0.2064992593024374
3111,aita,GPT-5,rewrite,Rewrite,0,0,0,1,-0.0539189962829108
3119,aita,GPT-5,rewrite,Rewrite,1,0,0,1,-0.622992091030027
3127,aita,GPT-5,rewrite,Rewrite,1,0,0,1,-0.1882681356311635
3147,aita,GPT-5,rewrite,Rewrite,0,0,0,1,-0.2484483639219761
3168,aita,GPT-5,rewrite,Rewrite,1,0,0,1,-0.3289962860596339
3169,aita,GPT-5,rewrite,Rewrite,1,0,0,1,-0.3368976944536714
3174,aita,GPT-5,rewrite,Rewrite,1,0,1,1,-0.3551288181249453
3176,aita,GPT-5,rewrite,Rewrite,1,1,0,1,-0.3092290093083878
3177,aita,GPT-5,rewrite,Rewrite,1,0,0,1,-0.3511781139279265
3186,aita,GPT-5,rewrite,Rewrite,1,0,0,1,-0.748504085999869
3200,aita,GPT-5,rewrite,Rewrite,1,0,0,1,-0.2949485898341326
3208,aita,GPT-5,rewrite,Rewrite,1,0,0,1,-0.1882681356311635
3210,aita,GPT-5,rewrite,Rewrite,1,0,0,1,-0.4815765490791605
3225,aita,GPT-5,rewrite,Rewrite,1,0,0,1,-0.6837727364164385
3227,aita,GPT-5,rewrite,Rewrite,1,0,0,1,-0.0307490420615399
3231,aita,GPT-5,rewrite,Rewrite,0,0,0,1,-0.141767909719007
3235,aita,GPT-5,rewrite,Rewrite,1,1,0,1,-0.0618204046769482
3239,aita,GPT-5,rewrite,Rewrite,1,0,0,1,-0.4776258448821418
3244,aita,GPT-5,rewrite,Rewrite,1,0,0,1,-0.397678339840083
3246,aita,GPT-5,rewrite,Rewrite,1,0,0,1,-0.3551288181249453
3249,aita,GPT-5,rewrite,Rewrite,0,0,0,1,-0.2870471814400951
3250,aita,GPT-5,rewrite,Rewrite,1,0,1,1,0.0680300037473917
3253,aita,GPT-5,rewrite,Rewrite,1,0,1,1,-0.272166344870241
3257,aita,GPT-5,rewrite,Rewrite,1,0,0,1,-0.1882681356311635
3259,aita,GPT-5,rewrite,Rewrite,1,1,0,1,-0.2870471814400951
3263,aita,GPT-5,rewrite,Rewrite,1,0,1,1,-0.2064992593024374
3265,aita,GPT-5,rewrite,Rewrite,1,0,0,1,-0.763332532201018
3267,aita,GPT-5,rewrite,Rewrite,0,0,0,1,-0.0350874555160379
3275,aita,GPT-5,rewrite,Rewrite,1,0,0,1,-0.2909978856371139
3283,aita,GPT-5,rewrite,Rewrite,1,0,0,1,-0.4815765490791605
3284,aita,GPT-5,rewrite,Rewrite,1,0,0,1,-0.5244703406687788
3294,aita,GPT-5,rewrite,Rewrite,1,0,0,1,-0.3329469902566526
3295,aita,GPT-5,rewrite,Rewrite,1,0,1,1,-0.3748960948761914
3314,aita,GPT-5,rewrite,Rewrite,1,0,0,1,-0.1571967730157552
3325,aita,GPT-5,rewrite,Rewrite,1,0,1,1,-0.474362532207519
3333,aita,GPT-5,rewrite,Rewrite,1,0,1,1,-0.3748960948761914
3349,aita,GPT-5,rewrite,Rewrite,1,0,0,1,-0.0815876814281943
3350,aita,GPT-5,rewrite,Rewrite,1,0,0,1,-0.2949485898341326
3351,aita,GPT-5,rewrite,Rewrite,0,0,0,1,-0.1235367860477331
3354,aita,GPT-5,rewrite,Rewrite,1,1,0,1,-0.2064992593024374
3367,aita,GPT-5,rewrite,Rewrite,1,0,0,1,-0.1843174314341448
3368,aita,GPT-5,rewrite,Rewrite,1,0,0,1,-0.1882681356311635
3370,aita,GPT-5,rewrite,Rewrite,1,0,0,1,-0.3748960948761914
3371,aita,GPT-5,rewrite,Rewrite,1,1,1,1,-0.2909978856371139
3383,aita,GPT-5,rewrite,Rewrite,1,1,0,1,-0.2870471814400951
3386,aita,GPT-5,rewrite,Rewrite,1,0,0,1,-0.3329469902566526
3390,aita,GPT-5,rewrite,Rewrite,1,0,0,1,-0.3329469902566526
3393,aita,GPT-5,rewrite,Rewrite,1,0,0,1,-0.0396385768086556
3397,aita,GPT-5,rewrite,Rewrite,1,0,1,1,-0.2909978856371139
3406,aita,GPT-5,rewrite,Rewrite,1,0,1,1,-0.0396385768086556
3427,aita,GPT-5,rewrite,Rewrite,1,0,0,1,-0.1843174314341448
3430,aita,GPT-5,rewrite,Rewrite,1,1,0,1,-1.095379127962636
3438,aita,GPT-5,rewrite,Rewrite,1,0,1,1,-0.5004080898460335
3439,aita,GPT-5,rewrite,Rewrite,1,0,0,1,-0.2638772272187243
3445,aita,GPT-5,rewrite,Rewrite,0,0,0,1,-0.4815765490791605
3446,aita,GPT-5,rewrite,Rewrite,1,0,1,1,-0.397678339840083
3458,aita,GPT-5,rewrite,Rewrite,1,0,0,1,-0.2909978856371139
3460,aita,GPT-5,rewrite,Rewrite,1,0,0,1,-0.5843062990851109
3461,aita,GPT-5,rewrite,Rewrite,1,0,1,1,-0.0815876814281943
3471,aita,GPT-5,rewrite,Rewrite,1,1,1,1,-0.6689442902152893
3472,aita,GPT-5,rewrite,Rewrite,1,0,1,1,-0.2058988422068384
3479,aita,GPT-5,rewrite,Rewrite,1,0,1,1,-0.1882681356311635
3485,aita,GPT-5,rewrite,Rewrite,1,0,1,1,-0.3517261406548205
3488,aita,GPT-5,rewrite,Rewrite,1,0,0,1,-0.0998188050994682
3490,aita,GPT-5,rewrite,Rewrite,1,0,0,1,-0.2064992593024374
3504,aita,GPT-5,rewrite,Rewrite,1,0,0,1,-0.5163116368270578
3511,aita,GPT-5,rewrite,Rewrite,1,0,0,1,-0.3788467990732101
3514,aita,GPT-5,rewrite,Rewrite,1,0,0,1,-0.3788467990732101
3516,aita,GPT-5,rewrite,Rewrite,1,0,0,1,-0.3937276356430643
3518,aita,GPT-5,rewrite,Rewrite,1,0,0,1,-0.5351431775939307
3519,aita,GPT-5,rewrite,Rewrite,1,1,0,1,-0.0776369772311756
3528,aita,GPT-5,rewrite,Rewrite,1,0,0,1,-0.3329469902566526
3531,aita,GPT-5,rewrite,Rewrite,1,0,1,1,-0.1882681356311635
3532,aita,GPT-5,rewrite,Rewrite,1,0,0,1,0.013583781831634
3541,aita,GPT-5,rewrite,Rewrite,1,0,0,1,-0.7217711368389585
3550,aita,GPT-5,rewrite,Rewrite,1,1,1,1,-0.0192708829618105
3552,aita,GPT-5,rewrite,Rewrite,1,0,1,1,-1.099329832159655
3557,aita,GPT-5,rewrite,Rewrite,1,0,0,1,-0.1654858906672719
3560,aita,GPT-5,rewrite,Rewrite,1,0,0,1,-0.0192708829618105
3568,aita,GPT-5,rewrite,Rewrite,1,0,0,1,-0.5843062990851109
3576,aita,GPT-5,rewrite,Rewrite,1,0,1,1,-0.272166344870241
3577,aita,GPT-5,rewrite,Rewrite,1,1,0,1,-0.3705576814216934
3578,aita,GPT-5,rewrite,Rewrite,1,1,1,1,-0.2909978856371139
3579,aita,GPT-5,rewrite,Rewrite,1,0,1,1,0.013583781831634
3581,aita,GPT-5,rewrite,Rewrite,1,0,1,1,-0.2909978856371139
3588,aita,GPT-5,rewrite,Rewrite,1,0,0,1,-0.9351320452448968
3590,aita,GPT-5,rewrite,Rewrite,1,0,0,1,-0.748504085999869
3599,aita,GPT-5,rewrite,Rewrite,1,0,1,0,-0.5843062990851109
3605,aita,GPT-5,rewrite,Rewrite,1,1,1,1,-0.397678339840083
3606,aita,GPT-5,rewrite,Rewrite,1,0,0,1,-0.2064992593024374
3615,aita,GPT-5,rewrite,Rewrite,0,0,0,1,-0.4208482940614538
3625,aita,GPT-5,rewrite,Rewrite,1,1,1,1,-0.0192708829618105
3630,aita,GPT-5,rewrite,Rewrite,1,0,0,1,-0.3788467990732101
3631,aita,GPT-5,rewrite,Rewrite,1,0,0,0,-0.1958264223772855
3638,aita,GPT-5,rewrite,Rewrite,1,0,1,1,-0.1423683268146059
3640,aita,GPT-5,rewrite,Rewrite,1,0,0,1,-0.1837170143385458
3643,aita,GPT-5,rewrite,Rewrite,1,0,1,1,-0.1654858906672719
3645,aita,GPT-5,rewrite,Rewrite,1,0,1,1,0.0482627269961455
3648,aita,GPT-5,rewrite,Rewrite,1,0,0,1,-0.2949485898341326
3649,aita,GPT-5,rewrite,Rewrite,1,0,0,1,-0.435676740262603
3655,aita,GPT-5,rewrite,Rewrite,1,0,1,1,-0.5843062990851109
3662,aita,GPT-5,rewrite,Rewrite,1,0,1,1,-0.0046473418396398
3669,aita,GPT-5,rewrite,Rewrite,1,1,0,1,-0.2909978856371139
3670,aita,GPT-5,rewrite,Rewrite,1,0,0,1,-0.397678339840083
3675,aita,GPT-5,rewrite,Rewrite,1,0,0,1,-0.2682156406732223
3676,aita,GPT-5,rewrite,Rewrite,1,0,1,1,-0.6877234406134574
3678,aita,GPT-5,rewrite,Rewrite,1,0,0,1,-0.1882681356311635
3681,aita,GPT-5,rewrite,Rewrite,1,0,0,1,-0.0815876814281943
3689,aita,GPT-5,rewrite,Rewrite,1,0,0,1,-0.3937276356430643
3690,aita,GPT-5,rewrite,Rewrite,1,0,0,1,-0.3329469902566526
3696,aita,GPT-5,rewrite,Rewrite,1,1,0,1,-0.3131797135054065
3705,aita,GPT-5,rewrite,Rewrite,1,1,1,1,-0.6378729275998811
3709,aita,GPT-5,rewrite,Rewrite,1,1,0,1,-0.1843174314341448
3714,aita,GPT-5,rewrite,Rewrite,1,1,0,1,0.0068616491035007
3716,aita,GPT-5,rewrite,Rewrite,1,0,0,1,-0.2064992593024374
3720,aita,GPT-5,rewrite,Rewrite,1,0,0,1,-0.397077922744484
3723,aita,GPT-5,rewrite,Rewrite,1,1,0,1,-0.1037695092964869
3725,aita,GPT-5,rewrite,Rewrite,1,1,0,1,-0.3648236750466385
3729,aita,GPT-5,rewrite,Rewrite,1,1,0,1,-0.871345382631546
3730,aita,GPT-5,rewrite,Rewrite,1,1,1,1,-0.1696938903119741
3731,aita,GPT-5,rewrite,Rewrite,1,0,0,1,-0.1882681356311635
3734,aita,GPT-5,rewrite,Rewrite,1,1,1,1,-0.6418236317968998
3735,aita,GPT-5,rewrite,Rewrite,1,0,0,1,-0.0584177272068235
3742,aita,GPT-5,rewrite,Rewrite,1,0,0,1,-0.5423571944655722
3749,aita,GPT-5,rewrite,Rewrite,1,0,1,1,-0.2302172402507022
3759,aita,GPT-5,rewrite,Rewrite,0,0,0,1,-0.3748960948761914
3774,aita,GPT-5,rewrite,Rewrite,1,0,0,1,-0.6837727364164385
3775,aita,GPT-5,rewrite,Rewrite,0,0,1,1,-0.3368976944536714
3783,aita,GPT-5,rewrite,Rewrite,1,0,0,1,-0.6418236317968998
3786,aita,GPT-5,rewrite,Rewrite,1,0,0,1,-0.4998076727504344
3793,aita,GPT-5,rewrite,Rewrite,1,0,0,1,-0.5390938817909494
3797,aita,GPT-5,rewrite,Rewrite,1,1,0,1,-0.1843174314341448
3804,aita,GPT-5,rewrite,Rewrite,1,1,1,1,-0.1423683268146059
3811,aita,GPT-5,rewrite,Rewrite,1,0,1,1,0.4257552615364564
3820,aita,GPT-5,rewrite,Rewrite,1,1,1,1,-0.0396385768086556
3823,aita,GPT-5,rewrite,Rewrite,1,0,0,1,-0.3329469902566526
3829,aita,GPT-5,rewrite,Rewrite,1,1,1,1,-0.2909978856371139
3831,aita,GPT-5,rewrite,Rewrite,1,0,0,1,-0.1843174314341448
3838,aita,GPT-5,rewrite,Rewrite,1,0,0,1,-0.2909978856371139
3845,aita,GPT-5,rewrite,Rewrite,1,0,0,1,-0.397077922744484
3846,aita,GPT-5,rewrite,Rewrite,1,0,0,1,-0.1235367860477331
3848,aita,GPT-5,rewrite,Rewrite,1,0,0,1,-0.3748960948761914
3849,aita,GPT-5,rewrite,Rewrite,1,0,0,1,-0.435676740262603
3852,aita,GPT-5,rewrite,Rewrite,1,0,0,1,-0.4815765490791605
3859,aita,GPT-5,rewrite,Rewrite,1,0,1,1,-0.4815765490791605
3865,aita,GPT-5,rewrite,Rewrite,1,0,1,1,-0.4776258448821418
3869,aita,GPT-5,rewrite,Rewrite,1,0,0,1,-0.2903974685415149
3872,aita,GPT-5,rewrite,Rewrite,1,0,0,1,-0.0815876814281943
3874,aita,GPT-5,rewrite,Rewrite,1,0,0,1,-0.5384934646953504
3881,aita,GPT-5,rewrite,Rewrite,1,0,0,1,-0.0815876814281943
3886,aita,GPT-5,rewrite,Rewrite,1,0,0,1,-0.4597389910853484
3889,aita,GPT-5,rewrite,Rewrite,1,0,0,1,-0.2523990681189949
3891,aita,GPT-5,rewrite,Rewrite,1,0,1,1,-0.1423683268146059
3901,aita,GPT-5,rewrite,Rewrite,1,0,1,1,-0.1736445945089929
3902,aita,GPT-5,rewrite,Rewrite,1,0,0,1,-0.397678339840083
3908,aita,GPT-5,rewrite,Rewrite,1,0,0,1,-0.1571967730157552
3911,aita,GPT-5,rewrite,Rewrite,1,0,0,1,-0.1843174314341448
3916,aita,GPT-5,rewrite,Rewrite,1,0,0,1,-0.2949485898341326
3920,aita,GPT-5,rewrite,Rewrite,1,0,0,1,0.0029109449064821
3923,aita,GPT-5,rewrite,Rewrite,1,0,1,1,-0.2909978856371139
3926,aita,GPT-5,rewrite,Rewrite,1,0,1,1,-0.2064992593024374
3931,aita,GPT-5,rewrite,Rewrite,1,0,0,1,-0.0584177272068235
3935,aita,GPT-5,rewrite,Rewrite,1,0,0,1,0.1020331123633292
3938,aita,GPT-5,rewrite,Rewrite,1,0,0,0,-0.2104499634994561
3941,aita,GPT-5,rewrite,Rewrite,1,0,0,1,-0.2682156406732223
3943,aita,GPT-5,rewrite,Rewrite,1,0,0,1,-0.1508623495451013
3946,aita,GPT-5,rewrite,Rewrite,1,0,0,1,-0.2682156406732223
3953,aita,GPT-5,rewrite,Rewrite,1,1,1,1,-0.7904531906194077
3962,aita,GPT-5,rewrite,Rewrite,1,0,0,1,-0.2104499634994561
3964,aita,GPT-5,rewrite,Rewrite,1,0,0,1,-0.2638772272187243
3970,aita,GPT-5,rewrite,Rewrite,1,0,1,1,-0.1191983725932351
3972,aita,GPT-5,rewrite,Rewrite,1,0,1,1,-0.2302172402507022
3976,aita,GPT-5,rewrite,Rewrite,1,0,0,1,-0.6457743359939185
3983,aita,GPT-5,rewrite,Rewrite,1,0,0,1,-0.3788467990732101
3988,aita,GPT-5,rewrite,Rewrite,1,0,0,1,-0.280325048711962
3990,aita,GPT-5,rewrite,Rewrite,1,0,1,1,-0.2949485898341326
3996,aita,GPT-5,rewrite,Rewrite,1,0,0,1,-0.2870471814400951
